datetime,h,Q_rated
6/1/2015 0:00,26.79,439000
6/1/2015 1:00,26.78,439000
6/1/2015 2:00,26.75,438000
6/1/2015 3:00,26.78,439000
6/1/2015 4:00,26.76,439000
6/1/2015 5:00,26.77,439000
6/1/2015 6:00,26.71,438000
6/1/2015 7:00,26.64,436000
6/1/2015 8:00,26.58,435000
6/1/2015 9:00,26.66,437000
6/1/2015 10:00,26.49,434000
6/1/2015 11:00,26.56,435000
6/1/2015 12:00,26.55,435000
6/1/2015 13:00,26.49,434000
6/1/2015 14:00,26.47,433000
6/1/2015 15:00,26.45,433000
6/1/2015 16:00,26.33,431000
6/1/2015 17:00,26.26,429000
6/1/2015 18:00,26.17,428000
6/1/2015 19:00,26.19,428000
6/1/2015 20:00,26.02,425000
6/1/2015 21:00,25.85,422000
6/1/2015 22:00,25.92,423000
6/1/2015 23:00,25.95,424000
6/2/2015 0:00,25.83,422000
6/2/2015 1:00,25.87,422000
6/2/2015 2:00,25.83,422000
6/2/2015 3:00,25.75,420000
6/2/2015 4:00,25.71,420000
6/2/2015 5:00,25.57,417000
6/2/2015 6:00,25.51,416000
6/2/2015 7:00,25.48,416000
6/2/2015 8:00,25.34,413000
6/2/2015 9:00,25.34,413000
6/2/2015 10:00,25.31,412000
6/2/2015 11:00,25.28,412000
6/2/2015 12:00,25.21,411000
6/2/2015 13:00,25.19,410000
6/2/2015 14:00,25.08,408000
6/2/2015 15:00,25.02,407000
6/2/2015 16:00,24.95,406000
6/2/2015 17:00,24.93,406000
6/2/2015 19:00,24.66,401000
6/2/2015 20:00,24.75,403000
6/2/2015 21:00,24.72,402000
6/2/2015 22:00,24.64,401000
6/2/2015 23:00,24.63,400000
6/3/2015 0:00,24.62,400000
6/3/2015 1:00,24.49,398000
6/3/2015 2:00,24.47,398000
6/3/2015 3:00,24.48,398000
6/3/2015 4:00,24.4,397000
6/3/2015 5:00,24.34,395000
6/3/2015 6:00,24.26,394000
6/3/2015 7:00,24.27,394000
6/3/2015 8:00,24.23,394000
6/3/2015 9:00,24.11,391000
6/3/2015 10:00,24.05,390000
6/3/2015 11:00,24.01,390000
6/3/2015 12:00,23.93,388000
6/3/2015 13:00,23.86,387000
6/3/2015 14:00,23.87,387000
6/3/2015 15:00,23.71,385000
6/3/2015 16:00,23.73,385000
6/3/2015 17:00,23.64,383000
6/3/2015 18:00,23.57,382000
6/3/2015 19:00,23.56,382000
6/3/2015 20:00,23.43,380000
6/3/2015 21:00,23.41,379000
6/3/2015 22:00,23.45,380000
6/3/2015 23:00,23.32,378000
6/4/2015 0:00,23.33,378000
6/4/2015 1:00,23.25,377000
6/4/2015 2:00,23.25,377000
6/4/2015 3:00,23.25,377000
6/4/2015 4:00,23.19,376000
6/4/2015 5:00,23.17,375000
6/4/2015 6:00,23.11,374000
6/4/2015 7:00,23.14,375000
6/4/2015 8:00,23.1,374000
6/4/2015 9:00,23.04,373000
6/4/2015 10:00,23.07,374000
6/4/2015 11:00,23.02,373000
6/4/2015 12:00,22.9,371000
6/4/2015 13:00,22.86,370000
6/4/2015 14:00,22.89,371000
6/4/2015 15:00,22.94,371000
6/4/2015 16:00,22.88,371000
6/4/2015 17:00,22.74,368000
6/4/2015 18:00,22.8,369000
6/4/2015 19:00,22.75,368000
6/4/2015 20:00,22.74,368000
6/4/2015 21:00,22.69,367000
6/4/2015 22:00,22.71,368000
6/4/2015 23:00,22.68,367000
6/5/2015 0:00,22.67,367000
6/5/2015 1:00,22.68,367000
6/5/2015 2:00,22.61,366000
6/5/2015 3:00,22.55,365000
6/5/2015 4:00,22.54,365000
6/5/2015 5:00,22.51,364000
6/5/2015 6:00,22.52,365000
6/5/2015 7:00,22.51,364000
6/5/2015 8:00,22.58,366000
6/5/2015 9:00,22.57,365000
6/5/2015 10:00,22.69,367000
6/5/2015 11:00,22.68,367000
6/5/2015 12:00,22.68,367000
6/5/2015 13:00,22.68,367000
6/5/2015 14:00,22.65,367000
6/5/2015 15:00,22.66,367000
6/5/2015 16:00,22.69,367000
6/5/2015 17:00,22.83,370000
6/5/2015 18:00,22.75,368000
6/5/2015 19:00,22.66,367000
6/5/2015 20:00,22.71,368000
6/5/2015 21:00,22.81,369000
6/5/2015 22:00,22.72,368000
6/5/2015 23:00,22.74,368000
6/6/2015 0:00,22.82,370000
6/6/2015 1:00,22.86,370000
6/6/2015 2:00,22.84,370000
6/6/2015 3:00,22.86,370000
6/6/2015 4:00,22.94,371000
6/6/2015 5:00,22.98,372000
6/6/2015 6:00,23.06,374000
6/6/2015 7:00,23.1,374000
6/6/2015 8:00,23.23,376000
6/6/2015 9:00,23.26,377000
6/6/2015 10:00,23.37,379000
6/6/2015 11:00,23.42,380000
6/6/2015 12:00,23.57,382000
6/6/2015 13:00,23.66,384000
6/6/2015 14:00,23.71,385000
6/6/2015 15:00,23.78,386000
6/6/2015 16:00,23.81,386000
6/6/2015 17:00,23.9,388000
6/6/2015 18:00,23.72,385000
6/6/2015 19:00,23.77,386000
6/6/2015 20:00,24.04,390000
6/6/2015 21:00,24.34,395000
6/6/2015 22:00,24.43,397000
6/6/2015 23:00,24.61,400000
6/7/2015 0:00,24.69,402000
6/7/2015 1:00,24.72,402000
6/7/2015 2:00,24.84,404000
6/7/2015 3:00,25.09,409000
6/7/2015 4:00,25.23,411000
6/7/2015 5:00,25.22,411000
6/7/2015 6:00,25.34,413000
6/7/2015 7:00,25.42,414000
6/7/2015 8:00,25.37,414000
6/7/2015 9:00,25.56,417000
6/7/2015 10:00,25.49,416000
6/7/2015 11:00,25.69,419000
6/7/2015 12:00,25.77,421000
6/7/2015 13:00,25.82,422000
6/7/2015 14:00,25.79,421000
6/7/2015 15:00,25.94,424000
6/7/2015 16:00,26.02,425000
6/7/2015 17:00,26.12,427000
6/7/2015 18:00,26.24,429000
6/7/2015 19:00,26.08,426000
6/7/2015 20:00,26.2,429000
6/7/2015 21:00,26.18,428000
6/7/2015 22:00,26.29,430000
6/7/2015 23:00,26.17,428000
6/8/2015 0:00,26.36,431000
6/8/2015 1:00,26.43,433000
6/8/2015 2:00,26.57,435000
6/8/2015 3:00,26.51,434000
6/8/2015 4:00,26.63,436000
6/8/2015 5:00,26.87,441000
6/8/2015 6:00,26.91,441000
6/8/2015 7:00,27.07,444000
6/8/2015 8:00,27.04,444000
6/8/2015 9:00,27.15,446000
6/8/2015 10:00,27.21,447000
6/8/2015 11:00,27.34,449000
6/8/2015 12:00,27.44,451000
6/8/2015 13:00,27.49,452000
6/8/2015 14:00,27.49,452000
6/8/2015 15:00,27.58,454000
6/8/2015 16:00,27.7,456000
6/8/2015 18:00,27.73,457000
6/8/2015 19:00,27.82,458000
6/8/2015 20:00,27.83,459000
6/8/2015 21:00,27.88,459000
6/8/2015 22:00,27.95,461000
6/8/2015 23:00,28.08,463000
6/9/2015 0:00,28.13,464000
6/9/2015 1:00,28.19,465000
6/9/2015 2:00,28.33,468000
6/9/2015 3:00,28.37,469000
6/9/2015 4:00,28.46,471000
6/9/2015 6:00,28.62,474000
6/9/2015 7:00,28.68,475000
6/9/2015 8:00,28.81,477000
6/9/2015 9:00,28.81,477000
6/9/2015 10:00,28.9,479000
6/9/2015 11:00,28.97,480000
6/9/2015 12:00,28.99,481000
6/9/2015 13:00,29.05,482000
6/9/2015 14:00,29.05,482000
6/9/2015 15:00,29.17,484000
6/9/2015 16:00,29.25,486000
6/9/2015 17:00,29.28,486000
6/9/2015 18:00,29.3,487000
6/9/2015 21:00,29.52,491000
6/9/2015 22:00,29.54,491000
6/9/2015 23:00,29.56,492000
6/10/2015 0:00,29.66,494000
6/10/2015 1:00,29.61,493000
6/10/2015 3:00,29.76,496000
6/10/2015 4:00,29.88,498000
6/10/2015 5:00,29.92,499000
6/10/2015 6:00,29.95,500000
6/10/2015 7:00,29.92,499000
6/10/2015 8:00,30,501000
6/10/2015 9:00,30.03,501000
6/10/2015 10:00,30.07,502000
6/10/2015 11:00,30.07,502000
6/10/2015 12:00,30.08,502000
6/10/2015 13:00,30.07,502000
6/10/2015 14:00,30.13,503000
6/10/2015 15:00,30.13,503000
6/10/2015 16:00,30.06,502000
6/10/2015 17:00,30.03,501000
6/10/2015 18:00,30.09,502000
6/10/2015 19:00,30.12,503000
6/10/2015 20:00,29.99,500000
6/10/2015 21:00,30.07,502000
6/10/2015 22:00,30.05,501000
6/10/2015 23:00,29.97,500000
6/11/2015 0:00,29.98,500000
6/11/2015 1:00,29.99,500000
6/11/2015 2:00,29.92,499000
6/11/2015 3:00,29.91,499000
6/11/2015 4:00,29.89,498000
6/11/2015 5:00,29.83,497000
6/11/2015 6:00,29.76,496000
6/11/2015 7:00,29.76,496000
6/11/2015 8:00,29.63,493000
6/11/2015 9:00,29.63,493000
6/11/2015 10:00,29.59,492000
6/11/2015 11:00,29.52,491000
6/11/2015 12:00,29.48,490000
6/11/2015 13:00,29.37,488000
6/11/2015 14:00,29.37,488000
6/11/2015 15:00,29.27,486000
6/11/2015 16:00,29.23,485000
6/11/2015 17:00,29.13,483000
6/11/2015 18:00,29.16,484000
6/11/2015 19:00,29.03,482000
6/11/2015 20:00,28.98,481000
6/11/2015 21:00,28.88,479000
6/11/2015 22:00,28.84,478000
6/11/2015 23:00,28.69,475000
6/12/2015 0:00,28.61,473000
6/12/2015 1:00,28.57,473000
6/12/2015 2:00,28.48,471000
6/12/2015 3:00,28.41,470000
6/12/2015 4:00,28.28,467000
6/12/2015 5:00,28.17,465000
6/12/2015 6:00,28.15,465000
6/12/2015 7:00,28.09,464000
6/12/2015 8:00,27.93,460000
6/12/2015 9:00,27.85,459000
6/12/2015 10:00,27.76,457000
6/12/2015 11:00,27.67,456000
6/12/2015 12:00,27.55,453000
6/12/2015 13:00,27.43,451000
6/12/2015 14:00,27.38,450000
6/12/2015 15:00,27.23,447000
6/12/2015 16:00,27.11,445000
6/12/2015 17:00,27.13,446000
6/12/2015 18:00,27,443000
6/12/2015 19:00,26.86,441000
6/12/2015 20:00,26.83,440000
6/12/2015 21:00,26.71,438000
6/12/2015 22:00,26.64,436000
6/12/2015 23:00,26.58,435000
6/13/2015 0:00,26.45,433000
6/13/2015 1:00,26.4,432000
6/13/2015 2:00,26.31,430000
6/13/2015 3:00,26.21,429000
6/13/2015 4:00,26.1,427000
6/13/2015 5:00,26.07,426000
6/13/2015 6:00,25.98,424000
6/13/2015 7:00,25.91,423000
6/13/2015 8:00,25.86,422000
6/13/2015 9:00,25.78,421000
6/13/2015 10:00,25.76,421000
6/13/2015 11:00,25.65,419000
6/13/2015 12:00,25.6,418000
6/13/2015 13:00,25.48,416000
6/13/2015 14:00,25.49,416000
6/13/2015 15:00,25.38,414000
6/13/2015 16:00,25.36,413000
6/13/2015 18:00,25.32,413000
6/13/2015 19:00,25.29,412000
6/13/2015 20:00,25.26,411000
6/13/2015 21:00,25.21,411000
6/13/2015 22:00,25.17,410000
6/13/2015 23:00,25.19,410000
6/14/2015 0:00,25.13,409000
6/14/2015 1:00,25.13,409000
6/14/2015 2:00,25.06,408000
6/14/2015 3:00,25.1,409000
6/14/2015 4:00,25.13,409000
6/14/2015 5:00,25.12,409000
6/14/2015 6:00,25.16,410000
6/14/2015 7:00,25.18,410000
6/14/2015 8:00,25.23,411000
6/14/2015 9:00,25.26,411000
6/14/2015 10:00,25.32,413000
6/14/2015 11:00,25.4,414000
6/14/2015 12:00,25.56,417000
6/14/2015 13:00,25.64,418000
6/14/2015 15:00,25.84,422000
6/14/2015 16:00,25.91,423000
6/14/2015 17:00,26.12,427000
6/14/2015 19:00,26.32,431000
6/14/2015 20:00,26.46,433000
6/14/2015 21:00,26.59,436000
6/14/2015 22:00,26.71,438000
6/14/2015 23:00,26.8,439000
6/15/2015 0:00,26.87,441000
6/15/2015 1:00,27.07,444000
6/15/2015 2:00,27.12,445000
6/15/2015 3:00,27.26,448000
6/15/2015 4:00,27.38,450000
6/15/2015 5:00,27.52,453000
6/15/2015 6:00,27.62,455000
6/15/2015 7:00,27.76,457000
6/15/2015 8:00,27.82,458000
6/15/2015 9:00,28,462000
6/15/2015 10:00,28.1,464000
6/15/2015 11:00,28.23,466000
6/15/2015 12:00,28.34,468000
6/15/2015 13:00,28.39,469000
6/15/2015 15:00,28.64,474000
6/15/2015 16:00,28.61,473000
6/15/2015 17:00,28.8,477000
6/15/2015 18:00,28.82,477000
6/15/2015 20:00,29,481000
6/15/2015 21:00,29.06,482000
6/15/2015 22:00,29.23,485000
6/15/2015 23:00,29.26,486000
6/16/2015 0:00,29.33,487000
6/16/2015 1:00,29.46,490000
6/16/2015 2:00,29.6,493000
6/16/2015 3:00,29.6,493000
6/16/2015 4:00,29.76,496000
6/16/2015 5:00,29.8,497000
6/16/2015 6:00,29.92,499000
6/16/2015 7:00,29.98,500000
6/16/2015 9:00,30.12,503000
6/16/2015 10:00,30.31,507000
6/16/2015 11:00,30.36,508000
6/16/2015 12:00,30.41,509000
6/16/2015 14:00,30.61,513000
6/16/2015 15:00,30.66,514000
6/16/2015 16:00,30.69,514000
6/16/2015 17:00,30.73,515000
6/16/2015 18:00,30.88,518000
6/16/2015 19:00,30.88,518000
6/16/2015 20:00,31.02,521000
6/16/2015 21:00,31.05,522000
6/16/2015 22:00,31.19,524000
6/16/2015 23:00,31.24,525000
6/17/2015 0:00,31.4,529000
6/17/2015 1:00,31.51,531000
6/17/2015 2:00,31.56,532000
6/17/2015 3:00,31.68,534000
6/17/2015 4:00,31.73,535000
6/17/2015 5:00,31.88,539000
6/17/2015 6:00,31.95,540000
6/17/2015 7:00,32.02,541000
6/17/2015 8:00,32.06,542000
6/17/2015 9:00,32.09,543000
6/17/2015 10:00,32.1,543000
6/17/2015 11:00,32.17,545000
6/17/2015 12:00,32.08,543000
6/17/2015 13:00,32.22,545000
6/17/2015 14:00,32.31,547000
6/17/2015 15:00,32.45,550000
6/17/2015 16:00,32.4,549000
6/17/2015 17:00,32.48,551000
6/17/2015 18:00,32.6,554000
6/17/2015 19:00,32.66,555000
6/17/2015 20:00,32.64,554000
6/17/2015 21:00,32.64,554000
6/17/2015 22:00,32.78,557000
6/17/2015 23:00,32.88,559000
6/18/2015 0:00,32.9,560000
6/18/2015 1:00,32.93,560000
6/18/2015 2:00,32.9,560000
6/18/2015 3:00,33.03,562000
6/18/2015 4:00,32.94,561000
6/18/2015 5:00,32.93,560000
6/18/2015 6:00,33.15,565000
6/18/2015 7:00,33.32,569000
6/18/2015 8:00,33.28,568000
6/18/2015 9:00,33.24,567000
6/18/2015 10:00,33.33,569000
6/18/2015 11:00,33.29,568000
6/18/2015 13:00,33.53,573000
6/18/2015 14:00,33.57,574000
6/18/2015 17:00,33.79,579000
6/18/2015 18:00,33.86,580000
6/18/2015 20:00,33.89,581000
6/18/2015 21:00,33.96,582000
6/18/2015 22:00,34.04,584000
6/18/2015 23:00,34.09,585000
6/19/2015 0:00,34.18,587000
6/19/2015 1:00,34.21,588000
6/19/2015 3:00,34.34,591000
6/19/2015 4:00,34.39,592000
6/19/2015 5:00,34.52,595000
6/19/2015 7:00,34.69,598000
6/19/2015 8:00,34.77,600000
6/19/2015 9:00,34.88,602000
6/19/2015 10:00,35.01,605000
6/19/2015 11:00,35.14,609000
6/19/2015 12:00,35.34,614000
6/19/2015 13:00,35.47,618000
6/19/2015 14:00,35.46,617000
6/19/2015 15:00,35.55,620000
6/19/2015 16:00,35.61,621000
6/19/2015 17:00,35.66,623000
6/19/2015 18:00,35.76,625000
6/19/2015 19:00,35.74,625000
6/19/2015 20:00,35.89,629000
6/19/2015 21:00,35.88,629000
6/19/2015 22:00,35.86,628000
6/19/2015 23:00,36.1,634000
6/20/2015 0:00,36.14,636000
6/20/2015 1:00,36.1,634000
6/20/2015 2:00,36.21,638000
6/20/2015 4:00,36.28,640000
6/20/2015 5:00,36.24,638000
6/20/2015 8:00,36.3,640000
6/20/2015 10:00,36.33,641000
6/20/2015 11:00,36.42,643000
6/20/2015 13:00,36.38,642000
6/20/2015 14:00,36.48,645000
6/20/2015 15:00,36.48,645000
6/20/2015 16:00,36.62,649000
6/20/2015 17:00,36.58,648000
6/20/2015 18:00,36.64,649000
6/20/2015 19:00,36.58,648000
6/20/2015 20:00,36.63,649000
6/20/2015 21:00,36.66,650000
6/20/2015 22:00,36.63,649000
6/20/2015 23:00,36.58,648000
6/21/2015 0:00,36.58,648000
6/21/2015 1:00,36.84,655000
6/21/2015 2:00,36.78,653000
6/21/2015 3:00,36.8,654000
6/21/2015 5:00,36.81,654000
6/21/2015 6:00,36.87,656000
6/21/2015 7:00,36.78,653000
6/21/2015 8:00,36.73,652000
6/21/2015 9:00,36.67,650000
6/21/2015 10:00,36.68,650000
6/21/2015 11:00,36.94,658000
6/21/2015 12:00,36.87,656000
6/21/2015 13:00,36.91,657000
6/21/2015 14:00,36.79,653000
6/21/2015 15:00,36.85,655000
6/21/2015 16:00,36.82,654000
6/21/2015 17:00,36.85,655000
6/21/2015 18:00,36.7,651000
6/21/2015 19:00,36.66,650000
6/21/2015 20:00,36.72,651000
6/21/2015 21:00,36.76,653000
6/21/2015 22:00,36.69,651000
6/21/2015 23:00,36.67,650000
6/22/2015 0:00,36.6,648000
6/22/2015 1:00,36.6,648000
6/22/2015 2:00,36.71,651000
6/22/2015 3:00,36.64,649000
6/22/2015 5:00,36.47,645000
6/22/2015 7:00,36.54,647000
6/22/2015 8:00,36.53,646000
6/22/2015 9:00,36.45,644000
6/22/2015 10:00,36.45,644000
6/22/2015 11:00,36.5,646000
6/22/2015 12:00,36.41,643000
6/22/2015 13:00,36.4,643000
6/22/2015 14:00,36.35,641000
6/22/2015 15:00,36.39,643000
6/22/2015 16:00,36.39,643000
6/22/2015 17:00,36.37,642000
6/22/2015 18:00,36.33,641000
6/22/2015 19:00,36.26,639000
6/22/2015 20:00,36.39,643000
6/22/2015 21:00,36.25,639000
6/22/2015 22:00,36.23,638000
6/22/2015 23:00,36.37,642000
6/23/2015 0:00,36.35,641000
6/23/2015 1:00,36.26,639000
6/23/2015 2:00,36.37,642000
6/23/2015 3:00,36.37,642000
6/23/2015 4:00,36.4,643000
6/23/2015 5:00,36.41,643000
6/23/2015 6:00,36.4,643000
6/23/2015 10:00,36.6,648000
6/23/2015 11:00,36.55,647000
6/23/2015 12:00,36.48,645000
6/23/2015 13:00,36.56,647000
6/23/2015 14:00,36.5,646000
6/23/2015 15:00,36.58,648000
6/23/2015 16:00,36.54,647000
6/23/2015 17:00,36.67,650000
6/23/2015 18:00,36.58,648000
6/23/2015 19:00,36.57,647000
6/23/2015 20:00,36.64,649000
6/23/2015 21:00,36.61,648000
6/23/2015 22:00,36.6,648000
6/23/2015 23:00,36.66,650000
6/24/2015 0:00,36.65,650000
6/24/2015 2:00,36.64,649000
6/24/2015 3:00,36.65,650000
6/24/2015 4:00,36.61,648000
6/24/2015 5:00,36.65,650000
6/24/2015 6:00,36.67,650000
6/24/2015 7:00,36.73,652000
6/24/2015 8:00,36.66,650000
6/24/2015 9:00,36.6,648000
6/24/2015 10:00,36.7,651000
6/24/2015 11:00,36.6,648000
6/24/2015 13:00,36.61,648000
6/24/2015 15:00,36.58,648000
6/24/2015 17:00,36.51,646000
6/24/2015 18:00,36.51,646000
6/24/2015 19:00,36.4,643000
6/24/2015 20:00,36.52,646000
6/24/2015 21:00,36.43,644000
6/24/2015 22:00,36.41,643000
6/24/2015 23:00,36.37,642000
6/25/2015 0:00,36.31,640000
6/25/2015 3:00,36.24,638000
6/25/2015 4:00,36.34,641000
6/25/2015 5:00,36.27,639000
6/25/2015 7:00,36.23,638000
6/25/2015 9:00,36.18,637000
6/25/2015 10:00,36.21,638000
6/25/2015 11:00,36.18,637000
6/25/2015 12:00,36.14,636000
6/25/2015 13:00,36.14,636000
6/25/2015 14:00,36.08,634000
6/25/2015 15:00,36.02,633000
6/25/2015 16:00,36.09,634000
6/25/2015 17:00,35.94,630000
6/25/2015 18:00,35.96,631000
6/25/2015 19:00,35.92,630000
6/25/2015 20:00,36.02,633000
6/25/2015 21:00,35.99,632000
6/25/2015 22:00,35.91,629000
6/25/2015 23:00,36,632000
6/26/2015 0:00,36.08,634000
6/26/2015 1:00,36.11,635000
6/26/2015 2:00,36.02,633000
6/26/2015 3:00,36.07,634000
6/26/2015 4:00,36.01,632000
6/26/2015 5:00,35.99,632000
6/26/2015 6:00,36,632000
6/26/2015 7:00,36.04,633000
6/26/2015 8:00,36.12,635000
6/26/2015 9:00,36.18,637000
6/26/2015 10:00,36.16,636000
6/26/2015 11:00,36.11,635000
6/26/2015 12:00,36.04,633000
6/26/2015 13:00,36.08,634000
6/26/2015 14:00,36.01,632000
6/26/2015 15:00,36.07,634000
6/26/2015 16:00,36,632000
6/26/2015 17:00,36.02,633000
6/26/2015 18:00,35.96,631000
6/26/2015 19:00,35.94,630000
6/26/2015 20:00,35.94,630000
6/26/2015 21:00,35.91,629000
6/26/2015 22:00,35.89,629000
6/26/2015 23:00,35.88,629000
6/27/2015 0:00,35.87,628000
6/27/2015 1:00,35.81,627000
6/27/2015 2:00,35.85,628000
6/27/2015 3:00,35.79,626000
6/27/2015 4:00,35.83,627000
6/27/2015 5:00,35.89,629000
6/27/2015 6:00,35.84,628000
6/27/2015 8:00,35.86,628000
6/27/2015 9:00,35.83,627000
6/27/2015 10:00,35.91,629000
6/27/2015 12:00,36,632000
6/27/2015 13:00,36.05,633000
6/27/2015 14:00,36.05,633000
6/27/2015 15:00,36.1,634000
6/27/2015 16:00,36.12,635000
6/27/2015 17:00,36.12,635000
6/27/2015 18:00,36.28,640000
6/27/2015 19:00,36.29,640000
6/27/2015 21:00,36.34,641000
6/27/2015 23:00,36.32,641000
6/28/2015 0:00,36.36,642000
6/28/2015 1:00,36.4,643000
6/28/2015 4:00,36.52,646000
6/28/2015 5:00,36.5,646000
6/28/2015 6:00,36.63,649000
6/28/2015 7:00,36.67,650000
6/28/2015 8:00,36.69,651000
6/28/2015 9:00,36.7,651000
6/28/2015 10:00,36.82,654000
6/28/2015 12:00,36.72,651000
6/28/2015 13:00,36.74,652000
6/28/2015 14:00,36.92,657000
6/28/2015 15:00,36.83,655000
6/28/2015 16:00,36.88,656000
6/28/2015 17:00,36.95,658000
6/28/2015 18:00,37.01,660000
6/28/2015 19:00,37.17,664000
6/28/2015 21:00,37.11,662000
6/28/2015 22:00,37.26,667000
6/29/2015 0:00,37.23,666000
6/29/2015 1:00,37.25,666000
6/29/2015 2:00,37.39,670000
6/29/2015 5:00,37.56,675000
6/29/2015 6:00,37.51,673000
6/29/2015 7:00,37.46,672000
6/29/2015 8:00,37.48,673000
6/29/2015 9:00,37.49,673000
6/29/2015 11:00,37.53,674000
6/29/2015 12:00,37.5,673000
6/29/2015 15:00,37.75,680000
6/29/2015 16:00,37.65,678000
6/29/2015 17:00,37.59,676000
6/29/2015 18:00,37.51,673000
6/29/2015 20:00,37.56,675000
6/29/2015 21:00,37.66,678000
6/29/2015 22:00,37.84,683000
6/29/2015 23:00,37.82,682000
6/30/2015 0:00,37.72,680000
6/30/2015 2:00,37.73,680000
6/30/2015 3:00,37.74,680000
6/30/2015 6:00,38.01,688000
6/30/2015 7:00,37.94,686000
6/30/2015 9:00,37.94,686000
6/30/2015 14:00,38.39,698000
6/30/2015 15:00,38.3,696000
6/30/2015 16:00,38.29,696000
6/30/2015 17:00,38.37,698000
6/30/2015 18:00,38.39,698000
6/30/2015 19:00,38.32,697000
6/30/2015 20:00,38.45,700000
6/30/2015 21:00,38.37,698000
7/1/2015 0:00,38.41,699000
7/1/2015 1:00,38.42,700000
7/1/2015 3:00,38.41,699000
7/1/2015 4:00,38.34,697000
7/1/2015 5:00,38.28,695000
7/1/2015 6:00,38.31,696000
7/1/2015 7:00,38.34,697000
7/1/2015 8:00,38.11,691000
7/1/2015 9:00,38.34,697000
7/1/2015 10:00,38.16,692000
7/1/2015 11:00,38.21,693000
7/1/2015 12:00,38,687000
7/1/2015 13:00,38.01,688000
7/1/2015 14:00,37.94,686000
7/1/2015 15:00,37.97,687000
7/1/2015 16:00,37.94,686000
7/1/2015 17:00,37.9,685000
7/1/2015 18:00,37.84,683000
7/1/2015 19:00,37.77,681000
7/1/2015 20:00,37.78,681000
7/1/2015 21:00,37.79,682000
7/1/2015 22:00,37.83,683000
7/1/2015 23:00,37.71,679000
7/2/2015 0:00,37.74,680000
7/2/2015 1:00,37.61,677000
7/2/2015 2:00,37.58,675000
7/2/2015 3:00,37.59,676000
7/2/2015 4:00,37.59,676000
7/2/2015 5:00,37.53,674000
7/2/2015 6:00,37.56,675000
7/2/2015 7:00,37.52,674000
7/2/2015 8:00,37.52,674000
7/2/2015 9:00,37.46,672000
7/2/2015 10:00,37.46,672000
7/2/2015 11:00,37.44,672000
7/2/2015 12:00,37.41,671000
7/2/2015 13:00,37.37,670000
7/2/2015 14:00,37.42,671000
7/2/2015 15:00,37.35,669000
7/2/2015 16:00,37.37,670000
7/2/2015 17:00,37.33,668000
7/2/2015 18:00,37.36,669000
7/2/2015 19:00,37.31,668000
7/2/2015 20:00,37.32,668000
7/2/2015 21:00,37.25,666000
7/2/2015 22:00,37.32,668000
7/2/2015 23:00,37.23,666000
7/3/2015 0:00,37.25,666000
7/3/2015 1:00,37.22,665000
7/3/2015 2:00,37.24,666000
7/3/2015 3:00,37.25,666000
7/3/2015 4:00,37.22,665000
7/3/2015 5:00,37.22,665000
7/3/2015 6:00,37.22,665000
7/3/2015 7:00,37.21,665000
7/3/2015 8:00,37.2,665000
7/3/2015 9:00,37.23,666000
7/3/2015 10:00,37.21,665000
7/3/2015 11:00,37.15,663000
7/3/2015 12:00,37.2,665000
7/3/2015 13:00,37.13,663000
7/3/2015 14:00,37.18,664000
7/3/2015 15:00,37.17,664000
7/3/2015 16:00,37.12,663000
7/3/2015 17:00,37.16,664000
7/3/2015 18:00,37.14,663000
7/3/2015 19:00,37.09,662000
7/3/2015 20:00,37.12,663000
7/3/2015 21:00,37.1,662000
7/3/2015 22:00,37.07,661000
7/3/2015 23:00,37.06,661000
7/4/2015 0:00,37.09,662000
7/4/2015 1:00,36.99,659000
7/4/2015 2:00,37.03,660000
7/4/2015 3:00,37.04,660000
7/4/2015 4:00,37.01,660000
7/4/2015 5:00,37.03,660000
7/4/2015 6:00,36.97,658000
7/4/2015 7:00,36.97,658000
7/4/2015 8:00,36.94,658000
7/4/2015 9:00,36.93,657000
7/4/2015 10:00,36.95,658000
7/4/2015 11:00,36.94,658000
7/4/2015 12:00,36.87,656000
7/4/2015 13:00,36.86,655000
7/4/2015 14:00,36.8,654000
7/4/2015 15:00,36.8,654000
7/4/2015 16:00,36.78,653000
7/4/2015 17:00,36.76,653000
7/4/2015 18:00,36.72,651000
7/4/2015 19:00,36.69,651000
7/4/2015 20:00,36.65,650000
7/4/2015 21:00,36.6,648000
7/4/2015 22:00,36.58,648000
7/4/2015 23:00,36.55,647000
7/5/2015 0:00,36.53,646000
7/5/2015 1:00,36.46,645000
7/5/2015 2:00,36.49,645000
7/5/2015 3:00,36.44,644000
7/5/2015 4:00,36.41,643000
7/5/2015 5:00,36.37,642000
7/5/2015 6:00,36.33,641000
7/5/2015 7:00,36.27,639000
7/5/2015 8:00,36.32,641000
7/5/2015 9:00,36.21,638000
7/5/2015 10:00,36.22,638000
7/5/2015 11:00,36.18,637000
7/5/2015 12:00,36.17,636000
7/5/2015 13:00,36.14,636000
7/5/2015 14:00,36.09,634000
7/5/2015 15:00,36.03,633000
7/5/2015 16:00,35.93,630000
7/5/2015 17:00,35.94,630000
7/5/2015 18:00,35.91,629000
7/5/2015 19:00,35.84,628000
7/5/2015 20:00,35.72,624000
7/5/2015 21:00,35.7,624000
7/5/2015 22:00,35.68,623000
7/5/2015 23:00,35.64,622000
7/6/2015 0:00,35.57,620000
7/6/2015 1:00,35.46,617000
7/6/2015 2:00,35.47,618000
7/6/2015 3:00,35.42,616000
7/6/2015 4:00,35.35,614000
7/6/2015 5:00,35.32,614000
7/6/2015 6:00,35.21,611000
7/6/2015 7:00,35.14,609000
7/6/2015 8:00,35.08,607000
7/6/2015 9:00,35.04,606000
7/6/2015 10:00,34.96,604000
7/6/2015 11:00,34.91,603000
7/6/2015 12:00,34.85,602000
7/6/2015 13:00,34.78,600000
7/6/2015 14:00,34.8,601000
7/6/2015 15:00,34.69,598000
7/6/2015 16:00,34.62,597000
7/6/2015 17:00,34.56,595000
7/6/2015 18:00,34.48,594000
7/6/2015 19:00,34.41,592000
7/6/2015 20:00,34.37,591000
7/6/2015 21:00,34.26,589000
7/6/2015 22:00,34.18,587000
7/6/2015 23:00,34.12,586000
7/7/2015 0:00,33.98,583000
7/7/2015 1:00,33.91,581000
7/7/2015 2:00,33.88,581000
7/7/2015 3:00,33.77,578000
7/7/2015 4:00,33.7,577000
7/7/2015 5:00,33.63,575000
7/7/2015 6:00,33.57,574000
7/7/2015 7:00,33.49,572000
7/7/2015 8:00,33.37,570000
7/7/2015 9:00,33.35,569000
7/7/2015 10:00,33.22,567000
7/7/2015 11:00,33.21,566000
7/7/2015 12:00,33.14,565000
7/7/2015 13:00,33.02,562000
7/7/2015 14:00,32.98,562000
7/7/2015 15:00,32.9,560000
7/7/2015 16:00,32.82,558000
7/7/2015 17:00,32.72,556000
7/7/2015 18:00,32.65,554000
7/7/2015 19:00,32.59,553000
7/7/2015 20:00,32.51,552000
7/7/2015 21:00,32.42,550000
7/7/2015 22:00,32.34,548000
7/7/2015 23:00,32.3,547000
7/8/2015 0:00,32.21,545000
7/8/2015 1:00,32.14,544000
7/8/2015 2:00,32.05,542000
7/8/2015 3:00,31.99,541000
7/8/2015 4:00,31.9,539000
7/8/2015 5:00,31.88,539000
7/8/2015 6:00,31.78,537000
7/8/2015 7:00,31.73,535000
7/8/2015 8:00,31.66,534000
7/8/2015 9:00,31.58,532000
7/8/2015 10:00,31.57,532000
7/8/2015 11:00,31.58,532000
7/8/2015 12:00,31.58,532000
7/8/2015 13:00,31.56,532000
7/8/2015 14:00,31.48,530000
7/8/2015 15:00,31.44,529000
7/8/2015 16:00,31.41,529000
7/8/2015 17:00,31.32,527000
7/8/2015 18:00,31.33,527000
7/8/2015 19:00,31.32,527000
7/8/2015 20:00,31.28,526000
7/8/2015 21:00,31.29,526000
7/8/2015 22:00,31.3,527000
7/8/2015 23:00,31.29,526000
7/9/2015 0:00,31.31,527000
7/9/2015 1:00,31.39,528000
7/9/2015 2:00,31.4,529000
7/9/2015 3:00,31.43,529000
7/9/2015 4:00,31.47,530000
7/9/2015 5:00,31.54,531000
7/9/2015 6:00,31.57,532000
7/9/2015 7:00,31.63,533000
7/9/2015 8:00,31.67,534000
7/9/2015 9:00,31.74,536000
7/9/2015 10:00,31.83,537000
7/9/2015 11:00,31.89,539000
7/9/2015 12:00,31.95,540000
7/9/2015 13:00,32.03,542000
7/9/2015 14:00,32.09,543000
7/9/2015 15:00,32.2,545000
7/9/2015 16:00,32.26,546000
7/9/2015 17:00,32.36,548000
7/9/2015 18:00,32.49,551000
7/9/2015 19:00,32.56,553000
7/9/2015 20:00,32.66,555000
7/9/2015 21:00,32.75,557000
7/9/2015 22:00,32.8,558000
7/9/2015 23:00,32.92,560000
7/10/2015 0:00,33,562000
7/10/2015 1:00,33.06,563000
7/10/2015 2:00,33.2,566000
7/10/2015 3:00,33.26,567000
7/10/2015 4:00,33.4,570000
7/10/2015 5:00,33.53,573000
7/10/2015 6:00,33.69,577000
7/10/2015 7:00,33.81,579000
7/10/2015 8:00,33.87,580000
7/10/2015 9:00,33.93,582000
7/10/2015 10:00,34.03,584000
7/10/2015 11:00,34.17,587000
7/10/2015 12:00,34.16,587000
7/10/2015 13:00,34.32,590000
7/10/2015 14:00,34.34,591000
7/10/2015 15:00,34.49,594000
7/10/2015 16:00,34.57,596000
7/10/2015 17:00,34.62,597000
7/10/2015 18:00,34.71,599000
7/10/2015 19:00,34.75,600000
7/10/2015 20:00,34.84,602000
7/10/2015 21:00,34.88,602000
7/10/2015 22:00,34.98,605000
7/10/2015 23:00,35.03,606000
7/11/2015 0:00,35.04,606000
7/11/2015 1:00,35.13,608000
7/11/2015 2:00,35.21,611000
7/11/2015 3:00,35.2,610000
7/11/2015 4:00,35.26,612000
7/11/2015 5:00,35.3,613000
7/11/2015 6:00,35.32,614000
7/11/2015 7:00,35.36,615000
7/11/2015 8:00,35.39,615000
7/11/2015 9:00,35.42,616000
7/11/2015 10:00,35.4,616000
7/11/2015 11:00,35.48,618000
7/11/2015 12:00,35.44,617000
7/11/2015 13:00,35.47,618000
7/11/2015 14:00,35.5,618000
7/11/2015 15:00,35.5,618000
7/11/2015 16:00,35.47,618000
7/11/2015 17:00,35.51,619000
7/11/2015 18:00,35.55,620000
7/11/2015 19:00,35.45,617000
7/11/2015 20:00,35.48,618000
7/11/2015 21:00,35.42,616000
7/11/2015 22:00,35.41,616000
7/11/2015 23:00,35.36,615000
7/12/2015 0:00,35.4,616000
7/12/2015 1:00,35.27,612000
7/12/2015 2:00,35.19,610000
7/12/2015 3:00,35.25,612000
7/12/2015 4:00,35.16,609000
7/12/2015 5:00,35.17,610000
7/12/2015 6:00,35.12,608000
7/12/2015 7:00,35.09,607000
7/12/2015 8:00,34.96,604000
7/12/2015 9:00,34.98,605000
7/12/2015 10:00,34.92,603000
7/12/2015 11:00,34.89,603000
7/12/2015 12:00,34.82,601000
7/12/2015 13:00,34.74,599000
7/12/2015 14:00,34.74,599000
7/12/2015 15:00,34.7,598000
7/12/2015 16:00,34.6,596000
7/12/2015 17:00,34.53,595000
7/12/2015 18:00,34.52,595000
7/12/2015 19:00,34.45,593000
7/12/2015 20:00,34.41,592000
7/12/2015 21:00,34.35,591000
7/12/2015 22:00,34.3,590000
7/12/2015 23:00,34.22,588000
7/13/2015 0:00,34.22,588000
7/13/2015 1:00,34.19,587000
7/13/2015 2:00,34.14,586000
7/13/2015 3:00,34.1,586000
7/13/2015 4:00,34.05,584000
7/13/2015 5:00,34.01,583000
7/13/2015 6:00,33.96,582000
7/13/2015 7:00,33.92,582000
7/13/2015 8:00,33.87,580000
7/13/2015 9:00,33.89,581000
7/13/2015 10:00,33.76,578000
7/13/2015 11:00,33.78,579000
7/13/2015 12:00,33.79,579000
7/13/2015 13:00,33.74,578000
7/13/2015 14:00,33.79,579000
7/13/2015 15:00,33.76,578000
7/13/2015 16:00,33.73,577000
7/13/2015 17:00,33.76,578000
7/13/2015 18:00,33.69,577000
7/13/2015 19:00,33.69,577000
7/13/2015 20:00,33.68,576000
7/13/2015 21:00,33.69,577000
7/13/2015 22:00,33.68,576000
7/13/2015 23:00,33.65,576000
7/14/2015 0:00,33.63,575000
7/14/2015 1:00,33.72,577000
7/14/2015 2:00,33.68,576000
7/14/2015 3:00,33.63,575000
7/14/2015 4:00,33.66,576000
7/14/2015 5:00,33.71,577000
7/14/2015 6:00,33.68,576000
7/14/2015 7:00,33.65,576000
7/14/2015 8:00,33.69,577000
7/14/2015 9:00,33.62,575000
7/14/2015 10:00,33.64,576000
7/14/2015 11:00,33.58,574000
7/14/2015 12:00,33.72,577000
7/14/2015 13:00,33.77,578000
7/14/2015 14:00,33.69,577000
7/14/2015 15:00,33.84,580000
7/14/2015 16:00,33.76,578000
7/14/2015 17:00,33.9,581000
7/14/2015 18:00,33.77,578000
7/14/2015 19:00,33.73,577000
7/14/2015 20:00,33.81,579000
7/14/2015 21:00,33.84,580000
7/14/2015 22:00,33.87,580000
7/14/2015 23:00,33.75,578000
7/15/2015 0:00,33.85,580000
7/15/2015 1:00,33.84,580000
7/15/2015 2:00,33.81,579000
7/15/2015 3:00,33.88,581000
7/15/2015 4:00,33.9,581000
7/15/2015 5:00,33.84,580000
7/15/2015 6:00,33.8,579000
7/15/2015 7:00,33.84,580000
7/15/2015 8:00,33.8,579000
7/15/2015 9:00,33.83,580000
7/15/2015 10:00,33.91,581000
7/15/2015 11:00,33.96,582000
7/15/2015 12:00,33.84,580000
7/15/2015 13:00,33.91,581000
7/15/2015 14:00,33.83,580000
7/15/2015 15:00,33.81,579000
7/15/2015 16:00,33.87,580000
7/15/2015 17:00,33.79,579000
7/15/2015 18:00,33.81,579000
7/15/2015 19:00,33.86,580000
7/15/2015 20:00,33.73,577000
7/15/2015 21:00,33.74,578000
7/15/2015 22:00,33.66,576000
7/15/2015 23:00,33.64,576000
7/16/2015 0:00,33.76,578000
7/16/2015 1:00,33.68,576000
7/16/2015 2:00,33.74,578000
7/16/2015 3:00,33.65,576000
7/16/2015 4:00,33.63,575000
7/16/2015 5:00,33.56,574000
7/16/2015 6:00,33.55,574000
7/16/2015 7:00,33.52,573000
7/16/2015 8:00,33.47,572000
7/16/2015 9:00,33.46,572000
7/16/2015 10:00,33.38,570000
7/16/2015 11:00,33.3,568000
7/16/2015 12:00,33.23,567000
7/16/2015 13:00,33.18,566000
7/16/2015 14:00,33.15,565000
7/16/2015 15:00,33.13,565000
7/16/2015 16:00,33.11,564000
7/16/2015 17:00,33.08,564000
7/16/2015 18:00,32.97,561000
7/16/2015 19:00,32.93,560000
7/16/2015 20:00,32.87,559000
7/16/2015 21:00,32.8,558000
7/16/2015 22:00,32.69,555000
7/16/2015 23:00,32.67,555000
7/17/2015 0:00,32.61,554000
7/17/2015 1:00,32.45,550000
7/17/2015 2:00,32.42,550000
7/17/2015 3:00,32.28,547000
7/17/2015 4:00,32.28,547000
7/17/2015 5:00,32.16,544000
7/17/2015 6:00,32.11,543000
7/17/2015 7:00,31.94,540000
7/17/2015 8:00,31.98,541000
7/17/2015 9:00,31.75,536000
7/17/2015 10:00,31.75,536000
7/17/2015 11:00,31.65,534000
7/17/2015 12:00,31.61,533000
7/17/2015 13:00,31.53,531000
7/17/2015 14:00,31.44,529000
7/17/2015 15:00,31.34,527000
7/17/2015 16:00,31.22,525000
7/17/2015 17:00,31.11,523000
7/17/2015 18:00,30.97,520000
7/17/2015 19:00,30.95,520000
7/17/2015 20:00,30.85,517000
7/17/2015 21:00,30.74,515000
7/17/2015 22:00,30.72,515000
7/17/2015 23:00,30.59,512000
7/18/2015 0:00,30.52,511000
7/18/2015 1:00,30.41,509000
7/18/2015 2:00,30.35,507000
7/18/2015 3:00,30.25,506000
7/18/2015 4:00,30.19,504000
7/18/2015 5:00,30.04,501000
7/18/2015 6:00,30.02,501000
7/18/2015 7:00,29.95,500000
7/18/2015 8:00,29.89,498000
7/18/2015 9:00,29.78,496000
7/18/2015 10:00,29.78,496000
7/18/2015 11:00,29.63,493000
7/18/2015 12:00,29.67,494000
7/18/2015 13:00,29.62,493000
7/18/2015 14:00,29.53,491000
7/18/2015 15:00,29.52,491000
7/18/2015 16:00,29.46,490000
7/18/2015 17:00,29.32,487000
7/18/2015 18:00,29.33,487000
7/18/2015 19:00,29.3,487000
7/18/2015 20:00,29.28,486000
7/18/2015 21:00,29.2,485000
7/18/2015 22:00,29.15,484000
7/18/2015 23:00,29.11,483000
7/19/2015 0:00,29.1,483000
7/19/2015 1:00,29.08,482000
7/19/2015 2:00,28.97,480000
7/19/2015 3:00,28.97,480000
7/19/2015 4:00,28.98,481000
7/19/2015 5:00,28.96,480000
7/19/2015 6:00,28.91,479000
7/19/2015 7:00,28.86,478000
7/19/2015 8:00,28.84,478000
7/19/2015 9:00,28.9,479000
7/19/2015 10:00,28.89,479000
7/19/2015 11:00,28.88,479000
7/19/2015 12:00,28.92,479000
7/19/2015 13:00,28.96,480000
7/19/2015 14:00,28.96,480000
7/19/2015 15:00,29,481000
7/19/2015 16:00,29.01,481000
7/19/2015 17:00,29.02,481000
7/19/2015 18:00,29.07,482000
7/19/2015 19:00,29.12,483000
7/19/2015 20:00,29.12,483000
7/19/2015 21:00,29.15,484000
7/19/2015 22:00,29.28,486000
7/19/2015 23:00,29.28,486000
7/20/2015 0:00,29.4,489000
7/20/2015 1:00,29.43,489000
7/20/2015 2:00,29.48,490000
7/20/2015 3:00,29.55,492000
7/20/2015 4:00,29.64,493000
7/20/2015 5:00,29.69,494000
7/20/2015 6:00,29.74,495000
7/20/2015 7:00,29.85,498000
7/20/2015 8:00,29.91,499000
7/20/2015 9:00,29.96,500000
7/20/2015 10:00,30.03,501000
7/20/2015 11:00,30.1,502000
7/20/2015 12:00,30.25,506000
7/20/2015 13:00,30.33,507000
7/20/2015 14:00,30.44,509000
7/20/2015 15:00,30.52,511000
7/20/2015 16:00,30.6,512000
7/20/2015 17:00,30.66,514000
7/20/2015 18:00,30.79,516000
7/20/2015 19:00,30.84,517000
7/20/2015 20:00,30.93,519000
7/20/2015 21:00,30.98,520000
7/20/2015 22:00,30.99,520000
7/20/2015 23:00,31.08,522000
7/21/2015 0:00,31.13,523000
7/21/2015 1:00,31.24,525000
7/21/2015 2:00,31.28,526000
7/21/2015 3:00,31.35,528000
7/21/2015 4:00,31.44,529000
7/21/2015 5:00,31.44,529000
7/21/2015 6:00,31.51,531000
7/21/2015 7:00,31.56,532000
7/21/2015 8:00,31.61,533000
7/21/2015 9:00,31.59,533000
7/21/2015 10:00,31.71,535000
7/21/2015 11:00,31.69,535000
7/21/2015 12:00,31.73,535000
7/21/2015 13:00,31.78,537000
7/21/2015 14:00,31.82,537000
7/21/2015 15:00,31.8,537000
7/21/2015 16:00,31.94,540000
7/21/2015 17:00,31.96,540000
7/21/2015 18:00,31.96,540000
7/21/2015 19:00,31.96,540000
7/21/2015 20:00,32.01,541000
7/21/2015 21:00,32.03,542000
7/21/2015 22:00,32.11,543000
7/21/2015 23:00,32.11,543000
7/22/2015 0:00,32.17,545000
7/22/2015 1:00,32.15,544000
7/22/2015 2:00,32.15,544000
7/22/2015 3:00,32.19,545000
7/22/2015 4:00,32.23,546000
7/22/2015 5:00,32.25,546000
7/22/2015 6:00,32.26,546000
7/22/2015 7:00,32.28,547000
7/22/2015 8:00,32.3,547000
7/22/2015 9:00,32.32,548000
7/22/2015 10:00,32.32,548000
7/22/2015 11:00,32.37,549000
7/22/2015 12:00,32.31,547000
7/22/2015 13:00,32.36,548000
7/22/2015 14:00,32.4,549000
7/22/2015 15:00,32.41,550000
7/22/2015 16:00,32.39,549000
7/22/2015 17:00,32.42,550000
7/22/2015 18:00,32.39,549000
7/22/2015 19:00,32.45,550000
7/22/2015 20:00,32.39,549000
7/22/2015 21:00,32.38,549000
7/22/2015 22:00,32.39,549000
7/22/2015 23:00,32.36,548000
7/23/2015 0:00,32.35,548000
7/23/2015 1:00,32.33,548000
7/23/2015 2:00,32.34,548000
7/23/2015 3:00,32.32,548000
7/23/2015 4:00,32.3,547000
7/23/2015 5:00,32.25,546000
7/23/2015 6:00,32.24,546000
7/23/2015 7:00,32.21,545000
7/23/2015 8:00,32.21,545000
7/23/2015 9:00,32.19,545000
7/23/2015 10:00,32.11,543000
7/23/2015 11:00,32.08,543000
7/23/2015 12:00,32.1,543000
7/23/2015 13:00,32.06,542000
7/23/2015 14:00,31.99,541000
7/23/2015 15:00,31.99,541000
7/23/2015 16:00,31.92,539000
7/23/2015 17:00,31.89,539000
7/23/2015 18:00,31.85,538000
7/23/2015 19:00,31.82,537000
7/23/2015 20:00,31.77,536000
7/23/2015 21:00,31.73,535000
7/23/2015 22:00,31.66,534000
7/23/2015 23:00,31.6,533000
7/24/2015 0:00,31.59,533000
7/24/2015 1:00,31.54,531000
7/24/2015 2:00,31.48,530000
7/24/2015 3:00,31.44,529000
7/24/2015 4:00,31.33,527000
7/24/2015 5:00,31.33,527000
7/24/2015 6:00,31.23,525000
7/24/2015 7:00,31.21,525000
7/24/2015 8:00,31.07,522000
7/24/2015 9:00,31.09,522000
7/24/2015 10:00,31.05,522000
7/24/2015 11:00,30.99,520000
7/24/2015 12:00,30.92,519000
7/24/2015 13:00,30.85,517000
7/24/2015 14:00,30.78,516000
7/24/2015 15:00,30.72,515000
7/24/2015 16:00,30.65,513000
7/24/2015 17:00,30.59,512000
7/24/2015 18:00,30.53,511000
7/24/2015 19:00,30.47,510000
7/24/2015 20:00,30.37,508000
7/24/2015 21:00,30.3,506000
7/24/2015 22:00,30.22,505000
7/24/2015 23:00,30.15,504000
7/25/2015 0:00,30.07,502000
7/25/2015 1:00,29.99,500000
7/25/2015 2:00,29.88,498000
7/25/2015 3:00,29.8,497000
7/25/2015 4:00,29.72,495000
7/25/2015 5:00,29.63,493000
7/25/2015 6:00,29.51,491000
7/25/2015 7:00,29.45,490000
7/25/2015 8:00,29.36,488000
7/25/2015 9:00,29.28,486000
7/25/2015 10:00,29.2,485000
7/25/2015 11:00,29.09,483000
7/25/2015 12:00,28.98,481000
7/25/2015 13:00,28.92,479000
7/25/2015 14:00,28.81,477000
7/25/2015 15:00,28.73,476000
7/25/2015 16:00,28.63,474000
7/25/2015 17:00,28.53,472000
7/25/2015 18:00,28.43,470000
7/25/2015 19:00,28.3,467000
7/25/2015 20:00,28.23,466000
7/25/2015 21:00,28.11,464000
7/25/2015 22:00,28.01,462000
7/25/2015 23:00,27.91,460000
7/26/2015 0:00,27.78,458000
7/26/2015 1:00,27.7,456000
7/26/2015 2:00,27.6,454000
7/26/2015 3:00,27.5,452000
7/26/2015 4:00,27.4,451000
7/26/2015 5:00,27.31,449000
7/26/2015 6:00,27.2,447000
7/26/2015 7:00,27.14,446000
7/26/2015 8:00,27.05,444000
7/26/2015 9:00,26.95,442000
7/26/2015 10:00,26.87,441000
7/26/2015 11:00,26.77,439000
7/26/2015 12:00,26.7,438000
7/26/2015 13:00,26.63,436000
7/26/2015 14:00,26.56,435000
7/26/2015 15:00,26.49,434000
7/26/2015 16:00,26.38,432000
7/26/2015 17:00,26.35,431000
7/26/2015 18:00,26.28,430000
7/26/2015 19:00,26.24,429000
7/26/2015 20:00,26.18,428000
7/26/2015 21:00,26.14,427000
7/26/2015 22:00,26.12,427000
7/26/2015 23:00,26.1,427000
7/27/2015 0:00,26.07,426000
7/27/2015 1:00,26.05,426000
7/27/2015 2:00,26.06,426000
7/27/2015 3:00,26.06,426000
7/27/2015 4:00,26.05,426000
7/27/2015 5:00,26.04,426000
7/27/2015 6:00,26.05,426000
7/27/2015 7:00,26.1,427000
7/27/2015 8:00,26.09,426000
7/27/2015 9:00,26.13,427000
7/27/2015 10:00,26.17,428000
7/27/2015 11:00,26.18,428000
7/27/2015 12:00,26.23,429000
7/27/2015 13:00,26.24,429000
7/27/2015 14:00,26.29,430000
7/27/2015 15:00,26.32,431000
7/27/2015 16:00,26.31,430000
7/27/2015 17:00,26.35,431000
7/27/2015 18:00,26.36,431000
7/27/2015 19:00,26.4,432000
7/27/2015 20:00,26.4,432000
7/27/2015 21:00,26.47,433000
7/27/2015 22:00,26.5,434000
7/27/2015 23:00,26.51,434000
7/28/2015 0:00,26.52,434000
7/28/2015 1:00,26.52,434000
7/28/2015 2:00,26.52,434000
7/28/2015 3:00,26.54,435000
7/28/2015 4:00,26.55,435000
7/28/2015 5:00,26.54,435000
7/28/2015 6:00,26.53,434000
7/28/2015 7:00,26.54,435000
7/28/2015 8:00,26.52,434000
7/28/2015 9:00,26.53,434000
7/28/2015 10:00,26.52,434000
7/28/2015 11:00,26.49,434000
7/28/2015 12:00,26.51,434000
7/28/2015 13:00,26.51,434000
7/28/2015 14:00,26.52,434000
7/28/2015 15:00,26.49,434000
7/28/2015 16:00,26.51,434000
7/28/2015 17:00,26.5,434000
7/28/2015 18:00,26.53,434000
7/28/2015 19:00,26.52,434000
7/28/2015 20:00,26.53,434000
7/28/2015 21:00,26.53,434000
7/28/2015 22:00,26.52,434000
7/28/2015 23:00,26.55,435000
7/29/2015 0:00,26.54,435000
7/29/2015 1:00,26.54,435000
7/29/2015 2:00,26.56,435000
7/29/2015 3:00,26.55,435000
7/29/2015 4:00,26.59,436000
7/29/2015 5:00,26.58,435000
7/29/2015 6:00,26.59,436000
7/29/2015 7:00,26.6,436000
7/29/2015 8:00,26.61,436000
7/29/2015 9:00,26.6,436000
7/29/2015 10:00,26.62,436000
7/29/2015 11:00,26.62,436000
7/29/2015 12:00,26.67,436000
7/29/2015 13:00,26.65,436000
7/29/2015 14:00,26.63,435000
7/29/2015 15:00,26.63,435000
7/29/2015 16:00,26.66,436000
7/29/2015 17:00,26.64,435000
7/29/2015 18:00,26.63,435000
7/29/2015 19:00,26.61,434000
7/29/2015 20:00,26.64,435000
7/29/2015 21:00,26.59,434000
7/29/2015 22:00,26.6,434000
7/29/2015 23:00,26.6,434000
7/30/2015 0:00,26.59,433000
7/30/2015 1:00,26.59,433000
7/30/2015 2:00,26.6,433000
7/30/2015 3:00,26.6,433000
7/30/2015 4:00,26.6,433000
7/30/2015 5:00,26.58,433000
7/30/2015 6:00,26.58,432000
7/30/2015 7:00,26.59,432000
7/30/2015 8:00,26.59,432000
7/30/2015 9:00,26.6,432000
7/30/2015 10:00,26.57,432000
7/30/2015 11:00,26.61,432000
7/30/2015 12:00,26.62,432000
7/30/2015 13:00,26.6,432000
7/30/2015 14:00,26.62,432000
7/30/2015 15:00,26.62,432000
7/30/2015 16:00,26.59,431000
7/30/2015 17:00,26.6,431000
7/30/2015 18:00,26.58,431000
7/30/2015 19:00,26.55,430000
7/30/2015 20:00,26.54,430000
7/30/2015 21:00,26.52,430000
7/30/2015 22:00,26.48,429000
7/30/2015 23:00,26.48,429000
7/31/2015 0:00,26.47,429000
7/31/2015 1:00,26.42,428000
7/31/2015 2:00,26.43,428000
7/31/2015 3:00,26.39,427000
7/31/2015 4:00,26.4,428000
7/31/2015 5:00,26.37,427000
7/31/2015 6:00,26.35,427000
7/31/2015 7:00,26.31,426000
7/31/2015 8:00,26.29,426000
7/31/2015 9:00,26.28,425000
7/31/2015 10:00,26.25,425000
7/31/2015 11:00,26.2,424000
7/31/2015 12:00,26.21,424000
7/31/2015 13:00,26.17,423000
7/31/2015 14:00,26.15,423000
7/31/2015 15:00,26.07,422000
7/31/2015 16:00,26.05,421000
7/31/2015 17:00,26.02,421000
7/31/2015 18:00,26,420000
7/31/2015 19:00,25.97,420000
7/31/2015 20:00,25.88,418000
7/31/2015 21:00,25.9,418000
7/31/2015 22:00,25.85,417000
7/31/2015 23:00,25.81,417000
8/1/2015 0:00,25.81,417000
8/1/2015 1:00,25.78,416000
8/1/2015 2:00,25.76,416000
8/1/2015 3:00,25.71,415000
8/1/2015 4:00,25.65,414000
8/1/2015 5:00,25.65,414000
8/1/2015 6:00,25.62,413000
8/1/2015 7:00,25.6,413000
8/1/2015 8:00,25.55,412000
8/1/2015 9:00,25.51,411000
8/1/2015 10:00,25.48,411000
8/1/2015 11:00,25.42,410000
8/1/2015 12:00,25.39,409000
8/1/2015 13:00,25.36,408000
8/1/2015 14:00,25.32,408000
8/1/2015 15:00,25.34,408000
8/1/2015 16:00,25.3,407000
8/1/2015 17:00,25.26,407000
8/1/2015 18:00,25.21,406000
8/1/2015 19:00,25.21,406000
8/1/2015 20:00,25.18,405000
8/1/2015 21:00,25.17,405000
8/1/2015 22:00,25.13,404000
8/1/2015 23:00,25.1,404000
8/2/2015 0:00,25.09,403000
8/2/2015 1:00,25.05,403000
8/2/2015 2:00,25.03,403000
8/2/2015 3:00,24.98,402000
8/2/2015 4:00,25,402000
8/2/2015 5:00,24.98,402000
8/2/2015 6:00,24.95,401000
8/2/2015 7:00,24.96,401000
8/2/2015 8:00,24.93,401000
8/2/2015 9:00,24.91,400000
8/2/2015 10:00,24.87,400000
8/2/2015 11:00,24.86,399000
8/2/2015 12:00,24.83,399000
8/2/2015 13:00,24.79,398000
8/2/2015 14:00,24.77,398000
8/2/2015 15:00,24.72,397000
8/2/2015 16:00,24.66,396000
8/2/2015 17:00,24.63,395000
8/2/2015 18:00,24.57,394000
8/2/2015 19:00,24.47,392000
8/2/2015 20:00,24.41,391000
8/2/2015 21:00,24.33,390000
8/2/2015 22:00,24.29,389000
8/2/2015 23:00,24.25,389000
8/3/2015 0:00,24.23,388000
8/3/2015 1:00,24.2,388000
8/3/2015 2:00,24.14,387000
8/3/2015 3:00,24.11,386000
8/3/2015 4:00,24.08,386000
8/3/2015 5:00,24.03,385000
8/3/2015 6:00,23.97,384000
8/3/2015 7:00,23.95,383000
8/3/2015 8:00,23.87,382000
8/3/2015 9:00,23.81,381000
8/3/2015 10:00,23.76,380000
8/3/2015 11:00,23.78,380000
8/3/2015 12:00,23.75,380000
8/3/2015 13:00,23.73,379000
8/3/2015 14:00,23.71,379000
8/3/2015 15:00,23.66,378000
8/3/2015 16:00,23.61,377000
8/3/2015 17:00,23.59,377000
8/3/2015 18:00,23.56,376000
8/3/2015 19:00,23.53,376000
8/3/2015 20:00,23.46,375000
8/3/2015 21:00,23.44,374000
8/3/2015 22:00,23.39,373000
8/3/2015 23:00,23.36,373000
8/4/2015 0:00,23.34,373000
8/4/2015 1:00,23.28,372000
8/4/2015 2:00,23.24,371000
8/4/2015 3:00,23.21,370000
8/4/2015 4:00,23.18,370000
8/4/2015 5:00,23.15,369000
8/4/2015 6:00,23.11,369000
8/4/2015 7:00,23.07,368000
8/4/2015 8:00,23.04,368000
8/4/2015 9:00,23.01,367000
8/4/2015 10:00,22.94,366000
8/4/2015 11:00,22.94,366000
8/4/2015 12:00,22.89,365000
8/4/2015 13:00,22.85,364000
8/4/2015 14:00,22.79,363000
8/4/2015 15:00,22.73,362000
8/4/2015 16:00,22.69,361000
8/4/2015 17:00,22.58,360000
8/4/2015 18:00,22.52,359000
8/4/2015 19:00,22.48,358000
8/4/2015 20:00,22.42,357000
8/4/2015 21:00,22.36,356000
8/4/2015 22:00,22.32,355000
8/4/2015 23:00,22.29,355000
8/5/2015 0:00,22.23,354000
8/5/2015 1:00,22.19,353000
8/5/2015 2:00,22.15,352000
8/5/2015 3:00,22.12,352000
8/5/2015 4:00,22.11,352000
8/5/2015 5:00,22.06,351000
8/5/2015 6:00,22.07,351000
8/5/2015 7:00,21.99,350000
8/5/2015 8:00,21.96,349000
8/5/2015 9:00,21.9,348000
8/5/2015 10:00,21.87,348000
8/5/2015 11:00,21.82,347000
8/5/2015 12:00,21.82,347000
8/5/2015 13:00,21.77,346000
8/5/2015 14:00,21.7,345000
8/5/2015 15:00,21.64,344000
8/5/2015 16:00,21.59,343000
8/5/2015 17:00,21.51,342000
8/5/2015 18:00,21.46,341000
8/5/2015 19:00,21.42,340000
8/5/2015 20:00,21.36,339000
8/5/2015 21:00,21.41,340000
8/5/2015 22:00,21.44,341000
8/5/2015 23:00,21.48,341000
8/6/2015 0:00,21.57,343000
8/6/2015 1:00,21.55,343000
8/6/2015 2:00,21.54,342000
8/6/2015 3:00,21.57,343000
8/6/2015 4:00,21.61,343000
8/6/2015 5:00,21.62,344000
8/6/2015 6:00,21.61,343000
8/6/2015 7:00,21.6,343000
8/6/2015 8:00,21.6,343000
8/6/2015 9:00,21.58,343000
8/6/2015 10:00,21.57,343000
8/6/2015 11:00,21.53,342000
8/6/2015 12:00,21.51,342000
8/6/2015 13:00,21.41,340000
8/6/2015 14:00,21.32,339000
8/6/2015 15:00,21.29,338000
8/6/2015 16:00,21.22,337000
8/6/2015 17:00,21.13,336000
8/6/2015 18:00,21.07,335000
8/6/2015 19:00,21,333000
8/6/2015 20:00,20.91,332000
8/6/2015 21:00,20.84,331000
8/6/2015 22:00,20.72,329000
8/6/2015 23:00,20.62,327000
8/7/2015 0:00,20.55,326000
8/7/2015 1:00,20.48,325000
8/7/2015 2:00,20.4,324000
8/7/2015 3:00,20.31,323000
8/7/2015 4:00,20.25,322000
8/7/2015 5:00,20.18,320000
8/7/2015 6:00,20.12,319000
8/7/2015 7:00,20.05,318000
8/7/2015 8:00,19.99,317000
8/7/2015 9:00,19.95,317000
8/7/2015 10:00,19.85,315000
8/7/2015 11:00,19.84,315000
8/7/2015 12:00,19.76,314000
8/7/2015 13:00,19.65,312000
8/7/2015 14:00,19.56,310000
8/7/2015 15:00,19.48,309000
8/7/2015 16:00,19.38,307000
8/7/2015 17:00,19.28,306000
8/7/2015 18:00,19.17,304000
8/7/2015 19:00,19.06,302000
8/7/2015 20:00,18.96,301000
8/7/2015 21:00,18.86,299000
8/7/2015 22:00,18.78,298000
8/7/2015 23:00,18.66,296000
8/8/2015 0:00,18.59,295000
8/8/2015 1:00,18.51,293000
8/8/2015 2:00,18.46,293000
8/8/2015 3:00,18.43,292000
8/8/2015 4:00,18.35,291000
8/8/2015 5:00,18.33,291000
8/8/2015 6:00,18.29,290000
8/8/2015 7:00,18.29,290000
8/8/2015 8:00,18.32,290000
8/8/2015 9:00,18.3,290000
8/8/2015 10:00,18.31,290000
8/8/2015 11:00,18.3,290000
8/8/2015 12:00,18.27,290000
8/8/2015 13:00,18.27,290000
8/8/2015 14:00,18.23,289000
8/8/2015 15:00,18.05,286000
8/8/2015 16:00,17.8,282000
8/8/2015 17:00,17.58,279000
8/8/2015 18:00,17.39,276000
8/8/2015 19:00,17.26,274000
8/8/2015 20:00,17.2,273000
8/8/2015 21:00,17.12,272000
8/8/2015 22:00,17.1,272000
8/8/2015 23:00,17.05,271000
8/9/2015 0:00,17.01,270000
8/9/2015 1:00,16.97,270000
8/9/2015 2:00,16.91,269000
8/9/2015 3:00,16.87,268000
8/9/2015 4:00,16.8,267000
8/9/2015 5:00,16.76,266000
8/9/2015 6:00,16.69,265000
8/9/2015 7:00,16.65,265000
8/9/2015 8:00,16.59,264000
8/9/2015 9:00,16.52,263000
8/9/2015 10:00,16.48,262000
8/9/2015 11:00,16.46,262000
8/9/2015 12:00,16.47,262000
8/9/2015 13:00,16.43,262000
8/9/2015 14:00,16.37,261000
8/9/2015 15:00,16.36,261000
8/9/2015 16:00,16.32,260000
8/9/2015 17:00,16.32,260000
8/9/2015 18:00,16.26,259000
8/9/2015 19:00,16.24,259000
8/9/2015 20:00,16.18,258000
8/9/2015 21:00,16.27,259000
8/9/2015 22:00,16.36,261000
8/9/2015 23:00,16.41,261000
8/10/2015 0:00,16.39,261000
8/10/2015 1:00,16.31,260000
8/10/2015 2:00,16.25,259000
8/10/2015 3:00,16.19,258000
8/10/2015 4:00,16.16,258000
8/10/2015 5:00,16.06,256000
8/10/2015 6:00,16.06,256000
8/10/2015 7:00,15.99,255000
8/10/2015 8:00,15.97,255000
8/10/2015 9:00,15.92,254000
8/10/2015 10:00,15.93,254000
8/10/2015 11:00,15.95,255000
8/10/2015 12:00,15.92,254000
8/10/2015 13:00,15.86,253000
8/10/2015 14:00,15.83,253000
8/10/2015 15:00,15.76,252000
8/10/2015 16:00,15.69,251000
8/10/2015 17:00,15.62,250000
8/10/2015 18:00,15.54,249000
8/10/2015 19:00,15.44,247000
8/10/2015 20:00,15.37,246000
8/10/2015 21:00,15.29,245000
8/10/2015 22:00,15.23,244000
8/10/2015 23:00,15.16,243000
8/11/2015 0:00,15.09,242000
8/11/2015 1:00,15.05,242000
8/11/2015 2:00,14.95,240000
8/11/2015 3:00,14.92,240000
8/11/2015 4:00,14.92,240000
8/11/2015 5:00,14.89,239000
8/11/2015 6:00,14.9,239000
8/11/2015 7:00,14.91,240000
8/11/2015 8:00,14.89,239000
8/11/2015 9:00,14.86,239000
8/11/2015 10:00,14.85,239000
8/11/2015 11:00,14.87,239000
8/11/2015 12:00,14.89,239000
8/11/2015 13:00,14.91,240000
8/11/2015 14:00,14.92,240000
8/11/2015 15:00,14.98,241000
8/11/2015 16:00,15,241000
8/11/2015 17:00,15.02,241000
8/11/2015 18:00,15.04,241000
8/11/2015 19:00,15.08,242000
8/11/2015 20:00,15.1,242000
8/11/2015 21:00,15.13,243000
8/11/2015 22:00,15.16,243000
8/11/2015 23:00,15.14,243000
8/12/2015 0:00,15.17,243000
8/12/2015 1:00,15.19,244000
8/12/2015 2:00,15.19,244000
8/12/2015 3:00,15.2,244000
8/12/2015 4:00,15.2,244000
8/12/2015 5:00,15.19,244000
8/12/2015 6:00,15.17,243000
8/12/2015 7:00,15.16,243000
8/12/2015 8:00,15.2,244000
8/12/2015 9:00,15.2,244000
8/12/2015 10:00,15.24,244000
8/12/2015 11:00,15.26,245000
8/12/2015 12:00,15.32,245000
8/12/2015 13:00,15.34,246000
8/12/2015 14:00,15.39,246000
8/12/2015 15:00,15.45,247000
8/12/2015 16:00,15.47,248000
8/12/2015 17:00,15.53,248000
8/12/2015 18:00,15.6,249000
8/12/2015 19:00,15.65,250000
8/12/2015 20:00,15.68,251000
8/12/2015 21:00,15.72,251000
8/12/2015 22:00,15.78,252000
8/12/2015 23:00,15.79,252000
8/13/2015 0:00,15.89,254000
8/13/2015 1:00,15.93,254000
8/13/2015 2:00,15.97,255000
8/13/2015 3:00,16.06,256000
8/13/2015 4:00,16.1,257000
8/13/2015 5:00,16.15,257000
8/13/2015 6:00,16.2,258000
8/13/2015 7:00,16.26,259000
8/13/2015 8:00,16.3,260000
8/13/2015 9:00,16.37,261000
8/13/2015 10:00,16.41,261000
8/13/2015 11:00,16.52,263000
8/13/2015 12:00,16.69,265000
8/13/2015 13:00,16.82,267000
8/13/2015 14:00,16.98,270000
8/13/2015 15:00,17.11,272000
8/13/2015 16:00,17.21,273000
8/13/2015 17:00,17.3,275000
8/13/2015 18:00,17.4,276000
8/13/2015 19:00,17.45,277000
8/13/2015 20:00,17.5,278000
8/13/2015 21:00,17.56,279000
8/13/2015 22:00,17.57,279000
8/13/2015 23:00,17.61,279000
8/14/2015 0:00,17.58,279000
8/14/2015 1:00,17.6,279000
8/14/2015 2:00,17.59,279000
8/14/2015 3:00,17.62,280000
8/14/2015 4:00,17.64,280000
8/14/2015 5:00,17.64,280000
8/14/2015 6:00,17.66,280000
8/14/2015 7:00,17.68,280000
8/14/2015 8:00,17.68,280000
8/14/2015 9:00,17.67,280000
8/14/2015 10:00,17.68,280000
8/14/2015 11:00,17.7,281000
8/14/2015 12:00,17.7,281000
8/14/2015 13:00,17.68,280000
8/14/2015 14:00,17.67,280000
8/14/2015 15:00,17.69,281000
8/14/2015 16:00,17.7,281000
8/14/2015 17:00,17.65,280000
8/14/2015 18:00,17.65,280000
8/14/2015 19:00,17.59,279000
8/14/2015 20:00,17.54,278000
8/14/2015 21:00,17.47,277000
8/14/2015 22:00,17.43,277000
8/14/2015 23:00,17.38,276000
8/15/2015 0:00,17.31,275000
8/15/2015 1:00,17.22,273000
8/15/2015 2:00,17.16,273000
8/15/2015 3:00,17.04,271000
8/15/2015 4:00,16.97,270000
8/15/2015 5:00,16.87,268000
8/15/2015 6:00,16.81,267000
8/15/2015 7:00,16.73,266000
8/15/2015 8:00,16.62,264000
8/15/2015 9:00,16.58,264000
8/15/2015 10:00,16.47,262000
8/15/2015 11:00,16.39,261000
8/15/2015 12:00,16.29,260000
8/15/2015 13:00,16.21,258000
8/15/2015 14:00,16.13,257000
8/15/2015 15:00,16,255000
8/15/2015 16:00,15.9,254000
8/15/2015 17:00,15.82,253000
8/15/2015 18:00,15.72,251000
8/15/2015 19:00,15.58,249000
8/15/2015 20:00,15.44,247000
8/15/2015 21:00,15.31,245000
8/15/2015 22:00,15.16,243000
8/15/2015 23:00,15.06,242000
