,agency_cd,site_no,dateTime,X_00060_00000,X_00060_00000_cd,X_00065_00000,X_00065_00000_cd,tz_cd
193175,USGS,7010000,6/1/2015 0:00,438000,A,26.73,A,UTC
193176,USGS,7010000,6/1/2015 1:00,438000,A,26.75,A,UTC
193177,USGS,7010000,6/1/2015 2:00,438000,A,26.74,A,UTC
193178,USGS,7010000,6/1/2015 3:00,437000,A,26.66,A,UTC
193179,USGS,7010000,6/1/2015 4:00,437000,A,26.69,A,UTC
193180,USGS,7010000,6/1/2015 5:00,439000,A,26.79,A,UTC
193181,USGS,7010000,6/1/2015 6:00,439000,A,26.78,A,UTC
193182,USGS,7010000,6/1/2015 7:00,438000,A,26.75,A,UTC
193183,USGS,7010000,6/1/2015 8:00,439000,A,26.78,A,UTC
193184,USGS,7010000,6/1/2015 9:00,439000,A,26.76,A,UTC
193185,USGS,7010000,6/1/2015 10:00,439000,A,26.77,A,UTC
193186,USGS,7010000,6/1/2015 11:00,438000,A,26.71,A,UTC
193187,USGS,7010000,6/1/2015 12:00,436000,A,26.64,A,UTC
193188,USGS,7010000,6/1/2015 13:00,435000,A,26.58,A,UTC
193189,USGS,7010000,6/1/2015 14:00,437000,A,26.66,A,UTC
193190,USGS,7010000,6/1/2015 15:00,434000,A,26.49,A,UTC
193191,USGS,7010000,6/1/2015 16:00,435000,A,26.56,A,UTC
193192,USGS,7010000,6/1/2015 17:00,435000,A,26.55,A,UTC
193193,USGS,7010000,6/1/2015 18:00,434000,A,26.49,A,UTC
193194,USGS,7010000,6/1/2015 19:00,433000,A,26.47,A,UTC
193195,USGS,7010000,6/1/2015 20:00,433000,A,26.45,A,UTC
193196,USGS,7010000,6/1/2015 21:00,431000,A,26.33,A,UTC
193197,USGS,7010000,6/1/2015 22:00,429000,A,26.26,A,UTC
193198,USGS,7010000,6/1/2015 23:00,428000,A,26.17,A,UTC
193199,USGS,7010000,6/2/2015 0:00,428000,A,26.19,A,UTC
193200,USGS,7010000,6/2/2015 1:00,425000,A,26.02,A,UTC
193201,USGS,7010000,6/2/2015 2:00,422000,A,25.85,A,UTC
193202,USGS,7010000,6/2/2015 3:00,423000,A,25.92,A,UTC
193203,USGS,7010000,6/2/2015 4:00,424000,A,25.95,A,UTC
193204,USGS,7010000,6/2/2015 5:00,422000,A,25.83,A,UTC
193205,USGS,7010000,6/2/2015 6:00,422000,A,25.87,A,UTC
193206,USGS,7010000,6/2/2015 7:00,422000,A,25.83,A,UTC
193207,USGS,7010000,6/2/2015 8:00,420000,A,25.75,A,UTC
193208,USGS,7010000,6/2/2015 9:00,420000,A,25.71,A,UTC
193209,USGS,7010000,6/2/2015 10:00,417000,A,25.57,A,UTC
193210,USGS,7010000,6/2/2015 11:00,416000,A,25.51,A,UTC
193211,USGS,7010000,6/2/2015 12:00,416000,A,25.48,A,UTC
193212,USGS,7010000,6/2/2015 13:00,413000,A,25.34,A,UTC
193213,USGS,7010000,6/2/2015 14:00,413000,A,25.34,A,UTC
193214,USGS,7010000,6/2/2015 15:00,412000,A,25.31,A,UTC
193215,USGS,7010000,6/2/2015 16:00,412000,A,25.28,A,UTC
193216,USGS,7010000,6/2/2015 17:00,411000,A,25.21,A,UTC
193217,USGS,7010000,6/2/2015 18:00,410000,A,25.19,A,UTC
193218,USGS,7010000,6/2/2015 19:00,408000,A,25.08,A,UTC
193219,USGS,7010000,6/2/2015 20:00,407000,A,25.02,A,UTC
193220,USGS,7010000,6/2/2015 21:00,406000,A,24.95,A,UTC
193221,USGS,7010000,6/2/2015 22:00,406000,A,24.93,A,UTC
193222,USGS,7010000,6/3/2015 0:00,401000,A,24.66,A,UTC
193223,USGS,7010000,6/3/2015 1:00,403000,A,24.75,A,UTC
193224,USGS,7010000,6/3/2015 2:00,402000,A,24.72,A,UTC
193225,USGS,7010000,6/3/2015 3:00,401000,A,24.64,A,UTC
193226,USGS,7010000,6/3/2015 4:00,4.00E+05,A,24.63,A,UTC
193227,USGS,7010000,6/3/2015 5:00,4.00E+05,A,24.62,A,UTC
193228,USGS,7010000,6/3/2015 6:00,398000,A,24.49,A,UTC
193229,USGS,7010000,6/3/2015 7:00,398000,A,24.47,A,UTC
193230,USGS,7010000,6/3/2015 8:00,398000,A,24.48,A,UTC
193231,USGS,7010000,6/3/2015 9:00,397000,A,24.4,A,UTC
193232,USGS,7010000,6/3/2015 10:00,395000,A,24.34,A,UTC
193233,USGS,7010000,6/3/2015 11:00,394000,A,24.26,A,UTC
193234,USGS,7010000,6/3/2015 12:00,394000,A,24.27,A,UTC
193235,USGS,7010000,6/3/2015 13:00,394000,A,24.23,A,UTC
193236,USGS,7010000,6/3/2015 14:00,391000,A,24.11,A,UTC
193237,USGS,7010000,6/3/2015 15:00,390000,A,24.05,A,UTC
193238,USGS,7010000,6/3/2015 16:00,390000,A,24.01,A,UTC
193239,USGS,7010000,6/3/2015 17:00,388000,A,23.93,A,UTC
193240,USGS,7010000,6/3/2015 18:00,387000,A,23.86,A,UTC
193241,USGS,7010000,6/3/2015 19:00,387000,A,23.87,A,UTC
193242,USGS,7010000,6/3/2015 20:00,385000,A,23.71,A,UTC
193243,USGS,7010000,6/3/2015 21:00,385000,A,23.73,A,UTC
193244,USGS,7010000,6/3/2015 22:00,383000,A,23.64,A,UTC
193245,USGS,7010000,6/3/2015 23:00,382000,A,23.57,A,UTC
193246,USGS,7010000,6/4/2015 0:00,382000,A,23.56,A,UTC
193247,USGS,7010000,6/4/2015 1:00,380000,A,23.43,A,UTC
193248,USGS,7010000,6/4/2015 2:00,379000,A,23.41,A,UTC
193249,USGS,7010000,6/4/2015 3:00,380000,A,23.45,A,UTC
193250,USGS,7010000,6/4/2015 4:00,378000,A,23.32,A,UTC
193251,USGS,7010000,6/4/2015 5:00,378000,A,23.33,A,UTC
193252,USGS,7010000,6/4/2015 6:00,377000,A,23.25,A,UTC
193253,USGS,7010000,6/4/2015 7:00,377000,A,23.25,A,UTC
193254,USGS,7010000,6/4/2015 8:00,377000,A,23.25,A,UTC
193255,USGS,7010000,6/4/2015 9:00,376000,A,23.19,A,UTC
193256,USGS,7010000,6/4/2015 10:00,375000,A,23.17,A,UTC
193257,USGS,7010000,6/4/2015 11:00,374000,A,23.11,A,UTC
193258,USGS,7010000,6/4/2015 12:00,375000,A,23.14,A,UTC
193259,USGS,7010000,6/4/2015 13:00,374000,A,23.1,A,UTC
193260,USGS,7010000,6/4/2015 14:00,373000,A,23.04,A,UTC
193261,USGS,7010000,6/4/2015 15:00,374000,A,23.07,A,UTC
193262,USGS,7010000,6/4/2015 16:00,373000,A,23.02,A,UTC
193263,USGS,7010000,6/4/2015 17:00,371000,A,22.9,A,UTC
193264,USGS,7010000,6/4/2015 18:00,370000,A,22.86,A,UTC
193265,USGS,7010000,6/4/2015 19:00,371000,A,22.89,A,UTC
193266,USGS,7010000,6/4/2015 20:00,371000,A,22.94,A,UTC
193267,USGS,7010000,6/4/2015 21:00,371000,A,22.88,A,UTC
193268,USGS,7010000,6/4/2015 22:00,368000,A,22.74,A,UTC
193269,USGS,7010000,6/4/2015 23:00,369000,A,22.8,A,UTC
193270,USGS,7010000,6/5/2015 0:00,368000,A,22.75,A,UTC
193271,USGS,7010000,6/5/2015 1:00,368000,A,22.74,A,UTC
193272,USGS,7010000,6/5/2015 2:00,367000,A,22.69,A,UTC
193273,USGS,7010000,6/5/2015 3:00,368000,A,22.71,A,UTC
193274,USGS,7010000,6/5/2015 4:00,367000,A,22.68,A,UTC
193275,USGS,7010000,6/5/2015 5:00,367000,A,22.67,A,UTC
193276,USGS,7010000,6/5/2015 6:00,367000,A,22.68,A,UTC
193277,USGS,7010000,6/5/2015 7:00,366000,A,22.61,A,UTC
193278,USGS,7010000,6/5/2015 8:00,365000,A,22.55,A,UTC
193279,USGS,7010000,6/5/2015 9:00,365000,A,22.54,A,UTC
193280,USGS,7010000,6/5/2015 10:00,364000,A,22.51,A,UTC
193281,USGS,7010000,6/5/2015 11:00,365000,A,22.52,A,UTC
193282,USGS,7010000,6/5/2015 12:00,364000,A,22.51,A,UTC
193283,USGS,7010000,6/5/2015 13:00,366000,A,22.58,A,UTC
193284,USGS,7010000,6/5/2015 14:00,365000,A,22.57,A,UTC
193285,USGS,7010000,6/5/2015 15:00,367000,A,22.69,A,UTC
193286,USGS,7010000,6/5/2015 16:00,367000,A,22.68,A,UTC
193287,USGS,7010000,6/5/2015 17:00,367000,A,22.68,A,UTC
193288,USGS,7010000,6/5/2015 18:00,367000,A,22.68,A,UTC
193289,USGS,7010000,6/5/2015 19:00,367000,A,22.65,A,UTC
193290,USGS,7010000,6/5/2015 20:00,367000,A,22.66,A,UTC
193291,USGS,7010000,6/5/2015 21:00,367000,A,22.69,A,UTC
193292,USGS,7010000,6/5/2015 22:00,370000,A,22.83,A,UTC
193293,USGS,7010000,6/5/2015 23:00,368000,A,22.75,A,UTC
193294,USGS,7010000,6/6/2015 0:00,367000,A,22.66,A,UTC
193295,USGS,7010000,6/6/2015 1:00,368000,A,22.71,A,UTC
193296,USGS,7010000,6/6/2015 2:00,369000,A,22.81,A,UTC
193297,USGS,7010000,6/6/2015 3:00,368000,A,22.72,A,UTC
193298,USGS,7010000,6/6/2015 4:00,368000,A,22.74,A,UTC
193299,USGS,7010000,6/6/2015 5:00,370000,A,22.82,A,UTC
193300,USGS,7010000,6/6/2015 6:00,370000,A,22.86,A,UTC
193301,USGS,7010000,6/6/2015 7:00,370000,A,22.84,A,UTC
193302,USGS,7010000,6/6/2015 8:00,370000,A,22.86,A,UTC
193303,USGS,7010000,6/6/2015 9:00,371000,A,22.94,A,UTC
193304,USGS,7010000,6/6/2015 10:00,372000,A,22.98,A,UTC
193305,USGS,7010000,6/6/2015 11:00,374000,A,23.06,A,UTC
193306,USGS,7010000,6/6/2015 12:00,374000,A,23.1,A,UTC
193307,USGS,7010000,6/6/2015 13:00,376000,A,23.23,A,UTC
193308,USGS,7010000,6/6/2015 14:00,377000,A,23.26,A,UTC
193309,USGS,7010000,6/6/2015 15:00,379000,A,23.37,A,UTC
193310,USGS,7010000,6/6/2015 16:00,380000,A,23.42,A,UTC
193311,USGS,7010000,6/6/2015 17:00,382000,A,23.57,A,UTC
193312,USGS,7010000,6/6/2015 18:00,384000,A,23.66,A,UTC
193313,USGS,7010000,6/6/2015 19:00,385000,A,23.71,A,UTC
193314,USGS,7010000,6/6/2015 20:00,386000,A,23.78,A,UTC
193315,USGS,7010000,6/6/2015 21:00,386000,A,23.81,A,UTC
193316,USGS,7010000,6/6/2015 22:00,388000,A,23.9,A,UTC
193317,USGS,7010000,6/6/2015 23:00,385000,A,23.72,A,UTC
193318,USGS,7010000,6/7/2015 0:00,386000,A,23.77,A,UTC
193319,USGS,7010000,6/7/2015 1:00,390000,A,24.04,A,UTC
193320,USGS,7010000,6/7/2015 2:00,395000,A,24.34,A,UTC
193321,USGS,7010000,6/7/2015 3:00,397000,A,24.43,A,UTC
193322,USGS,7010000,6/7/2015 4:00,4.00E+05,A,24.61,A,UTC
193323,USGS,7010000,6/7/2015 5:00,402000,A,24.69,A,UTC
193324,USGS,7010000,6/7/2015 6:00,402000,A,24.72,A,UTC
193325,USGS,7010000,6/7/2015 7:00,404000,A,24.84,A,UTC
193326,USGS,7010000,6/7/2015 8:00,409000,A,25.09,A,UTC
193327,USGS,7010000,6/7/2015 9:00,411000,A,25.23,A,UTC
193328,USGS,7010000,6/7/2015 10:00,411000,A,25.22,A,UTC
193329,USGS,7010000,6/7/2015 11:00,413000,A,25.34,A,UTC
193330,USGS,7010000,6/7/2015 12:00,414000,A,25.42,A,UTC
193331,USGS,7010000,6/7/2015 13:00,414000,A,25.37,A,UTC
193332,USGS,7010000,6/7/2015 14:00,417000,A,25.56,A,UTC
193333,USGS,7010000,6/7/2015 15:00,416000,A,25.49,A,UTC
193334,USGS,7010000,6/7/2015 16:00,419000,A,25.69,A,UTC
193335,USGS,7010000,6/7/2015 17:00,421000,A,25.77,A,UTC
193336,USGS,7010000,6/7/2015 18:00,422000,A,25.82,A,UTC
193337,USGS,7010000,6/7/2015 19:00,421000,A,25.79,A,UTC
193338,USGS,7010000,6/7/2015 20:00,424000,A,25.94,A,UTC
193339,USGS,7010000,6/7/2015 21:00,425000,A,26.02,A,UTC
193340,USGS,7010000,6/7/2015 22:00,427000,A,26.12,A,UTC
193341,USGS,7010000,6/7/2015 23:00,429000,A,26.24,A,UTC
193342,USGS,7010000,6/8/2015 0:00,426000,A,26.08,A,UTC
193343,USGS,7010000,6/8/2015 1:00,429000,A,26.2,A,UTC
193344,USGS,7010000,6/8/2015 2:00,428000,A,26.18,A,UTC
193345,USGS,7010000,6/8/2015 3:00,430000,A,26.29,A,UTC
193346,USGS,7010000,6/8/2015 4:00,428000,A,26.17,A,UTC
193347,USGS,7010000,6/8/2015 5:00,431000,A,26.36,A,UTC
193348,USGS,7010000,6/8/2015 6:00,433000,A,26.43,A,UTC
193349,USGS,7010000,6/8/2015 7:00,435000,A,26.57,A,UTC
193350,USGS,7010000,6/8/2015 8:00,434000,A,26.51,A,UTC
193351,USGS,7010000,6/8/2015 9:00,436000,A,26.63,A,UTC
193352,USGS,7010000,6/8/2015 10:00,441000,A,26.87,A,UTC
193353,USGS,7010000,6/8/2015 11:00,441000,A,26.91,A,UTC
193354,USGS,7010000,6/8/2015 12:00,444000,A,27.07,A,UTC
193355,USGS,7010000,6/8/2015 13:00,444000,A,27.04,A,UTC
193356,USGS,7010000,6/8/2015 14:00,446000,A,27.15,A,UTC
193357,USGS,7010000,6/8/2015 15:00,447000,A,27.21,A,UTC
193358,USGS,7010000,6/8/2015 16:00,449000,A,27.34,A,UTC
193359,USGS,7010000,6/8/2015 17:00,451000,A,27.44,A,UTC
193360,USGS,7010000,6/8/2015 18:00,452000,A,27.49,A,UTC
193361,USGS,7010000,6/8/2015 19:00,452000,A,27.49,A,UTC
193362,USGS,7010000,6/8/2015 20:00,454000,A,27.58,A,UTC
193363,USGS,7010000,6/8/2015 21:00,456000,A,27.7,A,UTC
193364,USGS,7010000,6/8/2015 23:00,457000,A,27.73,A,UTC
193365,USGS,7010000,6/9/2015 0:00,458000,A,27.82,A,UTC
193366,USGS,7010000,6/9/2015 1:00,459000,A,27.83,A,UTC
193367,USGS,7010000,6/9/2015 2:00,459000,A,27.88,A,UTC
193368,USGS,7010000,6/9/2015 3:00,461000,A,27.95,A,UTC
193369,USGS,7010000,6/9/2015 4:00,463000,A,28.08,A,UTC
193370,USGS,7010000,6/9/2015 5:00,464000,A,28.13,A,UTC
193371,USGS,7010000,6/9/2015 6:00,465000,A,28.19,A,UTC
193372,USGS,7010000,6/9/2015 7:00,468000,A,28.33,A,UTC
193373,USGS,7010000,6/9/2015 8:00,469000,A,28.37,A,UTC
193374,USGS,7010000,6/9/2015 9:00,471000,A,28.46,A,UTC
193375,USGS,7010000,6/9/2015 11:00,474000,A,28.62,A,UTC
193376,USGS,7010000,6/9/2015 12:00,475000,A,28.68,A,UTC
193377,USGS,7010000,6/9/2015 13:00,477000,A,28.81,A,UTC
193378,USGS,7010000,6/9/2015 14:00,477000,A,28.81,A,UTC
193379,USGS,7010000,6/9/2015 15:00,479000,A,28.9,A,UTC
193380,USGS,7010000,6/9/2015 16:00,480000,A,28.97,A,UTC
193381,USGS,7010000,6/9/2015 17:00,481000,A,28.99,A,UTC
193382,USGS,7010000,6/9/2015 18:00,482000,A,29.05,A,UTC
193383,USGS,7010000,6/9/2015 19:00,482000,A,29.05,A,UTC
193384,USGS,7010000,6/9/2015 20:00,484000,A,29.17,A,UTC
193385,USGS,7010000,6/9/2015 21:00,486000,A,29.25,A,UTC
193386,USGS,7010000,6/9/2015 22:00,486000,A,29.28,A,UTC
193387,USGS,7010000,6/9/2015 23:00,487000,A,29.3,A,UTC
193388,USGS,7010000,6/10/2015 2:00,491000,A,29.52,A,UTC
193389,USGS,7010000,6/10/2015 3:00,491000,A,29.54,A,UTC
193390,USGS,7010000,6/10/2015 4:00,492000,A,29.56,A,UTC
193391,USGS,7010000,6/10/2015 5:00,494000,A,29.66,A,UTC
193392,USGS,7010000,6/10/2015 6:00,493000,A,29.61,A,UTC
193393,USGS,7010000,6/10/2015 8:00,496000,A,29.76,A,UTC
193394,USGS,7010000,6/10/2015 9:00,498000,A,29.88,A,UTC
193395,USGS,7010000,6/10/2015 10:00,499000,A,29.92,A,UTC
193396,USGS,7010000,6/10/2015 11:00,5.00E+05,A,29.95,A,UTC
193397,USGS,7010000,6/10/2015 12:00,499000,A,29.92,A,UTC
193398,USGS,7010000,6/10/2015 13:00,501000,A,30,A,UTC
193399,USGS,7010000,6/10/2015 14:00,501000,A,30.03,A,UTC
193400,USGS,7010000,6/10/2015 15:00,502000,A,30.07,A,UTC
193401,USGS,7010000,6/10/2015 16:00,502000,A,30.07,A,UTC
193402,USGS,7010000,6/10/2015 17:00,502000,A,30.08,A,UTC
193403,USGS,7010000,6/10/2015 18:00,502000,A,30.07,A,UTC
193404,USGS,7010000,6/10/2015 19:00,503000,A,30.13,A,UTC
193405,USGS,7010000,6/10/2015 20:00,503000,A,30.13,A,UTC
193406,USGS,7010000,6/10/2015 21:00,502000,A,30.06,A,UTC
193407,USGS,7010000,6/10/2015 22:00,501000,A,30.03,A,UTC
193408,USGS,7010000,6/10/2015 23:00,502000,A,30.09,A,UTC
193409,USGS,7010000,6/11/2015 0:00,503000,A,30.12,A,UTC
193410,USGS,7010000,6/11/2015 1:00,5.00E+05,A,29.99,A,UTC
193411,USGS,7010000,6/11/2015 2:00,502000,A,30.07,A,UTC
193412,USGS,7010000,6/11/2015 3:00,501000,A,30.05,A,UTC
193413,USGS,7010000,6/11/2015 4:00,5.00E+05,A,29.97,A,UTC
193414,USGS,7010000,6/11/2015 5:00,5.00E+05,A,29.98,A,UTC
193415,USGS,7010000,6/11/2015 6:00,5.00E+05,A,29.99,A,UTC
193416,USGS,7010000,6/11/2015 7:00,499000,A,29.92,A,UTC
193417,USGS,7010000,6/11/2015 8:00,499000,A,29.91,A,UTC
193418,USGS,7010000,6/11/2015 9:00,498000,A,29.89,A,UTC
193419,USGS,7010000,6/11/2015 10:00,497000,A,29.83,A,UTC
193420,USGS,7010000,6/11/2015 11:00,496000,A,29.76,A,UTC
193421,USGS,7010000,6/11/2015 12:00,496000,A,29.76,A,UTC
193422,USGS,7010000,6/11/2015 13:00,493000,A,29.63,A,UTC
193423,USGS,7010000,6/11/2015 14:00,493000,A,29.63,A,UTC
193424,USGS,7010000,6/11/2015 15:00,492000,A,29.59,A,UTC
193425,USGS,7010000,6/11/2015 16:00,491000,A,29.52,A,UTC
193426,USGS,7010000,6/11/2015 17:00,490000,A,29.48,A,UTC
193427,USGS,7010000,6/11/2015 18:00,488000,A,29.37,A,UTC
193428,USGS,7010000,6/11/2015 19:00,488000,A,29.37,A,UTC
193429,USGS,7010000,6/11/2015 20:00,486000,A,29.27,A,UTC
193430,USGS,7010000,6/11/2015 21:00,485000,A,29.23,A,UTC
193431,USGS,7010000,6/11/2015 22:00,483000,A,29.13,A,UTC
193432,USGS,7010000,6/11/2015 23:00,484000,A,29.16,A,UTC
193433,USGS,7010000,6/12/2015 0:00,482000,A,29.03,A,UTC
193434,USGS,7010000,6/12/2015 1:00,481000,A,28.98,A,UTC
193435,USGS,7010000,6/12/2015 2:00,479000,A,28.88,A,UTC
193436,USGS,7010000,6/12/2015 3:00,478000,A,28.84,A,UTC
193437,USGS,7010000,6/12/2015 4:00,475000,A,28.69,A,UTC
193438,USGS,7010000,6/12/2015 5:00,473000,A,28.61,A,UTC
193439,USGS,7010000,6/12/2015 6:00,473000,A,28.57,A,UTC
193440,USGS,7010000,6/12/2015 7:00,471000,A,28.48,A,UTC
193441,USGS,7010000,6/12/2015 8:00,470000,A,28.41,A,UTC
193442,USGS,7010000,6/12/2015 9:00,467000,A,28.28,A,UTC
193443,USGS,7010000,6/12/2015 10:00,465000,A,28.17,A,UTC
193444,USGS,7010000,6/12/2015 11:00,465000,A,28.15,A,UTC
193445,USGS,7010000,6/12/2015 12:00,464000,A,28.09,A,UTC
193446,USGS,7010000,6/12/2015 13:00,460000,A,27.93,A,UTC
193447,USGS,7010000,6/12/2015 14:00,459000,A,27.85,A,UTC
193448,USGS,7010000,6/12/2015 15:00,457000,A,27.76,A,UTC
193449,USGS,7010000,6/12/2015 16:00,456000,A,27.67,A,UTC
193450,USGS,7010000,6/12/2015 17:00,453000,A,27.55,A,UTC
193451,USGS,7010000,6/12/2015 18:00,451000,A,27.43,A,UTC
193452,USGS,7010000,6/12/2015 19:00,450000,A,27.38,A,UTC
193453,USGS,7010000,6/12/2015 20:00,447000,A,27.23,A,UTC
193454,USGS,7010000,6/12/2015 21:00,445000,A,27.11,A,UTC
193455,USGS,7010000,6/12/2015 22:00,446000,A,27.13,A,UTC
193456,USGS,7010000,6/12/2015 23:00,443000,A,27,A,UTC
193457,USGS,7010000,6/13/2015 0:00,441000,A,26.86,A,UTC
193458,USGS,7010000,6/13/2015 1:00,440000,A,26.83,A,UTC
193459,USGS,7010000,6/13/2015 2:00,438000,A,26.71,A,UTC
193460,USGS,7010000,6/13/2015 3:00,436000,A,26.64,A,UTC
193461,USGS,7010000,6/13/2015 4:00,435000,A,26.58,A,UTC
193462,USGS,7010000,6/13/2015 5:00,433000,A,26.45,A,UTC
193463,USGS,7010000,6/13/2015 6:00,432000,A,26.4,A,UTC
193464,USGS,7010000,6/13/2015 7:00,430000,A,26.31,A,UTC
193465,USGS,7010000,6/13/2015 8:00,429000,A,26.21,A,UTC
193466,USGS,7010000,6/13/2015 9:00,427000,A,26.1,A,UTC
193467,USGS,7010000,6/13/2015 10:00,426000,A,26.07,A,UTC
193468,USGS,7010000,6/13/2015 11:00,424000,A,25.98,A,UTC
193469,USGS,7010000,6/13/2015 12:00,423000,A,25.91,A,UTC
193470,USGS,7010000,6/13/2015 13:00,422000,A,25.86,A,UTC
193471,USGS,7010000,6/13/2015 14:00,421000,A,25.78,A,UTC
193472,USGS,7010000,6/13/2015 15:00,421000,A,25.76,A,UTC
193473,USGS,7010000,6/13/2015 16:00,419000,A,25.65,A,UTC
193474,USGS,7010000,6/13/2015 17:00,418000,A,25.6,A,UTC
193475,USGS,7010000,6/13/2015 18:00,416000,A,25.48,A,UTC
193476,USGS,7010000,6/13/2015 19:00,416000,A,25.49,A,UTC
193477,USGS,7010000,6/13/2015 20:00,414000,A,25.38,A,UTC
193478,USGS,7010000,6/13/2015 21:00,413000,A,25.36,A,UTC
193479,USGS,7010000,6/13/2015 23:00,413000,A,25.32,A,UTC
193480,USGS,7010000,6/14/2015 0:00,412000,A,25.29,A,UTC
193481,USGS,7010000,6/14/2015 1:00,411000,A,25.26,A,UTC
193482,USGS,7010000,6/14/2015 2:00,411000,A,25.21,A,UTC
193483,USGS,7010000,6/14/2015 3:00,410000,A,25.17,A,UTC
193484,USGS,7010000,6/14/2015 4:00,410000,A,25.19,A,UTC
193485,USGS,7010000,6/14/2015 5:00,409000,A,25.13,A,UTC
193486,USGS,7010000,6/14/2015 6:00,409000,A,25.13,A,UTC
193487,USGS,7010000,6/14/2015 7:00,408000,A,25.06,A,UTC
193488,USGS,7010000,6/14/2015 8:00,409000,A,25.1,A,UTC
193489,USGS,7010000,6/14/2015 9:00,409000,A,25.13,A,UTC
193490,USGS,7010000,6/14/2015 10:00,409000,A,25.12,A,UTC
193491,USGS,7010000,6/14/2015 11:00,410000,A,25.16,A,UTC
193492,USGS,7010000,6/14/2015 12:00,410000,A,25.18,A,UTC
193493,USGS,7010000,6/14/2015 13:00,411000,A,25.23,A,UTC
193494,USGS,7010000,6/14/2015 14:00,411000,A,25.26,A,UTC
193495,USGS,7010000,6/14/2015 15:00,413000,A,25.32,A,UTC
193496,USGS,7010000,6/14/2015 16:00,414000,A,25.4,A,UTC
193497,USGS,7010000,6/14/2015 17:00,417000,A,25.56,A,UTC
193498,USGS,7010000,6/14/2015 18:00,418000,A,25.64,A,UTC
193499,USGS,7010000,6/14/2015 20:00,422000,A,25.84,A,UTC
193500,USGS,7010000,6/14/2015 21:00,423000,A,25.91,A,UTC
193501,USGS,7010000,6/14/2015 22:00,427000,A,26.12,A,UTC
193502,USGS,7010000,6/15/2015 0:00,431000,A,26.32,A,UTC
193503,USGS,7010000,6/15/2015 1:00,433000,A,26.46,A,UTC
193504,USGS,7010000,6/15/2015 2:00,436000,A,26.59,A,UTC
193505,USGS,7010000,6/15/2015 3:00,438000,A,26.71,A,UTC
193506,USGS,7010000,6/15/2015 4:00,439000,A,26.8,A,UTC
193507,USGS,7010000,6/15/2015 5:00,441000,A,26.87,A,UTC
193508,USGS,7010000,6/15/2015 6:00,444000,A,27.07,A,UTC
193509,USGS,7010000,6/15/2015 7:00,445000,A,27.12,A,UTC
193510,USGS,7010000,6/15/2015 8:00,448000,A,27.26,A,UTC
193511,USGS,7010000,6/15/2015 9:00,450000,A,27.38,A,UTC
193512,USGS,7010000,6/15/2015 10:00,453000,A,27.52,A,UTC
193513,USGS,7010000,6/15/2015 11:00,455000,A,27.62,A,UTC
193514,USGS,7010000,6/15/2015 12:00,457000,A,27.76,A,UTC
193515,USGS,7010000,6/15/2015 13:00,458000,A,27.82,A,UTC
193516,USGS,7010000,6/15/2015 14:00,462000,A,28,A,UTC
193517,USGS,7010000,6/15/2015 15:00,464000,A,28.1,A,UTC
193518,USGS,7010000,6/15/2015 16:00,466000,A,28.23,A,UTC
193519,USGS,7010000,6/15/2015 17:00,468000,A,28.34,A,UTC
193520,USGS,7010000,6/15/2015 18:00,469000,A,28.39,A,UTC
193521,USGS,7010000,6/15/2015 20:00,474000,A,28.64,A,UTC
193522,USGS,7010000,6/15/2015 21:00,473000,A,28.61,A,UTC
193523,USGS,7010000,6/15/2015 22:00,477000,A,28.8,A,UTC
193524,USGS,7010000,6/15/2015 23:00,477000,A,28.82,A,UTC
193525,USGS,7010000,6/16/2015 1:00,481000,A,29,A,UTC
193526,USGS,7010000,6/16/2015 2:00,482000,A,29.06,A,UTC
193527,USGS,7010000,6/16/2015 3:00,485000,A,29.23,A,UTC
193528,USGS,7010000,6/16/2015 4:00,486000,A,29.26,A,UTC
193529,USGS,7010000,6/16/2015 5:00,487000,A,29.33,A,UTC
193530,USGS,7010000,6/16/2015 6:00,490000,A,29.46,A,UTC
193531,USGS,7010000,6/16/2015 7:00,493000,A,29.6,A,UTC
193532,USGS,7010000,6/16/2015 8:00,493000,A,29.6,A,UTC
193533,USGS,7010000,6/16/2015 9:00,496000,A,29.76,A,UTC
193534,USGS,7010000,6/16/2015 10:00,497000,A,29.8,A,UTC
193535,USGS,7010000,6/16/2015 11:00,499000,A,29.92,A,UTC
193536,USGS,7010000,6/16/2015 12:00,5.00E+05,A,29.98,A,UTC
193537,USGS,7010000,6/16/2015 14:00,503000,A,30.12,A,UTC
193538,USGS,7010000,6/16/2015 15:00,507000,A,30.31,A,UTC
193539,USGS,7010000,6/16/2015 16:00,508000,A,30.36,A,UTC
193540,USGS,7010000,6/16/2015 17:00,509000,A,30.41,A,UTC
193541,USGS,7010000,6/16/2015 19:00,513000,A,30.61,A,UTC
193542,USGS,7010000,6/16/2015 20:00,514000,A,30.66,A,UTC
193543,USGS,7010000,6/16/2015 21:00,514000,A,30.69,A,UTC
193544,USGS,7010000,6/16/2015 22:00,515000,A,30.73,A,UTC
193545,USGS,7010000,6/16/2015 23:00,518000,A,30.88,A,UTC
193546,USGS,7010000,6/17/2015 0:00,518000,A,30.88,A,UTC
193547,USGS,7010000,6/17/2015 1:00,521000,A,31.02,A,UTC
193548,USGS,7010000,6/17/2015 2:00,522000,A,31.05,A,UTC
193549,USGS,7010000,6/17/2015 3:00,524000,A,31.19,A,UTC
193550,USGS,7010000,6/17/2015 4:00,525000,A,31.24,A,UTC
193551,USGS,7010000,6/17/2015 5:00,529000,A,31.4,A,UTC
193552,USGS,7010000,6/17/2015 6:00,531000,A,31.51,A,UTC
193553,USGS,7010000,6/17/2015 7:00,532000,A,31.56,A,UTC
193554,USGS,7010000,6/17/2015 8:00,534000,A,31.68,A,UTC
193555,USGS,7010000,6/17/2015 9:00,535000,A,31.73,A,UTC
193556,USGS,7010000,6/17/2015 10:00,539000,A,31.88,A,UTC
193557,USGS,7010000,6/17/2015 11:00,540000,A,31.95,A,UTC
193558,USGS,7010000,6/17/2015 12:00,541000,A,32.02,A,UTC
193559,USGS,7010000,6/17/2015 13:00,542000,A,32.06,A,UTC
193560,USGS,7010000,6/17/2015 14:00,543000,A,32.09,A,UTC
193561,USGS,7010000,6/17/2015 15:00,543000,A,32.1,A,UTC
193562,USGS,7010000,6/17/2015 16:00,545000,A,32.17,A,UTC
193563,USGS,7010000,6/17/2015 17:00,543000,A,32.08,A,UTC
193564,USGS,7010000,6/17/2015 18:00,545000,A,32.22,A,UTC
193565,USGS,7010000,6/17/2015 19:00,547000,A,32.31,A,UTC
193566,USGS,7010000,6/17/2015 20:00,550000,A,32.45,A,UTC
193567,USGS,7010000,6/17/2015 21:00,549000,A,32.4,A,UTC
193568,USGS,7010000,6/17/2015 22:00,551000,A,32.48,A,UTC
193569,USGS,7010000,6/17/2015 23:00,554000,A,32.6,A,UTC
193570,USGS,7010000,6/18/2015 0:00,555000,A,32.66,A,UTC
193571,USGS,7010000,6/18/2015 1:00,554000,A,32.64,A,UTC
193572,USGS,7010000,6/18/2015 2:00,554000,A,32.64,A,UTC
193573,USGS,7010000,6/18/2015 3:00,557000,A,32.78,A,UTC
193574,USGS,7010000,6/18/2015 4:00,559000,A,32.88,A,UTC
193575,USGS,7010000,6/18/2015 5:00,560000,A,32.9,A,UTC
193576,USGS,7010000,6/18/2015 6:00,560000,A,32.93,A,UTC
193577,USGS,7010000,6/18/2015 7:00,560000,A,32.9,A,UTC
193578,USGS,7010000,6/18/2015 8:00,562000,A,33.03,A,UTC
193579,USGS,7010000,6/18/2015 9:00,561000,A,32.94,A,UTC
193580,USGS,7010000,6/18/2015 10:00,560000,A,32.93,A,UTC
193581,USGS,7010000,6/18/2015 11:00,565000,A,33.15,A,UTC
193582,USGS,7010000,6/18/2015 12:00,569000,A,33.32,A,UTC
193583,USGS,7010000,6/18/2015 13:00,568000,A,33.28,A,UTC
193584,USGS,7010000,6/18/2015 14:00,567000,A,33.24,A,UTC
193585,USGS,7010000,6/18/2015 15:00,569000,A,33.33,A,UTC
193586,USGS,7010000,6/18/2015 16:00,568000,A,33.29,A,UTC
193587,USGS,7010000,6/18/2015 18:00,573000,A,33.53,A,UTC
193588,USGS,7010000,6/18/2015 19:00,574000,A,33.57,A,UTC
193589,USGS,7010000,6/18/2015 22:00,579000,A,33.79,A,UTC
193590,USGS,7010000,6/18/2015 23:00,580000,A,33.86,A,UTC
193591,USGS,7010000,6/19/2015 1:00,581000,A,33.89,A,UTC
193592,USGS,7010000,6/19/2015 2:00,582000,A,33.96,A,UTC
193593,USGS,7010000,6/19/2015 3:00,584000,A,34.04,A,UTC
193594,USGS,7010000,6/19/2015 4:00,585000,A,34.09,A,UTC
193595,USGS,7010000,6/19/2015 5:00,587000,A,34.18,A,UTC
193596,USGS,7010000,6/19/2015 6:00,588000,A,34.21,A,UTC
193597,USGS,7010000,6/19/2015 8:00,591000,A,34.34,A,UTC
193598,USGS,7010000,6/19/2015 9:00,592000,A,34.39,A,UTC
193599,USGS,7010000,6/19/2015 10:00,595000,A,34.52,A,UTC
193600,USGS,7010000,6/19/2015 12:00,598000,A,34.69,A,UTC
193601,USGS,7010000,6/19/2015 13:00,6.00E+05,A,34.77,A,UTC
193602,USGS,7010000,6/19/2015 14:00,602000,A,34.88,A,UTC
193603,USGS,7010000,6/19/2015 15:00,605000,A,35.01,A,UTC
193604,USGS,7010000,6/19/2015 16:00,609000,A,35.14,A,UTC
193605,USGS,7010000,6/19/2015 17:00,614000,A,35.34,A,UTC
193606,USGS,7010000,6/19/2015 18:00,618000,A,35.47,A,UTC
193607,USGS,7010000,6/19/2015 19:00,617000,A,35.46,A,UTC
193608,USGS,7010000,6/19/2015 20:00,620000,A,35.55,A,UTC
193609,USGS,7010000,6/19/2015 21:00,621000,A,35.61,A,UTC
193610,USGS,7010000,6/19/2015 22:00,623000,A,35.66,A,UTC
193611,USGS,7010000,6/19/2015 23:00,625000,A,35.76,A,UTC
193612,USGS,7010000,6/20/2015 0:00,625000,A,35.74,A,UTC
193613,USGS,7010000,6/20/2015 1:00,629000,A,35.89,A,UTC
193614,USGS,7010000,6/20/2015 2:00,629000,A,35.88,A,UTC
193615,USGS,7010000,6/20/2015 3:00,628000,A,35.86,A,UTC
193616,USGS,7010000,6/20/2015 4:00,634000,A,36.1,A,UTC
193617,USGS,7010000,6/20/2015 5:00,636000,A,36.14,A,UTC
193618,USGS,7010000,6/20/2015 6:00,634000,A,36.1,A,UTC
193619,USGS,7010000,6/20/2015 7:00,638000,A,36.21,A,UTC
193620,USGS,7010000,6/20/2015 9:00,640000,A,36.28,A,UTC
193621,USGS,7010000,6/20/2015 10:00,638000,A,36.24,A,UTC
193622,USGS,7010000,6/20/2015 13:00,640000,A,36.3,A,UTC
193623,USGS,7010000,6/20/2015 15:00,641000,A,36.33,A,UTC
193624,USGS,7010000,6/20/2015 16:00,643000,A,36.42,A,UTC
193625,USGS,7010000,6/20/2015 18:00,642000,A,36.38,A,UTC
193626,USGS,7010000,6/20/2015 19:00,645000,A,36.48,A,UTC
193627,USGS,7010000,6/20/2015 20:00,645000,A,36.48,A,UTC
193628,USGS,7010000,6/20/2015 21:00,649000,A,36.62,A,UTC
193629,USGS,7010000,6/20/2015 22:00,648000,A,36.58,A,UTC
193630,USGS,7010000,6/20/2015 23:00,649000,A,36.64,A,UTC
193631,USGS,7010000,6/21/2015 0:00,648000,A,36.58,A,UTC
193632,USGS,7010000,6/21/2015 1:00,649000,A,36.63,A,UTC
193633,USGS,7010000,6/21/2015 2:00,650000,A,36.66,A,UTC
193634,USGS,7010000,6/21/2015 3:00,649000,A,36.63,A,UTC
193635,USGS,7010000,6/21/2015 4:00,648000,A,36.58,A,UTC
193636,USGS,7010000,6/21/2015 5:00,648000,A,36.58,A,UTC
193637,USGS,7010000,6/21/2015 6:00,655000,A,36.84,A,UTC
193638,USGS,7010000,6/21/2015 7:00,653000,A,36.78,A,UTC
193639,USGS,7010000,6/21/2015 8:00,654000,A,36.8,A,UTC
193640,USGS,7010000,6/21/2015 10:00,654000,A,36.81,A,UTC
193641,USGS,7010000,6/21/2015 11:00,656000,A,36.87,A,UTC
193642,USGS,7010000,6/21/2015 12:00,653000,A,36.78,A,UTC
193643,USGS,7010000,6/21/2015 13:00,652000,A,36.73,A,UTC
193644,USGS,7010000,6/21/2015 14:00,650000,A,36.67,A,UTC
193645,USGS,7010000,6/21/2015 15:00,650000,A,36.68,A,UTC
193646,USGS,7010000,6/21/2015 16:00,658000,A,36.94,A,UTC
193647,USGS,7010000,6/21/2015 17:00,656000,A,36.87,A,UTC
193648,USGS,7010000,6/21/2015 18:00,657000,A,36.91,A,UTC
193649,USGS,7010000,6/21/2015 19:00,653000,A,36.79,A,UTC
193650,USGS,7010000,6/21/2015 20:00,655000,A,36.85,A,UTC
193651,USGS,7010000,6/21/2015 21:00,654000,A,36.82,A,UTC
193652,USGS,7010000,6/21/2015 22:00,655000,A,36.85,A,UTC
193653,USGS,7010000,6/21/2015 23:00,651000,A,36.7,A,UTC
193654,USGS,7010000,6/22/2015 0:00,650000,A,36.66,A,UTC
193655,USGS,7010000,6/22/2015 1:00,651000,A,36.72,A,UTC
193656,USGS,7010000,6/22/2015 2:00,653000,A,36.76,A,UTC
193657,USGS,7010000,6/22/2015 3:00,651000,A,36.69,A,UTC
193658,USGS,7010000,6/22/2015 4:00,650000,A,36.67,A,UTC
193659,USGS,7010000,6/22/2015 5:00,648000,A,36.6,A,UTC
193660,USGS,7010000,6/22/2015 6:00,648000,A,36.6,A,UTC
193661,USGS,7010000,6/22/2015 7:00,651000,A,36.71,A,UTC
193662,USGS,7010000,6/22/2015 8:00,649000,A,36.64,A,UTC
193663,USGS,7010000,6/22/2015 10:00,645000,A,36.47,A,UTC
193664,USGS,7010000,6/22/2015 12:00,647000,A,36.54,A,UTC
193665,USGS,7010000,6/22/2015 13:00,646000,A,36.53,A,UTC
193666,USGS,7010000,6/22/2015 14:00,644000,A,36.45,A,UTC
193667,USGS,7010000,6/22/2015 15:00,644000,A,36.45,A,UTC
193668,USGS,7010000,6/22/2015 16:00,646000,A,36.5,A,UTC
193669,USGS,7010000,6/22/2015 17:00,643000,A,36.41,A,UTC
193670,USGS,7010000,6/22/2015 18:00,643000,A,36.4,A,UTC
193671,USGS,7010000,6/22/2015 19:00,641000,A,36.35,A,UTC
193672,USGS,7010000,6/22/2015 20:00,643000,A,36.39,A,UTC
193673,USGS,7010000,6/22/2015 21:00,643000,A,36.39,A,UTC
193674,USGS,7010000,6/22/2015 22:00,642000,A,36.37,A,UTC
193675,USGS,7010000,6/22/2015 23:00,641000,A,36.33,A,UTC
193676,USGS,7010000,6/23/2015 0:00,639000,A,36.26,A,UTC
193677,USGS,7010000,6/23/2015 1:00,643000,A,36.39,A,UTC
193678,USGS,7010000,6/23/2015 2:00,639000,A,36.25,A,UTC
193679,USGS,7010000,6/23/2015 3:00,638000,A,36.23,A,UTC
193680,USGS,7010000,6/23/2015 4:00,642000,A,36.37,A,UTC
193681,USGS,7010000,6/23/2015 5:00,641000,A,36.35,A,UTC
193682,USGS,7010000,6/23/2015 6:00,639000,A,36.26,A,UTC
193683,USGS,7010000,6/23/2015 7:00,642000,A,36.37,A,UTC
193684,USGS,7010000,6/23/2015 8:00,642000,A,36.37,A,UTC
193685,USGS,7010000,6/23/2015 9:00,643000,A,36.4,A,UTC
193686,USGS,7010000,6/23/2015 10:00,643000,A,36.41,A,UTC
193687,USGS,7010000,6/23/2015 11:00,643000,A,36.4,A,UTC
193688,USGS,7010000,6/23/2015 15:00,648000,A,36.6,A,UTC
193689,USGS,7010000,6/23/2015 16:00,647000,A,36.55,A,UTC
193690,USGS,7010000,6/23/2015 17:00,645000,A,36.48,A,UTC
193691,USGS,7010000,6/23/2015 18:00,647000,A,36.56,A,UTC
193692,USGS,7010000,6/23/2015 19:00,646000,A,36.5,A,UTC
193693,USGS,7010000,6/23/2015 20:00,648000,A,36.58,A,UTC
193694,USGS,7010000,6/23/2015 21:00,647000,A,36.54,A,UTC
193695,USGS,7010000,6/23/2015 22:00,650000,A,36.67,A,UTC
193696,USGS,7010000,6/23/2015 23:00,648000,A,36.58,A,UTC
193697,USGS,7010000,6/24/2015 0:00,647000,A,36.57,A,UTC
193698,USGS,7010000,6/24/2015 1:00,649000,A,36.64,A,UTC
193699,USGS,7010000,6/24/2015 2:00,648000,A,36.61,A,UTC
193700,USGS,7010000,6/24/2015 3:00,648000,A,36.6,A,UTC
193701,USGS,7010000,6/24/2015 4:00,650000,A,36.66,A,UTC
193702,USGS,7010000,6/24/2015 5:00,650000,A,36.65,A,UTC
193703,USGS,7010000,6/24/2015 7:00,649000,A,36.64,A,UTC
193704,USGS,7010000,6/24/2015 8:00,650000,A,36.65,A,UTC
193705,USGS,7010000,6/24/2015 9:00,648000,A,36.61,A,UTC
193706,USGS,7010000,6/24/2015 10:00,650000,A,36.65,A,UTC
193707,USGS,7010000,6/24/2015 11:00,650000,A,36.67,A,UTC
193708,USGS,7010000,6/24/2015 12:00,652000,A,36.73,A,UTC
193709,USGS,7010000,6/24/2015 13:00,650000,A,36.66,A,UTC
193710,USGS,7010000,6/24/2015 14:00,648000,A,36.6,A,UTC
193711,USGS,7010000,6/24/2015 15:00,651000,A,36.7,A,UTC
193712,USGS,7010000,6/24/2015 16:00,648000,A,36.6,A,UTC
193713,USGS,7010000,6/24/2015 18:00,648000,A,36.61,A,UTC
193714,USGS,7010000,6/24/2015 20:00,648000,A,36.58,A,UTC
193715,USGS,7010000,6/24/2015 22:00,646000,A,36.51,A,UTC
193716,USGS,7010000,6/24/2015 23:00,646000,A,36.51,A,UTC
193717,USGS,7010000,6/25/2015 0:00,643000,A,36.4,A,UTC
193718,USGS,7010000,6/25/2015 1:00,646000,A,36.52,A,UTC
193719,USGS,7010000,6/25/2015 2:00,644000,A,36.43,A,UTC
193720,USGS,7010000,6/25/2015 3:00,643000,A,36.41,A,UTC
193721,USGS,7010000,6/25/2015 4:00,642000,A,36.37,A,UTC
193722,USGS,7010000,6/25/2015 5:00,640000,A,36.31,A,UTC
193723,USGS,7010000,6/25/2015 8:00,638000,A,36.24,A,UTC
193724,USGS,7010000,6/25/2015 9:00,641000,A,36.34,A,UTC
193725,USGS,7010000,6/25/2015 10:00,639000,A,36.27,A,UTC
193726,USGS,7010000,6/25/2015 12:00,638000,A,36.23,A,UTC
193727,USGS,7010000,6/25/2015 14:00,637000,A,36.18,A,UTC
193728,USGS,7010000,6/25/2015 15:00,638000,A,36.21,A,UTC
193729,USGS,7010000,6/25/2015 16:00,637000,A,36.18,A,UTC
193730,USGS,7010000,6/25/2015 17:00,636000,A,36.14,A,UTC
193731,USGS,7010000,6/25/2015 18:00,636000,A,36.14,A,UTC
193732,USGS,7010000,6/25/2015 19:00,634000,A,36.08,A,UTC
193733,USGS,7010000,6/25/2015 20:00,633000,A,36.02,A,UTC
193734,USGS,7010000,6/25/2015 21:00,634000,A,36.09,A,UTC
193735,USGS,7010000,6/25/2015 22:00,630000,A,35.94,A,UTC
193736,USGS,7010000,6/25/2015 23:00,631000,A,35.96,A,UTC
193737,USGS,7010000,6/26/2015 0:00,630000,A,35.92,A,UTC
193738,USGS,7010000,6/26/2015 1:00,633000,A,36.02,A,UTC
193739,USGS,7010000,6/26/2015 2:00,632000,A,35.99,A,UTC
193740,USGS,7010000,6/26/2015 3:00,629000,A,35.91,A,UTC
193741,USGS,7010000,6/26/2015 4:00,632000,A,36,A,UTC
193742,USGS,7010000,6/26/2015 5:00,634000,A,36.08,A,UTC
193743,USGS,7010000,6/26/2015 6:00,635000,A,36.11,A,UTC
193744,USGS,7010000,6/26/2015 7:00,633000,A,36.02,A,UTC
193745,USGS,7010000,6/26/2015 8:00,634000,A,36.07,A,UTC
193746,USGS,7010000,6/26/2015 9:00,632000,A,36.01,A,UTC
193747,USGS,7010000,6/26/2015 10:00,632000,A,35.99,A,UTC
193748,USGS,7010000,6/26/2015 11:00,632000,A,36,A,UTC
193749,USGS,7010000,6/26/2015 12:00,633000,A,36.04,A,UTC
193750,USGS,7010000,6/26/2015 13:00,635000,A,36.12,A,UTC
193751,USGS,7010000,6/26/2015 14:00,637000,A,36.18,A,UTC
193752,USGS,7010000,6/26/2015 15:00,636000,A,36.16,A,UTC
193753,USGS,7010000,6/26/2015 16:00,635000,A,36.11,A,UTC
193754,USGS,7010000,6/26/2015 17:00,633000,A,36.04,A,UTC
193755,USGS,7010000,6/26/2015 18:00,634000,A,36.08,A,UTC
193756,USGS,7010000,6/26/2015 19:00,632000,A,36.01,A,UTC
193757,USGS,7010000,6/26/2015 20:00,634000,A,36.07,A,UTC
193758,USGS,7010000,6/26/2015 21:00,632000,A,36,A,UTC
193759,USGS,7010000,6/26/2015 22:00,633000,A,36.02,A,UTC
193760,USGS,7010000,6/26/2015 23:00,631000,A,35.96,A,UTC
193761,USGS,7010000,6/27/2015 0:00,630000,A,35.94,A,UTC
193762,USGS,7010000,6/27/2015 1:00,630000,A,35.94,A,UTC
193763,USGS,7010000,6/27/2015 2:00,629000,A,35.91,A,UTC
193764,USGS,7010000,6/27/2015 3:00,629000,A,35.89,A,UTC
193765,USGS,7010000,6/27/2015 4:00,629000,A,35.88,A,UTC
193766,USGS,7010000,6/27/2015 5:00,628000,A,35.87,A,UTC
193767,USGS,7010000,6/27/2015 6:00,627000,A,35.81,A,UTC
193768,USGS,7010000,6/27/2015 7:00,628000,A,35.85,A,UTC
193769,USGS,7010000,6/27/2015 8:00,626000,A,35.79,A,UTC
193770,USGS,7010000,6/27/2015 9:00,627000,A,35.83,A,UTC
193771,USGS,7010000,6/27/2015 10:00,629000,A,35.89,A,UTC
193772,USGS,7010000,6/27/2015 11:00,628000,A,35.84,A,UTC
193773,USGS,7010000,6/27/2015 13:00,628000,A,35.86,A,UTC
193774,USGS,7010000,6/27/2015 14:00,627000,A,35.83,A,UTC
193775,USGS,7010000,6/27/2015 15:00,629000,A,35.91,A,UTC
193776,USGS,7010000,6/27/2015 17:00,632000,A,36,A,UTC
193777,USGS,7010000,6/27/2015 18:00,633000,A,36.05,A,UTC
193778,USGS,7010000,6/27/2015 19:00,633000,A,36.05,A,UTC
193779,USGS,7010000,6/27/2015 20:00,634000,A,36.1,A,UTC
193780,USGS,7010000,6/27/2015 21:00,635000,A,36.12,A,UTC
193781,USGS,7010000,6/27/2015 22:00,635000,A,36.12,A,UTC
193782,USGS,7010000,6/27/2015 23:00,640000,A,36.28,A,UTC
193783,USGS,7010000,6/28/2015 0:00,640000,A,36.29,A,UTC
193784,USGS,7010000,6/28/2015 2:00,641000,A,36.34,A,UTC
193785,USGS,7010000,6/28/2015 4:00,641000,A,36.32,A,UTC
193786,USGS,7010000,6/28/2015 5:00,642000,A,36.36,A,UTC
193787,USGS,7010000,6/28/2015 6:00,643000,A,36.4,A,UTC
193788,USGS,7010000,6/28/2015 9:00,646000,A,36.52,A,UTC
193789,USGS,7010000,6/28/2015 10:00,646000,A,36.5,A,UTC
193790,USGS,7010000,6/28/2015 11:00,649000,A,36.63,A,UTC
193791,USGS,7010000,6/28/2015 12:00,650000,A,36.67,A,UTC
193792,USGS,7010000,6/28/2015 13:00,651000,A,36.69,A,UTC
193793,USGS,7010000,6/28/2015 14:00,651000,A,36.7,A,UTC
193794,USGS,7010000,6/28/2015 15:00,654000,A,36.82,A,UTC
193795,USGS,7010000,6/28/2015 17:00,651000,A,36.72,A,UTC
193796,USGS,7010000,6/28/2015 18:00,652000,A,36.74,A,UTC
193797,USGS,7010000,6/28/2015 19:00,657000,A,36.92,A,UTC
193798,USGS,7010000,6/28/2015 20:00,655000,A,36.83,A,UTC
193799,USGS,7010000,6/28/2015 21:00,656000,A,36.88,A,UTC
193800,USGS,7010000,6/28/2015 22:00,658000,A,36.95,A,UTC
193801,USGS,7010000,6/28/2015 23:00,660000,A,37.01,A,UTC
193802,USGS,7010000,6/29/2015 0:00,664000,A,37.17,A,UTC
193803,USGS,7010000,6/29/2015 2:00,662000,A,37.11,A,UTC
193804,USGS,7010000,6/29/2015 3:00,667000,A,37.26,A,UTC
193805,USGS,7010000,6/29/2015 5:00,666000,A,37.23,A,UTC
193806,USGS,7010000,6/29/2015 6:00,666000,A,37.25,A,UTC
193807,USGS,7010000,6/29/2015 7:00,670000,A,37.39,A,UTC
193808,USGS,7010000,6/29/2015 10:00,675000,A,37.56,A,UTC
193809,USGS,7010000,6/29/2015 11:00,673000,A,37.51,A,UTC
193810,USGS,7010000,6/29/2015 12:00,672000,A,37.46,A,UTC
193811,USGS,7010000,6/29/2015 13:00,673000,A,37.48,A,UTC
193812,USGS,7010000,6/29/2015 14:00,673000,A,37.49,A,UTC
193813,USGS,7010000,6/29/2015 16:00,674000,A,37.53,A,UTC
193814,USGS,7010000,6/29/2015 17:00,673000,A,37.5,A,UTC
193815,USGS,7010000,6/29/2015 20:00,680000,A,37.75,A,UTC
193816,USGS,7010000,6/29/2015 21:00,678000,A,37.65,A,UTC
193817,USGS,7010000,6/29/2015 22:00,676000,A,37.59,A,UTC
193818,USGS,7010000,6/29/2015 23:00,673000,A,37.51,A,UTC
193819,USGS,7010000,6/30/2015 1:00,675000,A,37.56,A,UTC
193820,USGS,7010000,6/30/2015 2:00,678000,A,37.66,A,UTC
193821,USGS,7010000,6/30/2015 3:00,683000,A,37.84,A,UTC
193822,USGS,7010000,6/30/2015 4:00,682000,A,37.82,A,UTC
193823,USGS,7010000,6/30/2015 5:00,680000,A,37.72,A,UTC
193824,USGS,7010000,6/30/2015 7:00,680000,A,37.73,A,UTC
193825,USGS,7010000,6/30/2015 8:00,680000,A,37.74,A,UTC
193826,USGS,7010000,6/30/2015 11:00,688000,A,38.01,A,UTC
193827,USGS,7010000,6/30/2015 12:00,686000,A,37.94,A,UTC
193828,USGS,7010000,6/30/2015 14:00,686000,A,37.94,A,UTC
193829,USGS,7010000,6/30/2015 19:00,698000,A,38.39,A,UTC
193830,USGS,7010000,6/30/2015 20:00,696000,A,38.3,A,UTC
193831,USGS,7010000,6/30/2015 21:00,696000,A,38.29,A,UTC
193832,USGS,7010000,6/30/2015 22:00,698000,A,38.37,A,UTC
193833,USGS,7010000,6/30/2015 23:00,698000,A,38.39,A,UTC
193834,USGS,7010000,7/1/2015 0:00,697000,A,38.32,A,UTC
193835,USGS,7010000,7/1/2015 1:00,7.00E+05,A,38.45,A,UTC
193836,USGS,7010000,7/1/2015 2:00,698000,A,38.37,A,UTC
193837,USGS,7010000,7/1/2015 5:00,699000,A,38.41,A,UTC
193838,USGS,7010000,7/1/2015 6:00,7.00E+05,A,38.42,A,UTC
193839,USGS,7010000,7/1/2015 8:00,699000,A,38.41,A,UTC
193840,USGS,7010000,7/1/2015 9:00,697000,A,38.34,A,UTC
193841,USGS,7010000,7/1/2015 10:00,695000,A,38.28,A,UTC
193842,USGS,7010000,7/1/2015 11:00,696000,A,38.31,A,UTC
193843,USGS,7010000,7/1/2015 12:00,697000,A,38.34,A,UTC
193844,USGS,7010000,7/1/2015 13:00,691000,A,38.11,A,UTC
193845,USGS,7010000,7/1/2015 14:00,697000,A,38.34,A,UTC
193846,USGS,7010000,7/1/2015 15:00,692000,A,38.16,A,UTC
193847,USGS,7010000,7/1/2015 16:00,693000,A,38.21,A,UTC
193848,USGS,7010000,7/1/2015 17:00,687000,A,38,A,UTC
193849,USGS,7010000,7/1/2015 18:00,688000,A,38.01,A,UTC
193850,USGS,7010000,7/1/2015 19:00,686000,A,37.94,A,UTC
193851,USGS,7010000,7/1/2015 20:00,687000,A,37.97,A,UTC
193852,USGS,7010000,7/1/2015 21:00,686000,A,37.94,A,UTC
193853,USGS,7010000,7/1/2015 22:00,685000,A,37.9,A,UTC
193854,USGS,7010000,7/1/2015 23:00,683000,A,37.84,A,UTC
193855,USGS,7010000,7/2/2015 0:00,681000,A,37.77,A,UTC
193856,USGS,7010000,7/2/2015 1:00,681000,A,37.78,A,UTC
193857,USGS,7010000,7/2/2015 2:00,682000,A,37.79,A,UTC
193858,USGS,7010000,7/2/2015 3:00,683000,A,37.83,A,UTC
193859,USGS,7010000,7/2/2015 4:00,679000,A,37.71,A,UTC
193860,USGS,7010000,7/2/2015 5:00,680000,A,37.74,A,UTC
193861,USGS,7010000,7/2/2015 6:00,677000,A,37.61,A,UTC
193862,USGS,7010000,7/2/2015 7:00,675000,A,37.58,A,UTC
193863,USGS,7010000,7/2/2015 8:00,676000,A,37.59,A,UTC
193864,USGS,7010000,7/2/2015 9:00,676000,A,37.59,A,UTC
193865,USGS,7010000,7/2/2015 10:00,674000,A,37.53,A,UTC
193866,USGS,7010000,7/2/2015 11:00,675000,A,37.56,A,UTC
193867,USGS,7010000,7/2/2015 12:00,674000,A,37.52,A,UTC
193868,USGS,7010000,7/2/2015 13:00,674000,A,37.52,A,UTC
193869,USGS,7010000,7/2/2015 14:00,672000,A,37.46,A,UTC
193870,USGS,7010000,7/2/2015 15:00,672000,A,37.46,A,UTC
193871,USGS,7010000,7/2/2015 16:00,672000,A,37.44,A,UTC
193872,USGS,7010000,7/2/2015 17:00,671000,A,37.41,A,UTC
193873,USGS,7010000,7/2/2015 18:00,670000,A,37.37,A,UTC
193874,USGS,7010000,7/2/2015 19:00,671000,A,37.42,A,UTC
193875,USGS,7010000,7/2/2015 20:00,669000,A,37.35,A,UTC
193876,USGS,7010000,7/2/2015 21:00,670000,A,37.37,A,UTC
193877,USGS,7010000,7/2/2015 22:00,668000,A,37.33,A,UTC
193878,USGS,7010000,7/2/2015 23:00,669000,A,37.36,A,UTC
193879,USGS,7010000,7/3/2015 0:00,668000,A,37.31,A,UTC
193880,USGS,7010000,7/3/2015 1:00,668000,A,37.32,A,UTC
193881,USGS,7010000,7/3/2015 2:00,666000,A,37.25,A,UTC
193882,USGS,7010000,7/3/2015 3:00,668000,A,37.32,A,UTC
193883,USGS,7010000,7/3/2015 4:00,666000,A,37.23,A,UTC
193884,USGS,7010000,7/3/2015 5:00,666000,A,37.25,A,UTC
193885,USGS,7010000,7/3/2015 6:00,665000,A,37.22,A,UTC
193886,USGS,7010000,7/3/2015 7:00,666000,A,37.24,A,UTC
193887,USGS,7010000,7/3/2015 8:00,666000,A,37.25,A,UTC
193888,USGS,7010000,7/3/2015 9:00,665000,A,37.22,A,UTC
193889,USGS,7010000,7/3/2015 10:00,665000,A,37.22,A,UTC
193890,USGS,7010000,7/3/2015 11:00,665000,A,37.22,A,UTC
193891,USGS,7010000,7/3/2015 12:00,665000,A,37.21,A,UTC
193892,USGS,7010000,7/3/2015 13:00,665000,A,37.2,A,UTC
193893,USGS,7010000,7/3/2015 14:00,666000,A,37.23,A,UTC
193894,USGS,7010000,7/3/2015 15:00,665000,A,37.21,A,UTC
193895,USGS,7010000,7/3/2015 16:00,663000,A,37.15,A,UTC
193896,USGS,7010000,7/3/2015 17:00,665000,A,37.2,A,UTC
193897,USGS,7010000,7/3/2015 18:00,663000,A,37.13,A,UTC
193898,USGS,7010000,7/3/2015 19:00,664000,A,37.18,A,UTC
193899,USGS,7010000,7/3/2015 20:00,664000,A,37.17,A,UTC
193900,USGS,7010000,7/3/2015 21:00,663000,A,37.12,A,UTC
193901,USGS,7010000,7/3/2015 22:00,664000,A,37.16,A,UTC
193902,USGS,7010000,7/3/2015 23:00,663000,A,37.14,A,UTC
193903,USGS,7010000,7/4/2015 0:00,662000,A,37.09,A,UTC
193904,USGS,7010000,7/4/2015 1:00,663000,A,37.12,A,UTC
193905,USGS,7010000,7/4/2015 2:00,662000,A,37.1,A,UTC
193906,USGS,7010000,7/4/2015 3:00,661000,A,37.07,A,UTC
193907,USGS,7010000,7/4/2015 4:00,661000,A,37.06,A,UTC
193908,USGS,7010000,7/4/2015 5:00,662000,A,37.09,A,UTC
193909,USGS,7010000,7/4/2015 6:00,659000,A,36.99,A,UTC
193910,USGS,7010000,7/4/2015 7:00,660000,A,37.03,A,UTC
193911,USGS,7010000,7/4/2015 8:00,660000,A,37.04,A,UTC
193912,USGS,7010000,7/4/2015 9:00,660000,A,37.01,A,UTC
193913,USGS,7010000,7/4/2015 10:00,660000,A,37.03,A,UTC
193914,USGS,7010000,7/4/2015 11:00,658000,A,36.97,A,UTC
193915,USGS,7010000,7/4/2015 12:00,658000,A,36.97,A,UTC
193916,USGS,7010000,7/4/2015 13:00,658000,A,36.94,A,UTC
193917,USGS,7010000,7/4/2015 14:00,657000,A,36.93,A,UTC
193918,USGS,7010000,7/4/2015 15:00,658000,A,36.95,A,UTC
193919,USGS,7010000,7/4/2015 16:00,658000,A,36.94,A,UTC
193920,USGS,7010000,7/4/2015 17:00,656000,A,36.87,A,UTC
193921,USGS,7010000,7/4/2015 18:00,655000,A,36.86,A,UTC
193922,USGS,7010000,7/4/2015 19:00,654000,A,36.8,A,UTC
193923,USGS,7010000,7/4/2015 20:00,654000,A,36.8,A,UTC
193924,USGS,7010000,7/4/2015 21:00,653000,A,36.78,A,UTC
193925,USGS,7010000,7/4/2015 22:00,653000,A,36.76,A,UTC
193926,USGS,7010000,7/4/2015 23:00,651000,A,36.72,A,UTC
193927,USGS,7010000,7/5/2015 0:00,651000,A,36.69,A,UTC
193928,USGS,7010000,7/5/2015 1:00,650000,A,36.65,A,UTC
193929,USGS,7010000,7/5/2015 2:00,648000,A,36.6,A,UTC
193930,USGS,7010000,7/5/2015 3:00,648000,A,36.58,A,UTC
193931,USGS,7010000,7/5/2015 4:00,647000,A,36.55,A,UTC
193932,USGS,7010000,7/5/2015 5:00,646000,A,36.53,A,UTC
193933,USGS,7010000,7/5/2015 6:00,645000,A,36.46,A,UTC
193934,USGS,7010000,7/5/2015 7:00,645000,A,36.49,A,UTC
193935,USGS,7010000,7/5/2015 8:00,644000,A,36.44,A,UTC
193936,USGS,7010000,7/5/2015 9:00,643000,A,36.41,A,UTC
193937,USGS,7010000,7/5/2015 10:00,642000,A,36.37,A,UTC
193938,USGS,7010000,7/5/2015 11:00,641000,A,36.33,A,UTC
193939,USGS,7010000,7/5/2015 12:00,639000,A,36.27,A,UTC
193940,USGS,7010000,7/5/2015 13:00,641000,A,36.32,A,UTC
193941,USGS,7010000,7/5/2015 14:00,638000,A,36.21,A,UTC
193942,USGS,7010000,7/5/2015 15:00,638000,A,36.22,A,UTC
193943,USGS,7010000,7/5/2015 16:00,637000,A,36.18,A,UTC
193944,USGS,7010000,7/5/2015 17:00,636000,A,36.17,A,UTC
193945,USGS,7010000,7/5/2015 18:00,636000,A,36.14,A,UTC
193946,USGS,7010000,7/5/2015 19:00,634000,A,36.09,A,UTC
193947,USGS,7010000,7/5/2015 20:00,633000,A,36.03,A,UTC
193948,USGS,7010000,7/5/2015 21:00,630000,A,35.93,A,UTC
193949,USGS,7010000,7/5/2015 22:00,630000,A,35.94,A,UTC
193950,USGS,7010000,7/5/2015 23:00,629000,A,35.91,A,UTC
193951,USGS,7010000,7/6/2015 0:00,628000,A,35.84,A,UTC
193952,USGS,7010000,7/6/2015 1:00,624000,A,35.72,A,UTC
193953,USGS,7010000,7/6/2015 2:00,624000,A,35.7,A,UTC
193954,USGS,7010000,7/6/2015 3:00,623000,A,35.68,A,UTC
193955,USGS,7010000,7/6/2015 4:00,622000,A,35.64,A,UTC
193956,USGS,7010000,7/6/2015 5:00,620000,A,35.57,A,UTC
193957,USGS,7010000,7/6/2015 6:00,617000,A,35.46,A,UTC
193958,USGS,7010000,7/6/2015 7:00,618000,A,35.47,A,UTC
193959,USGS,7010000,7/6/2015 8:00,616000,A,35.42,A,UTC
193960,USGS,7010000,7/6/2015 9:00,614000,A,35.35,A,UTC
193961,USGS,7010000,7/6/2015 10:00,614000,A,35.32,A,UTC
193962,USGS,7010000,7/6/2015 11:00,611000,A,35.21,A,UTC
193963,USGS,7010000,7/6/2015 12:00,609000,A,35.14,A,UTC
193964,USGS,7010000,7/6/2015 13:00,607000,A,35.08,A,UTC
193965,USGS,7010000,7/6/2015 14:00,606000,A,35.04,A,UTC
193966,USGS,7010000,7/6/2015 15:00,604000,A,34.96,A,UTC
193967,USGS,7010000,7/6/2015 16:00,603000,A,34.91,A,UTC
193968,USGS,7010000,7/6/2015 17:00,602000,A,34.85,A,UTC
193969,USGS,7010000,7/6/2015 18:00,6.00E+05,A,34.78,A,UTC
193970,USGS,7010000,7/6/2015 19:00,601000,A,34.8,A,UTC
193971,USGS,7010000,7/6/2015 20:00,598000,A,34.69,A,UTC
193972,USGS,7010000,7/6/2015 21:00,597000,A,34.62,A,UTC
193973,USGS,7010000,7/6/2015 22:00,595000,A,34.56,A,UTC
193974,USGS,7010000,7/6/2015 23:00,594000,A,34.48,A,UTC
193975,USGS,7010000,7/7/2015 0:00,592000,A,34.41,A,UTC
193976,USGS,7010000,7/7/2015 1:00,591000,A,34.37,A,UTC
193977,USGS,7010000,7/7/2015 2:00,589000,A,34.26,A,UTC
193978,USGS,7010000,7/7/2015 3:00,587000,A,34.18,A,UTC
193979,USGS,7010000,7/7/2015 4:00,586000,A,34.12,A,UTC
193980,USGS,7010000,7/7/2015 5:00,583000,A,33.98,A,UTC
193981,USGS,7010000,7/7/2015 6:00,581000,A,33.91,A,UTC
193982,USGS,7010000,7/7/2015 7:00,581000,A,33.88,A,UTC
193983,USGS,7010000,7/7/2015 8:00,578000,A,33.77,A,UTC
193984,USGS,7010000,7/7/2015 9:00,577000,A,33.7,A,UTC
193985,USGS,7010000,7/7/2015 10:00,575000,A,33.63,A,UTC
193986,USGS,7010000,7/7/2015 11:00,574000,A,33.57,A,UTC
193987,USGS,7010000,7/7/2015 12:00,572000,A,33.49,A,UTC
193988,USGS,7010000,7/7/2015 13:00,570000,A,33.37,A,UTC
193989,USGS,7010000,7/7/2015 14:00,569000,A,33.35,A,UTC
193990,USGS,7010000,7/7/2015 15:00,567000,A,33.22,A,UTC
193991,USGS,7010000,7/7/2015 16:00,566000,A,33.21,A,UTC
193992,USGS,7010000,7/7/2015 17:00,565000,A,33.14,A,UTC
193993,USGS,7010000,7/7/2015 18:00,562000,A,33.02,A,UTC
193994,USGS,7010000,7/7/2015 19:00,562000,A,32.98,A,UTC
193995,USGS,7010000,7/7/2015 20:00,560000,A,32.9,A,UTC
193996,USGS,7010000,7/7/2015 21:00,558000,A,32.82,A,UTC
193997,USGS,7010000,7/7/2015 22:00,556000,A,32.72,A,UTC
193998,USGS,7010000,7/7/2015 23:00,554000,A,32.65,A,UTC
193999,USGS,7010000,7/8/2015 0:00,553000,A,32.59,A,UTC
194000,USGS,7010000,7/8/2015 1:00,552000,A,32.51,A,UTC
194001,USGS,7010000,7/8/2015 2:00,550000,A,32.42,A,UTC
194002,USGS,7010000,7/8/2015 3:00,548000,A,32.34,A,UTC
194003,USGS,7010000,7/8/2015 4:00,547000,A,32.3,A,UTC
194004,USGS,7010000,7/8/2015 5:00,545000,A,32.21,A,UTC
194005,USGS,7010000,7/8/2015 6:00,544000,A,32.14,A,UTC
194006,USGS,7010000,7/8/2015 7:00,542000,A,32.05,A,UTC
194007,USGS,7010000,7/8/2015 8:00,541000,A,31.99,A,UTC
194008,USGS,7010000,7/8/2015 9:00,539000,A,31.9,A,UTC
194009,USGS,7010000,7/8/2015 10:00,539000,A,31.88,A,UTC
194010,USGS,7010000,7/8/2015 11:00,537000,A,31.78,A,UTC
194011,USGS,7010000,7/8/2015 12:00,535000,A,31.73,A,UTC
194012,USGS,7010000,7/8/2015 13:00,534000,A,31.66,A,UTC
194013,USGS,7010000,7/8/2015 14:00,532000,A,31.58,A,UTC
194014,USGS,7010000,7/8/2015 15:00,532000,A,31.57,A,UTC
194015,USGS,7010000,7/8/2015 16:00,532000,A,31.58,A,UTC
194016,USGS,7010000,7/8/2015 17:00,532000,A,31.58,A,UTC
194017,USGS,7010000,7/8/2015 18:00,532000,A,31.56,A,UTC
194018,USGS,7010000,7/8/2015 19:00,530000,A,31.48,A,UTC
194019,USGS,7010000,7/8/2015 20:00,529000,A,31.44,A,UTC
194020,USGS,7010000,7/8/2015 21:00,529000,A,31.41,A,UTC
194021,USGS,7010000,7/8/2015 22:00,527000,A,31.32,A,UTC
194022,USGS,7010000,7/8/2015 23:00,527000,A,31.33,A,UTC
194023,USGS,7010000,7/9/2015 0:00,527000,A,31.32,A,UTC
194024,USGS,7010000,7/9/2015 1:00,526000,A,31.28,A,UTC
194025,USGS,7010000,7/9/2015 2:00,526000,A,31.29,A,UTC
194026,USGS,7010000,7/9/2015 3:00,527000,A,31.3,A,UTC
194027,USGS,7010000,7/9/2015 4:00,526000,A,31.29,A,UTC
194028,USGS,7010000,7/9/2015 5:00,527000,A,31.31,A,UTC
194029,USGS,7010000,7/9/2015 6:00,528000,A,31.39,A,UTC
194030,USGS,7010000,7/9/2015 7:00,529000,A,31.4,A,UTC
194031,USGS,7010000,7/9/2015 8:00,529000,A,31.43,A,UTC
194032,USGS,7010000,7/9/2015 9:00,530000,A,31.47,A,UTC
194033,USGS,7010000,7/9/2015 10:00,531000,A,31.54,A,UTC
194034,USGS,7010000,7/9/2015 11:00,532000,A,31.57,A,UTC
194035,USGS,7010000,7/9/2015 12:00,533000,A,31.63,A,UTC
194036,USGS,7010000,7/9/2015 13:00,534000,A,31.67,A,UTC
194037,USGS,7010000,7/9/2015 14:00,536000,A,31.74,A,UTC
194038,USGS,7010000,7/9/2015 15:00,537000,A,31.83,A,UTC
194039,USGS,7010000,7/9/2015 16:00,539000,A,31.89,A,UTC
194040,USGS,7010000,7/9/2015 17:00,540000,A,31.95,A,UTC
194041,USGS,7010000,7/9/2015 18:00,542000,A,32.03,A,UTC
194042,USGS,7010000,7/9/2015 19:00,543000,A,32.09,A,UTC
194043,USGS,7010000,7/9/2015 20:00,545000,A,32.2,A,UTC
194044,USGS,7010000,7/9/2015 21:00,546000,A,32.26,A,UTC
194045,USGS,7010000,7/9/2015 22:00,548000,A,32.36,A,UTC
194046,USGS,7010000,7/9/2015 23:00,551000,A,32.49,A,UTC
194047,USGS,7010000,7/10/2015 0:00,553000,A,32.56,A,UTC
194048,USGS,7010000,7/10/2015 1:00,555000,A,32.66,A,UTC
194049,USGS,7010000,7/10/2015 2:00,557000,A,32.75,A,UTC
194050,USGS,7010000,7/10/2015 3:00,558000,A,32.8,A,UTC
194051,USGS,7010000,7/10/2015 4:00,560000,A,32.92,A,UTC
194052,USGS,7010000,7/10/2015 5:00,562000,A,33,A,UTC
194053,USGS,7010000,7/10/2015 6:00,563000,A,33.06,A,UTC
194054,USGS,7010000,7/10/2015 7:00,566000,A,33.2,A,UTC
194055,USGS,7010000,7/10/2015 8:00,567000,A,33.26,A,UTC
194056,USGS,7010000,7/10/2015 9:00,570000,A,33.4,A,UTC
194057,USGS,7010000,7/10/2015 10:00,573000,A,33.53,A,UTC
194058,USGS,7010000,7/10/2015 11:00,577000,A,33.69,A,UTC
194059,USGS,7010000,7/10/2015 12:00,579000,A,33.81,A,UTC
194060,USGS,7010000,7/10/2015 13:00,580000,A,33.87,A,UTC
194061,USGS,7010000,7/10/2015 14:00,582000,A,33.93,A,UTC
194062,USGS,7010000,7/10/2015 15:00,584000,A,34.03,A,UTC
194063,USGS,7010000,7/10/2015 16:00,587000,A,34.17,A,UTC
194064,USGS,7010000,7/10/2015 17:00,587000,A,34.16,A,UTC
194065,USGS,7010000,7/10/2015 18:00,590000,A,34.32,A,UTC
194066,USGS,7010000,7/10/2015 19:00,591000,A,34.34,A,UTC
194067,USGS,7010000,7/10/2015 20:00,594000,A,34.49,A,UTC
194068,USGS,7010000,7/10/2015 21:00,596000,A,34.57,A,UTC
194069,USGS,7010000,7/10/2015 22:00,597000,A,34.62,A,UTC
194070,USGS,7010000,7/10/2015 23:00,599000,A,34.71,A,UTC
194071,USGS,7010000,7/11/2015 0:00,6.00E+05,A,34.75,A,UTC
194072,USGS,7010000,7/11/2015 1:00,602000,A,34.84,A,UTC
194073,USGS,7010000,7/11/2015 2:00,602000,A,34.88,A,UTC
194074,USGS,7010000,7/11/2015 3:00,605000,A,34.98,A,UTC
194075,USGS,7010000,7/11/2015 4:00,606000,A,35.03,A,UTC
194076,USGS,7010000,7/11/2015 5:00,606000,A,35.04,A,UTC
194077,USGS,7010000,7/11/2015 6:00,608000,A,35.13,A,UTC
194078,USGS,7010000,7/11/2015 7:00,611000,A,35.21,A,UTC
194079,USGS,7010000,7/11/2015 8:00,610000,A,35.2,A,UTC
194080,USGS,7010000,7/11/2015 9:00,612000,A,35.26,A,UTC
194081,USGS,7010000,7/11/2015 10:00,613000,A,35.3,A,UTC
194082,USGS,7010000,7/11/2015 11:00,614000,A,35.32,A,UTC
194083,USGS,7010000,7/11/2015 12:00,615000,A,35.36,A,UTC
194084,USGS,7010000,7/11/2015 13:00,615000,A,35.39,A,UTC
194085,USGS,7010000,7/11/2015 14:00,616000,A,35.42,A,UTC
194086,USGS,7010000,7/11/2015 15:00,616000,A,35.4,A,UTC
194087,USGS,7010000,7/11/2015 16:00,618000,A,35.48,A,UTC
194088,USGS,7010000,7/11/2015 17:00,617000,A,35.44,A,UTC
194089,USGS,7010000,7/11/2015 18:00,618000,A,35.47,A,UTC
194090,USGS,7010000,7/11/2015 19:00,618000,A,35.5,A,UTC
194091,USGS,7010000,7/11/2015 20:00,618000,A,35.5,A,UTC
194092,USGS,7010000,7/11/2015 21:00,618000,A,35.47,A,UTC
194093,USGS,7010000,7/11/2015 22:00,619000,A,35.51,A,UTC
194094,USGS,7010000,7/11/2015 23:00,620000,A,35.55,A,UTC
194095,USGS,7010000,7/12/2015 0:00,617000,A,35.45,A,UTC
194096,USGS,7010000,7/12/2015 1:00,618000,A,35.48,A,UTC
194097,USGS,7010000,7/12/2015 2:00,616000,A,35.42,A,UTC
194098,USGS,7010000,7/12/2015 3:00,616000,A,35.41,A,UTC
194099,USGS,7010000,7/12/2015 4:00,615000,A,35.36,A,UTC
194100,USGS,7010000,7/12/2015 5:00,616000,A,35.4,A,UTC
194101,USGS,7010000,7/12/2015 6:00,612000,A,35.27,A,UTC
194102,USGS,7010000,7/12/2015 7:00,610000,A,35.19,A,UTC
194103,USGS,7010000,7/12/2015 8:00,612000,A,35.25,A,UTC
194104,USGS,7010000,7/12/2015 9:00,609000,A,35.16,A,UTC
194105,USGS,7010000,7/12/2015 10:00,610000,A,35.17,A,UTC
194106,USGS,7010000,7/12/2015 11:00,608000,A,35.12,A,UTC
194107,USGS,7010000,7/12/2015 12:00,607000,A,35.09,A,UTC
194108,USGS,7010000,7/12/2015 13:00,604000,A,34.96,A,UTC
194109,USGS,7010000,7/12/2015 14:00,605000,A,34.98,A,UTC
194110,USGS,7010000,7/12/2015 15:00,603000,A,34.92,A,UTC
194111,USGS,7010000,7/12/2015 16:00,603000,A,34.89,A,UTC
194112,USGS,7010000,7/12/2015 17:00,601000,A,34.82,A,UTC
194113,USGS,7010000,7/12/2015 18:00,599000,A,34.74,A,UTC
194114,USGS,7010000,7/12/2015 19:00,599000,A,34.74,A,UTC
194115,USGS,7010000,7/12/2015 20:00,598000,A,34.7,A,UTC
194116,USGS,7010000,7/12/2015 21:00,596000,A,34.6,A,UTC
194117,USGS,7010000,7/12/2015 22:00,595000,A,34.53,A,UTC
194118,USGS,7010000,7/12/2015 23:00,595000,A,34.52,A,UTC
194119,USGS,7010000,7/13/2015 0:00,593000,A,34.45,A,UTC
194120,USGS,7010000,7/13/2015 1:00,592000,A,34.41,A,UTC
194121,USGS,7010000,7/13/2015 2:00,591000,A,34.35,A,UTC
194122,USGS,7010000,7/13/2015 3:00,590000,A,34.3,A,UTC
194123,USGS,7010000,7/13/2015 4:00,588000,A,34.22,A,UTC
194124,USGS,7010000,7/13/2015 5:00,588000,A,34.22,A,UTC
194125,USGS,7010000,7/13/2015 6:00,587000,A,34.19,A,UTC
194126,USGS,7010000,7/13/2015 7:00,586000,A,34.14,A,UTC
194127,USGS,7010000,7/13/2015 8:00,586000,A,34.1,A,UTC
194128,USGS,7010000,7/13/2015 9:00,584000,A,34.05,A,UTC
194129,USGS,7010000,7/13/2015 10:00,583000,A,34.01,A,UTC
194130,USGS,7010000,7/13/2015 11:00,582000,A,33.96,A,UTC
194131,USGS,7010000,7/13/2015 12:00,582000,A,33.92,A,UTC
194132,USGS,7010000,7/13/2015 13:00,580000,A,33.87,A,UTC
194133,USGS,7010000,7/13/2015 14:00,581000,A,33.89,A,UTC
194134,USGS,7010000,7/13/2015 15:00,578000,A,33.76,A,UTC
194135,USGS,7010000,7/13/2015 16:00,579000,A,33.78,A,UTC
194136,USGS,7010000,7/13/2015 17:00,579000,A,33.79,A,UTC
194137,USGS,7010000,7/13/2015 18:00,578000,A,33.74,A,UTC
194138,USGS,7010000,7/13/2015 19:00,579000,A,33.79,A,UTC
194139,USGS,7010000,7/13/2015 20:00,578000,A,33.76,A,UTC
194140,USGS,7010000,7/13/2015 21:00,577000,A,33.73,A,UTC
194141,USGS,7010000,7/13/2015 22:00,578000,A,33.76,A,UTC
194142,USGS,7010000,7/13/2015 23:00,577000,A,33.69,A,UTC
194143,USGS,7010000,7/14/2015 0:00,577000,A,33.69,A,UTC
194144,USGS,7010000,7/14/2015 1:00,576000,A,33.68,A,UTC
194145,USGS,7010000,7/14/2015 2:00,577000,A,33.69,A,UTC
194146,USGS,7010000,7/14/2015 3:00,576000,A,33.68,A,UTC
194147,USGS,7010000,7/14/2015 4:00,576000,A,33.65,A,UTC
194148,USGS,7010000,7/14/2015 5:00,575000,A,33.63,A,UTC
194149,USGS,7010000,7/14/2015 6:00,577000,A,33.72,A,UTC
194150,USGS,7010000,7/14/2015 7:00,576000,A,33.68,A,UTC
194151,USGS,7010000,7/14/2015 8:00,575000,A,33.63,A,UTC
194152,USGS,7010000,7/14/2015 9:00,576000,A,33.66,A,UTC
194153,USGS,7010000,7/14/2015 10:00,577000,A,33.71,A,UTC
194154,USGS,7010000,7/14/2015 11:00,576000,A,33.68,A,UTC
194155,USGS,7010000,7/14/2015 12:00,576000,A,33.65,A,UTC
194156,USGS,7010000,7/14/2015 13:00,577000,A,33.69,A,UTC
194157,USGS,7010000,7/14/2015 14:00,575000,A,33.62,A,UTC
194158,USGS,7010000,7/14/2015 15:00,576000,A,33.64,A,UTC
194159,USGS,7010000,7/14/2015 16:00,574000,A,33.58,A,UTC
194160,USGS,7010000,7/14/2015 17:00,577000,A,33.72,A,UTC
194161,USGS,7010000,7/14/2015 18:00,578000,A,33.77,A,UTC
194162,USGS,7010000,7/14/2015 19:00,577000,A,33.69,A,UTC
194163,USGS,7010000,7/14/2015 20:00,580000,A,33.84,A,UTC
194164,USGS,7010000,7/14/2015 21:00,578000,A,33.76,A,UTC
194165,USGS,7010000,7/14/2015 22:00,581000,A,33.9,A,UTC
194166,USGS,7010000,7/14/2015 23:00,578000,A,33.77,A,UTC
194167,USGS,7010000,7/15/2015 0:00,577000,A,33.73,A,UTC
194168,USGS,7010000,7/15/2015 1:00,579000,A,33.81,A,UTC
194169,USGS,7010000,7/15/2015 2:00,580000,A,33.84,A,UTC
194170,USGS,7010000,7/15/2015 3:00,580000,A,33.87,A,UTC
194171,USGS,7010000,7/15/2015 4:00,578000,A,33.75,A,UTC
194172,USGS,7010000,7/15/2015 5:00,580000,A,33.85,A,UTC
194173,USGS,7010000,7/15/2015 6:00,580000,A,33.84,A,UTC
194174,USGS,7010000,7/15/2015 7:00,579000,A,33.81,A,UTC
194175,USGS,7010000,7/15/2015 8:00,581000,A,33.88,A,UTC
194176,USGS,7010000,7/15/2015 9:00,581000,A,33.9,A,UTC
194177,USGS,7010000,7/15/2015 10:00,580000,A,33.84,A,UTC
194178,USGS,7010000,7/15/2015 11:00,579000,A,33.8,A,UTC
194179,USGS,7010000,7/15/2015 12:00,580000,A,33.84,A,UTC
194180,USGS,7010000,7/15/2015 13:00,579000,A,33.8,A,UTC
194181,USGS,7010000,7/15/2015 14:00,580000,A,33.83,A,UTC
194182,USGS,7010000,7/15/2015 15:00,581000,A,33.91,A,UTC
194183,USGS,7010000,7/15/2015 16:00,582000,A,33.96,A,UTC
194184,USGS,7010000,7/15/2015 17:00,580000,A,33.84,A,UTC
194185,USGS,7010000,7/15/2015 18:00,581000,A,33.91,A,UTC
194186,USGS,7010000,7/15/2015 19:00,580000,A,33.83,A,UTC
194187,USGS,7010000,7/15/2015 20:00,579000,A,33.81,A,UTC
194188,USGS,7010000,7/15/2015 21:00,580000,A,33.87,A,UTC
194189,USGS,7010000,7/15/2015 22:00,579000,A,33.79,A,UTC
194190,USGS,7010000,7/15/2015 23:00,579000,A,33.81,A,UTC
194191,USGS,7010000,7/16/2015 0:00,580000,A,33.86,A,UTC
194192,USGS,7010000,7/16/2015 1:00,577000,A,33.73,A,UTC
194193,USGS,7010000,7/16/2015 2:00,578000,A,33.74,A,UTC
194194,USGS,7010000,7/16/2015 3:00,576000,A,33.66,A,UTC
194195,USGS,7010000,7/16/2015 4:00,576000,A,33.64,A,UTC
194196,USGS,7010000,7/16/2015 5:00,578000,A,33.76,A,UTC
194197,USGS,7010000,7/16/2015 6:00,576000,A,33.68,A,UTC
194198,USGS,7010000,7/16/2015 7:00,578000,A,33.74,A,UTC
194199,USGS,7010000,7/16/2015 8:00,576000,A,33.65,A,UTC
194200,USGS,7010000,7/16/2015 9:00,575000,A,33.63,A,UTC
194201,USGS,7010000,7/16/2015 10:00,574000,A,33.56,A,UTC
194202,USGS,7010000,7/16/2015 11:00,574000,A,33.55,A,UTC
194203,USGS,7010000,7/16/2015 12:00,573000,A,33.52,A,UTC
194204,USGS,7010000,7/16/2015 13:00,572000,A,33.47,A,UTC
194205,USGS,7010000,7/16/2015 14:00,572000,A,33.46,A,UTC
194206,USGS,7010000,7/16/2015 15:00,570000,A,33.38,A,UTC
194207,USGS,7010000,7/16/2015 16:00,568000,A,33.3,A,UTC
194208,USGS,7010000,7/16/2015 17:00,567000,A,33.23,A,UTC
194209,USGS,7010000,7/16/2015 18:00,566000,A,33.18,A,UTC
194210,USGS,7010000,7/16/2015 19:00,565000,A,33.15,A,UTC
194211,USGS,7010000,7/16/2015 20:00,565000,A,33.13,A,UTC
194212,USGS,7010000,7/16/2015 21:00,564000,A,33.11,A,UTC
194213,USGS,7010000,7/16/2015 22:00,564000,A,33.08,A,UTC
194214,USGS,7010000,7/16/2015 23:00,561000,A,32.97,A,UTC
194215,USGS,7010000,7/17/2015 0:00,560000,A,32.93,A,UTC
194216,USGS,7010000,7/17/2015 1:00,559000,A,32.87,A,UTC
194217,USGS,7010000,7/17/2015 2:00,558000,A,32.8,A,UTC
194218,USGS,7010000,7/17/2015 3:00,555000,A,32.69,A,UTC
194219,USGS,7010000,7/17/2015 4:00,555000,A,32.67,A,UTC
194220,USGS,7010000,7/17/2015 5:00,554000,A,32.61,A,UTC
194221,USGS,7010000,7/17/2015 6:00,550000,A,32.45,A,UTC
194222,USGS,7010000,7/17/2015 7:00,550000,A,32.42,A,UTC
194223,USGS,7010000,7/17/2015 8:00,547000,A,32.28,A,UTC
194224,USGS,7010000,7/17/2015 9:00,547000,A,32.28,A,UTC
194225,USGS,7010000,7/17/2015 10:00,544000,A,32.16,A,UTC
194226,USGS,7010000,7/17/2015 11:00,543000,A,32.11,A,UTC
194227,USGS,7010000,7/17/2015 12:00,540000,A,31.94,A,UTC
194228,USGS,7010000,7/17/2015 13:00,541000,A,31.98,A,UTC
194229,USGS,7010000,7/17/2015 14:00,536000,A,31.75,A,UTC
194230,USGS,7010000,7/17/2015 15:00,536000,A,31.75,A,UTC
194231,USGS,7010000,7/17/2015 16:00,534000,A,31.65,A,UTC
194232,USGS,7010000,7/17/2015 17:00,533000,A,31.61,A,UTC
194233,USGS,7010000,7/17/2015 18:00,531000,A,31.53,A,UTC
194234,USGS,7010000,7/17/2015 19:00,529000,A,31.44,A,UTC
194235,USGS,7010000,7/17/2015 20:00,527000,A,31.34,A,UTC
194236,USGS,7010000,7/17/2015 21:00,525000,A,31.22,A,UTC
194237,USGS,7010000,7/17/2015 22:00,523000,A,31.11,A,UTC
194238,USGS,7010000,7/17/2015 23:00,520000,A,30.97,A,UTC
194239,USGS,7010000,7/18/2015 0:00,520000,A,30.95,A,UTC
194240,USGS,7010000,7/18/2015 1:00,517000,A,30.85,A,UTC
194241,USGS,7010000,7/18/2015 2:00,515000,A,30.74,A,UTC
194242,USGS,7010000,7/18/2015 3:00,515000,A,30.72,A,UTC
194243,USGS,7010000,7/18/2015 4:00,512000,A,30.59,A,UTC
194244,USGS,7010000,7/18/2015 5:00,511000,A,30.52,A,UTC
194245,USGS,7010000,7/18/2015 6:00,509000,A,30.41,A,UTC
194246,USGS,7010000,7/18/2015 7:00,507000,A,30.35,A,UTC
194247,USGS,7010000,7/18/2015 8:00,506000,A,30.25,A,UTC
194248,USGS,7010000,7/18/2015 9:00,504000,A,30.19,A,UTC
194249,USGS,7010000,7/18/2015 10:00,501000,A,30.04,A,UTC
194250,USGS,7010000,7/18/2015 11:00,501000,A,30.02,A,UTC
194251,USGS,7010000,7/18/2015 12:00,5.00E+05,A,29.95,A,UTC
194252,USGS,7010000,7/18/2015 13:00,498000,A,29.89,A,UTC
194253,USGS,7010000,7/18/2015 14:00,496000,A,29.78,A,UTC
194254,USGS,7010000,7/18/2015 15:00,496000,A,29.78,A,UTC
194255,USGS,7010000,7/18/2015 16:00,493000,A,29.63,A,UTC
194256,USGS,7010000,7/18/2015 17:00,494000,A,29.67,A,UTC
194257,USGS,7010000,7/18/2015 18:00,493000,A,29.62,A,UTC
194258,USGS,7010000,7/18/2015 19:00,491000,A,29.53,A,UTC
194259,USGS,7010000,7/18/2015 20:00,491000,A,29.52,A,UTC
194260,USGS,7010000,7/18/2015 21:00,490000,A,29.46,A,UTC
194261,USGS,7010000,7/18/2015 22:00,487000,A,29.32,A,UTC
194262,USGS,7010000,7/18/2015 23:00,487000,A,29.33,A,UTC
194263,USGS,7010000,7/19/2015 0:00,487000,A,29.3,A,UTC
194264,USGS,7010000,7/19/2015 1:00,486000,A,29.28,A,UTC
194265,USGS,7010000,7/19/2015 2:00,485000,A,29.2,A,UTC
194266,USGS,7010000,7/19/2015 3:00,484000,A,29.15,A,UTC
194267,USGS,7010000,7/19/2015 4:00,483000,A,29.11,A,UTC
194268,USGS,7010000,7/19/2015 5:00,483000,A,29.1,A,UTC
194269,USGS,7010000,7/19/2015 6:00,482000,A,29.08,A,UTC
194270,USGS,7010000,7/19/2015 7:00,480000,A,28.97,A,UTC
194271,USGS,7010000,7/19/2015 8:00,480000,A,28.97,A,UTC
194272,USGS,7010000,7/19/2015 9:00,481000,A,28.98,A,UTC
194273,USGS,7010000,7/19/2015 10:00,480000,A,28.96,A,UTC
194274,USGS,7010000,7/19/2015 11:00,479000,A,28.91,A,UTC
194275,USGS,7010000,7/19/2015 12:00,478000,A,28.86,A,UTC
194276,USGS,7010000,7/19/2015 13:00,478000,A,28.84,A,UTC
194277,USGS,7010000,7/19/2015 14:00,479000,A,28.9,A,UTC
194278,USGS,7010000,7/19/2015 15:00,479000,A,28.89,A,UTC
194279,USGS,7010000,7/19/2015 16:00,479000,A,28.88,A,UTC
194280,USGS,7010000,7/19/2015 17:00,479000,A,28.92,A,UTC
194281,USGS,7010000,7/19/2015 18:00,480000,A,28.96,A,UTC
194282,USGS,7010000,7/19/2015 19:00,480000,A,28.96,A,UTC
194283,USGS,7010000,7/19/2015 20:00,481000,A,29,A,UTC
194284,USGS,7010000,7/19/2015 21:00,481000,A,29.01,A,UTC
194285,USGS,7010000,7/19/2015 22:00,481000,A,29.02,A,UTC
194286,USGS,7010000,7/19/2015 23:00,482000,A,29.07,A,UTC
194287,USGS,7010000,7/20/2015 0:00,483000,A,29.12,A,UTC
194288,USGS,7010000,7/20/2015 1:00,483000,A,29.12,A,UTC
194289,USGS,7010000,7/20/2015 2:00,484000,A,29.15,A,UTC
194290,USGS,7010000,7/20/2015 3:00,486000,A,29.28,A,UTC
194291,USGS,7010000,7/20/2015 4:00,486000,A,29.28,A,UTC
194292,USGS,7010000,7/20/2015 5:00,489000,A,29.4,A,UTC
194293,USGS,7010000,7/20/2015 6:00,489000,A,29.43,A,UTC
194294,USGS,7010000,7/20/2015 7:00,490000,A,29.48,A,UTC
194295,USGS,7010000,7/20/2015 8:00,492000,A,29.55,A,UTC
194296,USGS,7010000,7/20/2015 9:00,493000,A,29.64,A,UTC
194297,USGS,7010000,7/20/2015 10:00,494000,A,29.69,A,UTC
194298,USGS,7010000,7/20/2015 11:00,495000,A,29.74,A,UTC
194299,USGS,7010000,7/20/2015 12:00,498000,A,29.85,A,UTC
194300,USGS,7010000,7/20/2015 13:00,499000,A,29.91,A,UTC
194301,USGS,7010000,7/20/2015 14:00,5.00E+05,A,29.96,A,UTC
194302,USGS,7010000,7/20/2015 15:00,501000,A,30.03,A,UTC
194303,USGS,7010000,7/20/2015 16:00,502000,A,30.1,A,UTC
194304,USGS,7010000,7/20/2015 17:00,506000,A,30.25,A,UTC
194305,USGS,7010000,7/20/2015 18:00,507000,A,30.33,A,UTC
194306,USGS,7010000,7/20/2015 19:00,509000,A,30.44,A,UTC
194307,USGS,7010000,7/20/2015 20:00,511000,A,30.52,A,UTC
194308,USGS,7010000,7/20/2015 21:00,512000,A,30.6,A,UTC
194309,USGS,7010000,7/20/2015 22:00,514000,A,30.66,A,UTC
194310,USGS,7010000,7/20/2015 23:00,516000,A,30.79,A,UTC
194311,USGS,7010000,7/21/2015 0:00,517000,A,30.84,A,UTC
194312,USGS,7010000,7/21/2015 1:00,519000,A,30.93,A,UTC
194313,USGS,7010000,7/21/2015 2:00,520000,A,30.98,A,UTC
194314,USGS,7010000,7/21/2015 3:00,520000,A,30.99,A,UTC
194315,USGS,7010000,7/21/2015 4:00,522000,A,31.08,A,UTC
194316,USGS,7010000,7/21/2015 5:00,523000,A,31.13,A,UTC
194317,USGS,7010000,7/21/2015 6:00,525000,A,31.24,A,UTC
194318,USGS,7010000,7/21/2015 7:00,526000,A,31.28,A,UTC
194319,USGS,7010000,7/21/2015 8:00,528000,A,31.35,A,UTC
194320,USGS,7010000,7/21/2015 9:00,529000,A,31.44,A,UTC
194321,USGS,7010000,7/21/2015 10:00,529000,A,31.44,A,UTC
194322,USGS,7010000,7/21/2015 11:00,531000,A,31.51,A,UTC
194323,USGS,7010000,7/21/2015 12:00,532000,A,31.56,A,UTC
194324,USGS,7010000,7/21/2015 13:00,533000,A,31.61,A,UTC
194325,USGS,7010000,7/21/2015 14:00,533000,A,31.59,A,UTC
194326,USGS,7010000,7/21/2015 15:00,535000,A,31.71,A,UTC
194327,USGS,7010000,7/21/2015 16:00,535000,A,31.69,A,UTC
194328,USGS,7010000,7/21/2015 17:00,535000,A,31.73,A,UTC
194329,USGS,7010000,7/21/2015 18:00,537000,A,31.78,A,UTC
194330,USGS,7010000,7/21/2015 19:00,537000,A,31.82,A,UTC
194331,USGS,7010000,7/21/2015 20:00,537000,A,31.8,A,UTC
194332,USGS,7010000,7/21/2015 21:00,540000,A,31.94,A,UTC
194333,USGS,7010000,7/21/2015 22:00,540000,A,31.96,A,UTC
194334,USGS,7010000,7/21/2015 23:00,540000,A,31.96,A,UTC
194335,USGS,7010000,7/22/2015 0:00,540000,A,31.96,A,UTC
194336,USGS,7010000,7/22/2015 1:00,541000,A,32.01,A,UTC
194337,USGS,7010000,7/22/2015 2:00,542000,A,32.03,A,UTC
194338,USGS,7010000,7/22/2015 3:00,543000,A,32.11,A,UTC
194339,USGS,7010000,7/22/2015 4:00,543000,A,32.11,A,UTC
194340,USGS,7010000,7/22/2015 5:00,545000,A,32.17,A,UTC
194341,USGS,7010000,7/22/2015 6:00,544000,A,32.15,A,UTC
194342,USGS,7010000,7/22/2015 7:00,544000,A,32.15,A,UTC
194343,USGS,7010000,7/22/2015 8:00,545000,A,32.19,A,UTC
194344,USGS,7010000,7/22/2015 9:00,546000,A,32.23,A,UTC
194345,USGS,7010000,7/22/2015 10:00,546000,A,32.25,A,UTC
194346,USGS,7010000,7/22/2015 11:00,546000,A,32.26,A,UTC
194347,USGS,7010000,7/22/2015 12:00,547000,A,32.28,A,UTC
194348,USGS,7010000,7/22/2015 13:00,547000,A,32.3,A,UTC
194349,USGS,7010000,7/22/2015 14:00,548000,A,32.32,A,UTC
194350,USGS,7010000,7/22/2015 15:00,548000,A,32.32,A,UTC
194351,USGS,7010000,7/22/2015 16:00,549000,A,32.37,A,UTC
194352,USGS,7010000,7/22/2015 17:00,547000,A,32.31,A,UTC
194353,USGS,7010000,7/22/2015 18:00,548000,A,32.36,A,UTC
194354,USGS,7010000,7/22/2015 19:00,549000,A,32.4,A,UTC
194355,USGS,7010000,7/22/2015 20:00,550000,A,32.41,A,UTC
194356,USGS,7010000,7/22/2015 21:00,549000,A,32.39,A,UTC
194357,USGS,7010000,7/22/2015 22:00,550000,A,32.42,A,UTC
194358,USGS,7010000,7/22/2015 23:00,549000,A,32.39,A,UTC
194359,USGS,7010000,7/23/2015 0:00,550000,A,32.45,A,UTC
194360,USGS,7010000,7/23/2015 1:00,549000,A,32.39,A,UTC
194361,USGS,7010000,7/23/2015 2:00,549000,A,32.38,A,UTC
194362,USGS,7010000,7/23/2015 3:00,549000,A,32.39,A,UTC
194363,USGS,7010000,7/23/2015 4:00,548000,A,32.36,A,UTC
194364,USGS,7010000,7/23/2015 5:00,548000,A,32.35,A,UTC
194365,USGS,7010000,7/23/2015 6:00,548000,A,32.33,A,UTC
194366,USGS,7010000,7/23/2015 7:00,548000,A,32.34,A,UTC
194367,USGS,7010000,7/23/2015 8:00,548000,A,32.32,A,UTC
194368,USGS,7010000,7/23/2015 9:00,547000,A,32.3,A,UTC
194369,USGS,7010000,7/23/2015 10:00,546000,A,32.25,A,UTC
194370,USGS,7010000,7/23/2015 11:00,546000,A,32.24,A,UTC
194371,USGS,7010000,7/23/2015 12:00,545000,A,32.21,A,UTC
194372,USGS,7010000,7/23/2015 13:00,545000,A,32.21,A,UTC
194373,USGS,7010000,7/23/2015 14:00,545000,A,32.19,A,UTC
194374,USGS,7010000,7/23/2015 15:00,543000,A,32.11,A,UTC
194375,USGS,7010000,7/23/2015 16:00,543000,A,32.08,A,UTC
194376,USGS,7010000,7/23/2015 17:00,543000,A,32.1,A,UTC
194377,USGS,7010000,7/23/2015 18:00,542000,A,32.06,A,UTC
194378,USGS,7010000,7/23/2015 19:00,541000,A,31.99,A,UTC
194379,USGS,7010000,7/23/2015 20:00,541000,A,31.99,A,UTC
194380,USGS,7010000,7/23/2015 21:00,539000,A,31.92,A,UTC
194381,USGS,7010000,7/23/2015 22:00,539000,A,31.89,A,UTC
194382,USGS,7010000,7/23/2015 23:00,538000,A,31.85,A,UTC
194383,USGS,7010000,7/24/2015 0:00,537000,A,31.82,A,UTC
194384,USGS,7010000,7/24/2015 1:00,536000,A,31.77,A,UTC
194385,USGS,7010000,7/24/2015 2:00,535000,A,31.73,A,UTC
194386,USGS,7010000,7/24/2015 3:00,534000,A,31.66,A,UTC
194387,USGS,7010000,7/24/2015 4:00,533000,A,31.6,A,UTC
194388,USGS,7010000,7/24/2015 5:00,533000,A,31.59,A,UTC
194389,USGS,7010000,7/24/2015 6:00,531000,A,31.54,A,UTC
194390,USGS,7010000,7/24/2015 7:00,530000,A,31.48,A,UTC
194391,USGS,7010000,7/24/2015 8:00,529000,A,31.44,A,UTC
194392,USGS,7010000,7/24/2015 9:00,527000,A,31.33,A,UTC
194393,USGS,7010000,7/24/2015 10:00,527000,A,31.33,A,UTC
194394,USGS,7010000,7/24/2015 11:00,525000,A,31.23,A,UTC
194395,USGS,7010000,7/24/2015 12:00,525000,A,31.21,A,UTC
194396,USGS,7010000,7/24/2015 13:00,522000,A,31.07,A,UTC
194397,USGS,7010000,7/24/2015 14:00,522000,A,31.09,A,UTC
194398,USGS,7010000,7/24/2015 15:00,522000,A,31.05,A,UTC
194399,USGS,7010000,7/24/2015 16:00,520000,A,30.99,A,UTC
194400,USGS,7010000,7/24/2015 17:00,519000,A,30.92,A,UTC
194401,USGS,7010000,7/24/2015 18:00,517000,A,30.85,A,UTC
194402,USGS,7010000,7/24/2015 19:00,516000,A,30.78,A,UTC
194403,USGS,7010000,7/24/2015 20:00,515000,A,30.72,A,UTC
194404,USGS,7010000,7/24/2015 21:00,513000,A,30.65,A,UTC
194405,USGS,7010000,7/24/2015 22:00,512000,A,30.59,A,UTC
194406,USGS,7010000,7/24/2015 23:00,511000,A,30.53,A,UTC
194407,USGS,7010000,7/25/2015 0:00,510000,A,30.47,A,UTC
194408,USGS,7010000,7/25/2015 1:00,508000,A,30.37,A,UTC
194409,USGS,7010000,7/25/2015 2:00,506000,A,30.3,A,UTC
194410,USGS,7010000,7/25/2015 3:00,505000,A,30.22,A,UTC
194411,USGS,7010000,7/25/2015 4:00,504000,A,30.15,A,UTC
194412,USGS,7010000,7/25/2015 5:00,502000,A,30.07,A,UTC
194413,USGS,7010000,7/25/2015 6:00,5.00E+05,A,29.99,A,UTC
194414,USGS,7010000,7/25/2015 7:00,498000,A,29.88,A,UTC
194415,USGS,7010000,7/25/2015 8:00,497000,A,29.8,A,UTC
194416,USGS,7010000,7/25/2015 9:00,495000,A,29.72,A,UTC
194417,USGS,7010000,7/25/2015 10:00,493000,A,29.63,A,UTC
194418,USGS,7010000,7/25/2015 11:00,491000,A,29.51,A,UTC
194419,USGS,7010000,7/25/2015 12:00,490000,A,29.45,A,UTC
194420,USGS,7010000,7/25/2015 13:00,488000,A,29.36,A,UTC
194421,USGS,7010000,7/25/2015 14:00,486000,A,29.28,A,UTC
194422,USGS,7010000,7/25/2015 15:00,485000,A,29.2,A,UTC
194423,USGS,7010000,7/25/2015 16:00,483000,A,29.09,A,UTC
194424,USGS,7010000,7/25/2015 17:00,481000,A,28.98,A,UTC
194425,USGS,7010000,7/25/2015 18:00,479000,A,28.92,A,UTC
194426,USGS,7010000,7/25/2015 19:00,477000,A,28.81,A,UTC
194427,USGS,7010000,7/25/2015 20:00,476000,A,28.73,A,UTC
194428,USGS,7010000,7/25/2015 21:00,474000,A,28.63,A,UTC
194429,USGS,7010000,7/25/2015 22:00,472000,A,28.53,A,UTC
194430,USGS,7010000,7/25/2015 23:00,470000,A,28.43,A,UTC
194431,USGS,7010000,7/26/2015 0:00,467000,A,28.3,A,UTC
194432,USGS,7010000,7/26/2015 1:00,466000,A,28.23,A,UTC
194433,USGS,7010000,7/26/2015 2:00,464000,A,28.11,A,UTC
194434,USGS,7010000,7/26/2015 3:00,462000,A,28.01,A,UTC
194435,USGS,7010000,7/26/2015 4:00,460000,A,27.91,A,UTC
194436,USGS,7010000,7/26/2015 5:00,458000,A,27.78,A,UTC
194437,USGS,7010000,7/26/2015 6:00,456000,A,27.7,A,UTC
194438,USGS,7010000,7/26/2015 7:00,454000,A,27.6,A,UTC
194439,USGS,7010000,7/26/2015 8:00,452000,A,27.5,A,UTC
194440,USGS,7010000,7/26/2015 9:00,451000,A,27.4,A,UTC
194441,USGS,7010000,7/26/2015 10:00,449000,A,27.31,A,UTC
194442,USGS,7010000,7/26/2015 11:00,447000,A,27.2,A,UTC
194443,USGS,7010000,7/26/2015 12:00,446000,A,27.14,A,UTC
194444,USGS,7010000,7/26/2015 13:00,444000,A,27.05,A,UTC
194445,USGS,7010000,7/26/2015 14:00,442000,A,26.95,A,UTC
194446,USGS,7010000,7/26/2015 15:00,441000,A,26.87,A,UTC
194447,USGS,7010000,7/26/2015 16:00,439000,A,26.77,A,UTC
194448,USGS,7010000,7/26/2015 17:00,438000,A,26.7,A,UTC
194449,USGS,7010000,7/26/2015 18:00,436000,A,26.63,A,UTC
194450,USGS,7010000,7/26/2015 19:00,435000,A,26.56,A,UTC
194451,USGS,7010000,7/26/2015 20:00,434000,A,26.49,A,UTC
194452,USGS,7010000,7/26/2015 21:00,432000,A,26.38,A,UTC
194453,USGS,7010000,7/26/2015 22:00,431000,A,26.35,A,UTC
194454,USGS,7010000,7/26/2015 23:00,430000,A,26.28,A,UTC
194455,USGS,7010000,7/27/2015 0:00,429000,A,26.24,A,UTC
194456,USGS,7010000,7/27/2015 1:00,428000,A,26.18,A,UTC
194457,USGS,7010000,7/27/2015 2:00,427000,A,26.14,A,UTC
194458,USGS,7010000,7/27/2015 3:00,427000,A,26.12,A,UTC
194459,USGS,7010000,7/27/2015 4:00,427000,A,26.1,A,UTC
194460,USGS,7010000,7/27/2015 5:00,426000,A,26.07,A,UTC
194461,USGS,7010000,7/27/2015 6:00,426000,A,26.05,A,UTC
194462,USGS,7010000,7/27/2015 7:00,426000,A,26.06,A,UTC
194463,USGS,7010000,7/27/2015 8:00,426000,A,26.06,A,UTC
194464,USGS,7010000,7/27/2015 9:00,426000,A,26.05,A,UTC
194465,USGS,7010000,7/27/2015 10:00,426000,A,26.04,A,UTC
194466,USGS,7010000,7/27/2015 11:00,426000,A,26.05,A,UTC
194467,USGS,7010000,7/27/2015 12:00,427000,A,26.1,A,UTC
194468,USGS,7010000,7/27/2015 13:00,426000,A,26.09,A,UTC
194469,USGS,7010000,7/27/2015 14:00,427000,A,26.13,A,UTC
194470,USGS,7010000,7/27/2015 15:00,428000,A,26.17,A,UTC
194471,USGS,7010000,7/27/2015 16:00,428000,A,26.18,A,UTC
194472,USGS,7010000,7/27/2015 17:00,429000,A,26.23,A,UTC
194473,USGS,7010000,7/27/2015 18:00,429000,A,26.24,A,UTC
194474,USGS,7010000,7/27/2015 19:00,430000,A,26.29,A,UTC
194475,USGS,7010000,7/27/2015 20:00,431000,A,26.32,A,UTC
194476,USGS,7010000,7/27/2015 21:00,430000,A,26.31,A,UTC
194477,USGS,7010000,7/27/2015 22:00,431000,A,26.35,A,UTC
194478,USGS,7010000,7/27/2015 23:00,431000,A,26.36,A,UTC
194479,USGS,7010000,7/28/2015 0:00,432000,A,26.4,A,UTC
194480,USGS,7010000,7/28/2015 1:00,432000,A,26.4,A,UTC
194481,USGS,7010000,7/28/2015 2:00,433000,A,26.47,A,UTC
194482,USGS,7010000,7/28/2015 3:00,434000,A,26.5,A,UTC
194483,USGS,7010000,7/28/2015 4:00,434000,A,26.51,A,UTC
194484,USGS,7010000,7/28/2015 5:00,434000,A,26.52,A,UTC
194485,USGS,7010000,7/28/2015 6:00,434000,A,26.52,A,UTC
194486,USGS,7010000,7/28/2015 7:00,434000,A,26.52,A,UTC
194487,USGS,7010000,7/28/2015 8:00,435000,A,26.54,A,UTC
194488,USGS,7010000,7/28/2015 9:00,435000,A,26.55,A,UTC
194489,USGS,7010000,7/28/2015 10:00,435000,A,26.54,A,UTC
194490,USGS,7010000,7/28/2015 11:00,434000,A,26.53,A,UTC
194491,USGS,7010000,7/28/2015 12:00,435000,A,26.54,A,UTC
194492,USGS,7010000,7/28/2015 13:00,434000,A,26.52,A,UTC
194493,USGS,7010000,7/28/2015 14:00,434000,A,26.53,A,UTC
194494,USGS,7010000,7/28/2015 15:00,434000,A,26.52,A,UTC
194495,USGS,7010000,7/28/2015 16:00,434000,A,26.49,A,UTC
194496,USGS,7010000,7/28/2015 17:00,434000,A,26.51,A,UTC
194497,USGS,7010000,7/28/2015 18:00,434000,A,26.51,A,UTC
194498,USGS,7010000,7/28/2015 19:00,434000,A,26.52,A,UTC
194499,USGS,7010000,7/28/2015 20:00,434000,A,26.49,A,UTC
194500,USGS,7010000,7/28/2015 21:00,434000,A,26.51,A,UTC
194501,USGS,7010000,7/28/2015 22:00,434000,A,26.5,A,UTC
194502,USGS,7010000,7/28/2015 23:00,434000,A,26.53,A,UTC
194503,USGS,7010000,7/29/2015 0:00,434000,A,26.52,A,UTC
194504,USGS,7010000,7/29/2015 1:00,434000,A,26.53,A,UTC
194505,USGS,7010000,7/29/2015 2:00,434000,A,26.53,A,UTC
194506,USGS,7010000,7/29/2015 3:00,434000,A,26.52,A,UTC
194507,USGS,7010000,7/29/2015 4:00,435000,A,26.55,A,UTC
194508,USGS,7010000,7/29/2015 5:00,435000,A,26.54,A,UTC
194509,USGS,7010000,7/29/2015 6:00,435000,A,26.54,A,UTC
194510,USGS,7010000,7/29/2015 7:00,435000,A,26.56,A,UTC
194511,USGS,7010000,7/29/2015 8:00,435000,A,26.55,A,UTC
194512,USGS,7010000,7/29/2015 9:00,436000,A,26.59,A,UTC
194513,USGS,7010000,7/29/2015 10:00,435000,A,26.58,A,UTC
194514,USGS,7010000,7/29/2015 11:00,436000,A,26.59,A,UTC
194515,USGS,7010000,7/29/2015 12:00,436000,A,26.6,A,UTC
194516,USGS,7010000,7/29/2015 13:00,436000,A,26.61,A,UTC
194517,USGS,7010000,7/29/2015 14:00,436000,A,26.6,A,UTC
194518,USGS,7010000,7/29/2015 15:00,436000,A,26.62,A,UTC
194519,USGS,7010000,7/29/2015 16:00,436000,A,26.62,A,UTC
194520,USGS,7010000,7/29/2015 17:00,436000,A,26.67,A,UTC
194521,USGS,7010000,7/29/2015 18:00,436000,A,26.65,A,UTC
194522,USGS,7010000,7/29/2015 19:00,435000,A,26.63,A,UTC
194523,USGS,7010000,7/29/2015 20:00,435000,A,26.63,A,UTC
194524,USGS,7010000,7/29/2015 21:00,436000,A,26.66,A,UTC
194525,USGS,7010000,7/29/2015 22:00,435000,A,26.64,A,UTC
194526,USGS,7010000,7/29/2015 23:00,435000,A,26.63,A,UTC
194527,USGS,7010000,7/30/2015 0:00,434000,A,26.61,A,UTC
194528,USGS,7010000,7/30/2015 1:00,435000,A,26.64,A,UTC
194529,USGS,7010000,7/30/2015 2:00,434000,A,26.59,A,UTC
194530,USGS,7010000,7/30/2015 3:00,434000,A,26.6,A,UTC
194531,USGS,7010000,7/30/2015 4:00,434000,A,26.6,A,UTC
194532,USGS,7010000,7/30/2015 5:00,433000,A,26.59,A,UTC
194533,USGS,7010000,7/30/2015 6:00,433000,A,26.59,A,UTC
194534,USGS,7010000,7/30/2015 7:00,433000,A,26.6,A,UTC
194535,USGS,7010000,7/30/2015 8:00,433000,A,26.6,A,UTC
194536,USGS,7010000,7/30/2015 9:00,433000,A,26.6,A,UTC
194537,USGS,7010000,7/30/2015 10:00,433000,A,26.58,A,UTC
194538,USGS,7010000,7/30/2015 11:00,432000,A,26.58,A,UTC
194539,USGS,7010000,7/30/2015 12:00,432000,A,26.59,A,UTC
194540,USGS,7010000,7/30/2015 13:00,432000,A,26.59,A,UTC
194541,USGS,7010000,7/30/2015 14:00,432000,A,26.6,A,UTC
194542,USGS,7010000,7/30/2015 15:00,432000,A,26.57,A,UTC
194543,USGS,7010000,7/30/2015 16:00,432000,A,26.61,A,UTC
194544,USGS,7010000,7/30/2015 17:00,432000,A,26.62,A,UTC
194545,USGS,7010000,7/30/2015 18:00,432000,A,26.6,A,UTC
194546,USGS,7010000,7/30/2015 19:00,432000,A,26.62,A,UTC
194547,USGS,7010000,7/30/2015 20:00,432000,A,26.62,A,UTC
194548,USGS,7010000,7/30/2015 21:00,431000,A,26.59,A,UTC
194549,USGS,7010000,7/30/2015 22:00,431000,A,26.6,A,UTC
194550,USGS,7010000,7/30/2015 23:00,431000,A,26.58,A,UTC
194551,USGS,7010000,7/31/2015 0:00,430000,A,26.55,A,UTC
194552,USGS,7010000,7/31/2015 1:00,430000,A,26.54,A,UTC
194553,USGS,7010000,7/31/2015 2:00,430000,A,26.52,A,UTC
194554,USGS,7010000,7/31/2015 3:00,429000,A,26.48,A,UTC
194555,USGS,7010000,7/31/2015 4:00,429000,A,26.48,A,UTC
194556,USGS,7010000,7/31/2015 5:00,429000,A,26.47,A,UTC
194557,USGS,7010000,7/31/2015 6:00,428000,A,26.42,A,UTC
194558,USGS,7010000,7/31/2015 7:00,428000,A,26.43,A,UTC
194559,USGS,7010000,7/31/2015 8:00,427000,A,26.39,A,UTC
194560,USGS,7010000,7/31/2015 9:00,428000,A,26.4,A,UTC
194561,USGS,7010000,7/31/2015 10:00,427000,A,26.37,A,UTC
194562,USGS,7010000,7/31/2015 11:00,427000,A,26.35,A,UTC
194563,USGS,7010000,7/31/2015 12:00,426000,A,26.31,A,UTC
194564,USGS,7010000,7/31/2015 13:00,426000,A,26.29,A,UTC
194565,USGS,7010000,7/31/2015 14:00,425000,A,26.28,A,UTC
194566,USGS,7010000,7/31/2015 15:00,425000,A,26.25,A,UTC
194567,USGS,7010000,7/31/2015 16:00,424000,A,26.2,A,UTC
194568,USGS,7010000,7/31/2015 17:00,424000,A,26.21,A,UTC
194569,USGS,7010000,7/31/2015 18:00,423000,A,26.17,A,UTC
194570,USGS,7010000,7/31/2015 19:00,423000,A,26.15,A,UTC
194571,USGS,7010000,7/31/2015 20:00,422000,A,26.07,A,UTC
194572,USGS,7010000,7/31/2015 21:00,421000,A,26.05,A,UTC
194573,USGS,7010000,7/31/2015 22:00,421000,A,26.02,A,UTC
194574,USGS,7010000,7/31/2015 23:00,420000,A,26,A,UTC
194575,USGS,7010000,8/1/2015 0:00,420000,A,25.97,A,UTC
194576,USGS,7010000,8/1/2015 1:00,418000,A,25.88,A,UTC
194577,USGS,7010000,8/1/2015 2:00,418000,A,25.9,A,UTC
194578,USGS,7010000,8/1/2015 3:00,417000,A,25.85,A,UTC
194579,USGS,7010000,8/1/2015 4:00,417000,A,25.81,A,UTC
194580,USGS,7010000,8/1/2015 5:00,417000,A,25.81,A,UTC
194581,USGS,7010000,8/1/2015 6:00,416000,A,25.78,A,UTC
194582,USGS,7010000,8/1/2015 7:00,416000,A,25.76,A,UTC
194583,USGS,7010000,8/1/2015 8:00,415000,A,25.71,A,UTC
194584,USGS,7010000,8/1/2015 9:00,414000,A,25.65,A,UTC
194585,USGS,7010000,8/1/2015 10:00,414000,A,25.65,A,UTC
194586,USGS,7010000,8/1/2015 11:00,413000,A,25.62,A,UTC
194587,USGS,7010000,8/1/2015 12:00,413000,A,25.6,A,UTC
194588,USGS,7010000,8/1/2015 13:00,412000,A,25.55,A,UTC
194589,USGS,7010000,8/1/2015 14:00,411000,A,25.51,A,UTC
194590,USGS,7010000,8/1/2015 15:00,411000,A,25.48,A,UTC
194591,USGS,7010000,8/1/2015 16:00,410000,A,25.42,A,UTC
194592,USGS,7010000,8/1/2015 17:00,409000,A,25.39,A,UTC
194593,USGS,7010000,8/1/2015 18:00,408000,A,25.36,A,UTC
194594,USGS,7010000,8/1/2015 19:00,408000,A,25.32,A,UTC
194595,USGS,7010000,8/1/2015 20:00,408000,A,25.34,A,UTC
194596,USGS,7010000,8/1/2015 21:00,407000,A,25.3,A,UTC
194597,USGS,7010000,8/1/2015 22:00,407000,A,25.26,A,UTC
194598,USGS,7010000,8/1/2015 23:00,406000,A,25.21,A,UTC
194599,USGS,7010000,8/2/2015 0:00,406000,A,25.21,A,UTC
194600,USGS,7010000,8/2/2015 1:00,405000,A,25.18,A,UTC
194601,USGS,7010000,8/2/2015 2:00,405000,A,25.17,A,UTC
194602,USGS,7010000,8/2/2015 3:00,404000,A,25.13,A,UTC
194603,USGS,7010000,8/2/2015 4:00,404000,A,25.1,A,UTC
194604,USGS,7010000,8/2/2015 5:00,403000,A,25.09,A,UTC
194605,USGS,7010000,8/2/2015 6:00,403000,A,25.05,A,UTC
194606,USGS,7010000,8/2/2015 7:00,403000,A,25.03,A,UTC
194607,USGS,7010000,8/2/2015 8:00,402000,A,24.98,A,UTC
194608,USGS,7010000,8/2/2015 9:00,402000,A,25,A,UTC
194609,USGS,7010000,8/2/2015 10:00,402000,A,24.98,A,UTC
194610,USGS,7010000,8/2/2015 11:00,401000,A,24.95,A,UTC
194611,USGS,7010000,8/2/2015 12:00,401000,A,24.96,A,UTC
194612,USGS,7010000,8/2/2015 13:00,401000,A,24.93,A,UTC
194613,USGS,7010000,8/2/2015 14:00,4.00E+05,A,24.91,A,UTC
194614,USGS,7010000,8/2/2015 15:00,4.00E+05,A,24.87,A,UTC
194615,USGS,7010000,8/2/2015 16:00,399000,A,24.86,A,UTC
194616,USGS,7010000,8/2/2015 17:00,399000,A,24.83,A,UTC
194617,USGS,7010000,8/2/2015 18:00,398000,A,24.79,A,UTC
194618,USGS,7010000,8/2/2015 19:00,398000,A,24.77,A,UTC
194619,USGS,7010000,8/2/2015 20:00,397000,A,24.72,A,UTC
194620,USGS,7010000,8/2/2015 21:00,396000,A,24.66,A,UTC
194621,USGS,7010000,8/2/2015 22:00,395000,A,24.63,A,UTC
194622,USGS,7010000,8/2/2015 23:00,394000,A,24.57,A,UTC
194623,USGS,7010000,8/3/2015 0:00,392000,A,24.47,A,UTC
194624,USGS,7010000,8/3/2015 1:00,391000,A,24.41,A,UTC
194625,USGS,7010000,8/3/2015 2:00,390000,A,24.33,A,UTC
194626,USGS,7010000,8/3/2015 3:00,389000,A,24.29,A,UTC
194627,USGS,7010000,8/3/2015 4:00,389000,A,24.25,A,UTC
194628,USGS,7010000,8/3/2015 5:00,388000,A,24.23,A,UTC
194629,USGS,7010000,8/3/2015 6:00,388000,A,24.2,A,UTC
194630,USGS,7010000,8/3/2015 7:00,387000,A,24.14,A,UTC
194631,USGS,7010000,8/3/2015 8:00,386000,A,24.11,A,UTC
194632,USGS,7010000,8/3/2015 9:00,386000,A,24.08,A,UTC
194633,USGS,7010000,8/3/2015 10:00,385000,A,24.03,A,UTC
194634,USGS,7010000,8/3/2015 11:00,384000,A,23.97,A,UTC
194635,USGS,7010000,8/3/2015 12:00,383000,A,23.95,A,UTC
194636,USGS,7010000,8/3/2015 13:00,382000,A,23.87,A,UTC
194637,USGS,7010000,8/3/2015 14:00,381000,A,23.81,A,UTC
194638,USGS,7010000,8/3/2015 15:00,380000,A,23.76,A,UTC
194639,USGS,7010000,8/3/2015 16:00,380000,A,23.78,A,UTC
194640,USGS,7010000,8/3/2015 17:00,380000,A,23.75,A,UTC
194641,USGS,7010000,8/3/2015 18:00,379000,A,23.73,A,UTC
194642,USGS,7010000,8/3/2015 19:00,379000,A,23.71,A,UTC
194643,USGS,7010000,8/3/2015 20:00,378000,A,23.66,A,UTC
194644,USGS,7010000,8/3/2015 21:00,377000,A,23.61,A,UTC
194645,USGS,7010000,8/3/2015 22:00,377000,A,23.59,A,UTC
194646,USGS,7010000,8/3/2015 23:00,376000,A,23.56,A,UTC
194647,USGS,7010000,8/4/2015 0:00,376000,A,23.53,A,UTC
194648,USGS,7010000,8/4/2015 1:00,375000,A,23.46,A,UTC
194649,USGS,7010000,8/4/2015 2:00,374000,A,23.44,A,UTC
194650,USGS,7010000,8/4/2015 3:00,373000,A,23.39,A,UTC
194651,USGS,7010000,8/4/2015 4:00,373000,A,23.36,A,UTC
194652,USGS,7010000,8/4/2015 5:00,373000,A,23.34,A,UTC
194653,USGS,7010000,8/4/2015 6:00,372000,A,23.28,A,UTC
194654,USGS,7010000,8/4/2015 7:00,371000,A,23.24,A,UTC
194655,USGS,7010000,8/4/2015 8:00,370000,A,23.21,A,UTC
194656,USGS,7010000,8/4/2015 9:00,370000,A,23.18,A,UTC
194657,USGS,7010000,8/4/2015 10:00,369000,A,23.15,A,UTC
194658,USGS,7010000,8/4/2015 11:00,369000,A,23.11,A,UTC
194659,USGS,7010000,8/4/2015 12:00,368000,A,23.07,A,UTC
194660,USGS,7010000,8/4/2015 13:00,368000,A,23.04,A,UTC
194661,USGS,7010000,8/4/2015 14:00,367000,A,23.01,A,UTC
194662,USGS,7010000,8/4/2015 15:00,366000,A,22.94,A,UTC
194663,USGS,7010000,8/4/2015 16:00,366000,A,22.94,A,UTC
194664,USGS,7010000,8/4/2015 17:00,365000,A,22.89,A,UTC
194665,USGS,7010000,8/4/2015 18:00,364000,A,22.85,A,UTC
194666,USGS,7010000,8/4/2015 19:00,363000,A,22.79,A,UTC
194667,USGS,7010000,8/4/2015 20:00,362000,A,22.73,A,UTC
194668,USGS,7010000,8/4/2015 21:00,361000,A,22.69,A,UTC
194669,USGS,7010000,8/4/2015 22:00,360000,A,22.58,A,UTC
194670,USGS,7010000,8/4/2015 23:00,359000,A,22.52,A,UTC
194671,USGS,7010000,8/5/2015 0:00,358000,A,22.48,A,UTC
194672,USGS,7010000,8/5/2015 1:00,357000,A,22.42,A,UTC
194673,USGS,7010000,8/5/2015 2:00,356000,A,22.36,A,UTC
194674,USGS,7010000,8/5/2015 3:00,355000,A,22.32,A,UTC
194675,USGS,7010000,8/5/2015 4:00,355000,A,22.29,A,UTC
194676,USGS,7010000,8/5/2015 5:00,354000,A,22.23,A,UTC
194677,USGS,7010000,8/5/2015 6:00,353000,A,22.19,A,UTC
194678,USGS,7010000,8/5/2015 7:00,352000,A,22.15,A,UTC
194679,USGS,7010000,8/5/2015 8:00,352000,A,22.12,A,UTC
194680,USGS,7010000,8/5/2015 9:00,352000,A,22.11,A,UTC
194681,USGS,7010000,8/5/2015 10:00,351000,A,22.06,A,UTC
194682,USGS,7010000,8/5/2015 11:00,351000,A,22.07,A,UTC
194683,USGS,7010000,8/5/2015 12:00,350000,A,21.99,A,UTC
194684,USGS,7010000,8/5/2015 13:00,349000,A,21.96,A,UTC
194685,USGS,7010000,8/5/2015 14:00,348000,A,21.9,A,UTC
194686,USGS,7010000,8/5/2015 15:00,348000,A,21.87,A,UTC
194687,USGS,7010000,8/5/2015 16:00,347000,A,21.82,A,UTC
194688,USGS,7010000,8/5/2015 17:00,347000,A,21.82,A,UTC
194689,USGS,7010000,8/5/2015 18:00,346000,A,21.77,A,UTC
194690,USGS,7010000,8/5/2015 19:00,345000,A,21.7,A,UTC
194691,USGS,7010000,8/5/2015 20:00,344000,A,21.64,A,UTC
194692,USGS,7010000,8/5/2015 21:00,343000,A,21.59,A,UTC
194693,USGS,7010000,8/5/2015 22:00,342000,A,21.51,A,UTC
194694,USGS,7010000,8/5/2015 23:00,341000,A,21.46,A,UTC
194695,USGS,7010000,8/6/2015 0:00,340000,A,21.42,A,UTC
194696,USGS,7010000,8/6/2015 1:00,339000,A,21.36,A,UTC
194697,USGS,7010000,8/6/2015 2:00,340000,A,21.41,A,UTC
194698,USGS,7010000,8/6/2015 3:00,341000,A,21.44,A,UTC
194699,USGS,7010000,8/6/2015 4:00,341000,A,21.48,A,UTC
194700,USGS,7010000,8/6/2015 5:00,343000,A,21.57,A,UTC
194701,USGS,7010000,8/6/2015 6:00,343000,A,21.55,A,UTC
194702,USGS,7010000,8/6/2015 7:00,342000,A,21.54,A,UTC
194703,USGS,7010000,8/6/2015 8:00,343000,A,21.57,A,UTC
194704,USGS,7010000,8/6/2015 9:00,343000,A,21.61,A,UTC
194705,USGS,7010000,8/6/2015 10:00,344000,A,21.62,A,UTC
194706,USGS,7010000,8/6/2015 11:00,343000,A,21.61,A,UTC
194707,USGS,7010000,8/6/2015 12:00,343000,A,21.6,A,UTC
194708,USGS,7010000,8/6/2015 13:00,343000,A,21.6,A,UTC
194709,USGS,7010000,8/6/2015 14:00,343000,A,21.58,A,UTC
194710,USGS,7010000,8/6/2015 15:00,343000,A,21.57,A,UTC
194711,USGS,7010000,8/6/2015 16:00,342000,A,21.53,A,UTC
194712,USGS,7010000,8/6/2015 17:00,342000,A,21.51,A,UTC
194713,USGS,7010000,8/6/2015 18:00,340000,A,21.41,A,UTC
194714,USGS,7010000,8/6/2015 19:00,339000,A,21.32,A,UTC
194715,USGS,7010000,8/6/2015 20:00,338000,A,21.29,A,UTC
194716,USGS,7010000,8/6/2015 21:00,337000,A,21.22,A,UTC
194717,USGS,7010000,8/6/2015 22:00,336000,A,21.13,A,UTC
194718,USGS,7010000,8/6/2015 23:00,335000,A,21.07,A,UTC
194719,USGS,7010000,8/7/2015 0:00,333000,A,21,A,UTC
194720,USGS,7010000,8/7/2015 1:00,332000,A,20.91,A,UTC
194721,USGS,7010000,8/7/2015 2:00,331000,A,20.84,A,UTC
194722,USGS,7010000,8/7/2015 3:00,329000,A,20.72,A,UTC
194723,USGS,7010000,8/7/2015 4:00,327000,A,20.62,A,UTC
194724,USGS,7010000,8/7/2015 5:00,326000,A,20.55,A,UTC
194725,USGS,7010000,8/7/2015 6:00,325000,A,20.48,A,UTC
194726,USGS,7010000,8/7/2015 7:00,324000,A,20.4,A,UTC
194727,USGS,7010000,8/7/2015 8:00,323000,A,20.31,A,UTC
194728,USGS,7010000,8/7/2015 9:00,322000,A,20.25,A,UTC
194729,USGS,7010000,8/7/2015 10:00,320000,A,20.18,A,UTC
194730,USGS,7010000,8/7/2015 11:00,319000,A,20.12,A,UTC
194731,USGS,7010000,8/7/2015 12:00,318000,A,20.05,A,UTC
194732,USGS,7010000,8/7/2015 13:00,317000,A,19.99,A,UTC
194733,USGS,7010000,8/7/2015 14:00,317000,A,19.95,A,UTC
194734,USGS,7010000,8/7/2015 15:00,315000,A,19.85,A,UTC
194735,USGS,7010000,8/7/2015 16:00,315000,A,19.84,A,UTC
194736,USGS,7010000,8/7/2015 17:00,314000,A,19.76,A,UTC
194737,USGS,7010000,8/7/2015 18:00,312000,A,19.65,A,UTC
194738,USGS,7010000,8/7/2015 19:00,310000,A,19.56,A,UTC
194739,USGS,7010000,8/7/2015 20:00,309000,A,19.48,A,UTC
194740,USGS,7010000,8/7/2015 21:00,307000,A,19.38,A,UTC
194741,USGS,7010000,8/7/2015 22:00,306000,A,19.28,A,UTC
194742,USGS,7010000,8/7/2015 23:00,304000,A,19.17,A,UTC
194743,USGS,7010000,8/8/2015 0:00,302000,A,19.06,A,UTC
194744,USGS,7010000,8/8/2015 1:00,301000,A,18.96,A,UTC
194745,USGS,7010000,8/8/2015 2:00,299000,A,18.86,A,UTC
194746,USGS,7010000,8/8/2015 3:00,298000,A,18.78,A,UTC
194747,USGS,7010000,8/8/2015 4:00,296000,A,18.66,A,UTC
194748,USGS,7010000,8/8/2015 5:00,295000,A,18.59,A,UTC
194749,USGS,7010000,8/8/2015 6:00,293000,A,18.51,A,UTC
194750,USGS,7010000,8/8/2015 7:00,293000,A,18.46,A,UTC
194751,USGS,7010000,8/8/2015 8:00,292000,A,18.43,A,UTC
194752,USGS,7010000,8/8/2015 9:00,291000,A,18.35,A,UTC
194753,USGS,7010000,8/8/2015 10:00,291000,A,18.33,A,UTC
194754,USGS,7010000,8/8/2015 11:00,290000,A,18.29,A,UTC
194755,USGS,7010000,8/8/2015 12:00,290000,A,18.29,A,UTC
194756,USGS,7010000,8/8/2015 13:00,290000,A,18.32,A,UTC
194757,USGS,7010000,8/8/2015 14:00,290000,A,18.3,A,UTC
194758,USGS,7010000,8/8/2015 15:00,290000,A,18.31,A,UTC
194759,USGS,7010000,8/8/2015 16:00,290000,A,18.3,A,UTC
194760,USGS,7010000,8/8/2015 17:00,290000,A,18.27,A,UTC
194761,USGS,7010000,8/8/2015 18:00,290000,A,18.27,A,UTC
194762,USGS,7010000,8/8/2015 19:00,289000,A,18.23,A,UTC
194763,USGS,7010000,8/8/2015 20:00,286000,A,18.05,A,UTC
194764,USGS,7010000,8/8/2015 21:00,282000,A,17.8,A,UTC
194765,USGS,7010000,8/8/2015 22:00,279000,A,17.58,A,UTC
194766,USGS,7010000,8/8/2015 23:00,276000,A,17.39,A,UTC
194767,USGS,7010000,8/9/2015 0:00,274000,A,17.26,A,UTC
194768,USGS,7010000,8/9/2015 1:00,273000,A,17.2,A,UTC
194769,USGS,7010000,8/9/2015 2:00,272000,A,17.12,A,UTC
194770,USGS,7010000,8/9/2015 3:00,272000,A,17.1,A,UTC
194771,USGS,7010000,8/9/2015 4:00,271000,A,17.05,A,UTC
194772,USGS,7010000,8/9/2015 5:00,270000,A,17.01,A,UTC
194773,USGS,7010000,8/9/2015 6:00,270000,A,16.97,A,UTC
194774,USGS,7010000,8/9/2015 7:00,269000,A,16.91,A,UTC
194775,USGS,7010000,8/9/2015 8:00,268000,A,16.87,A,UTC
194776,USGS,7010000,8/9/2015 9:00,267000,A,16.8,A,UTC
194777,USGS,7010000,8/9/2015 10:00,266000,A,16.76,A,UTC
194778,USGS,7010000,8/9/2015 11:00,265000,A,16.69,A,UTC
194779,USGS,7010000,8/9/2015 12:00,265000,A,16.65,A,UTC
194780,USGS,7010000,8/9/2015 13:00,264000,A,16.59,A,UTC
194781,USGS,7010000,8/9/2015 14:00,263000,A,16.52,A,UTC
194782,USGS,7010000,8/9/2015 15:00,262000,A,16.48,A,UTC
194783,USGS,7010000,8/9/2015 16:00,262000,A,16.46,A,UTC
194784,USGS,7010000,8/9/2015 17:00,262000,A,16.47,A,UTC
194785,USGS,7010000,8/9/2015 18:00,262000,A,16.43,A,UTC
194786,USGS,7010000,8/9/2015 19:00,261000,A,16.37,A,UTC
194787,USGS,7010000,8/9/2015 20:00,261000,A,16.36,A,UTC
194788,USGS,7010000,8/9/2015 21:00,260000,A,16.32,A,UTC
194789,USGS,7010000,8/9/2015 22:00,260000,A,16.32,A,UTC
194790,USGS,7010000,8/9/2015 23:00,259000,A,16.26,A,UTC
194791,USGS,7010000,8/10/2015 0:00,259000,A,16.24,A,UTC
194792,USGS,7010000,8/10/2015 1:00,258000,A,16.18,A,UTC
194793,USGS,7010000,8/10/2015 2:00,259000,A,16.27,A,UTC
194794,USGS,7010000,8/10/2015 3:00,261000,A,16.36,A,UTC
194795,USGS,7010000,8/10/2015 4:00,261000,A,16.41,A,UTC
194796,USGS,7010000,8/10/2015 5:00,261000,A,16.39,A,UTC
194797,USGS,7010000,8/10/2015 6:00,260000,A,16.31,A,UTC
194798,USGS,7010000,8/10/2015 7:00,259000,A,16.25,A,UTC
194799,USGS,7010000,8/10/2015 8:00,258000,A,16.19,A,UTC
194800,USGS,7010000,8/10/2015 9:00,258000,A,16.16,A,UTC
194801,USGS,7010000,8/10/2015 10:00,256000,A,16.06,A,UTC
194802,USGS,7010000,8/10/2015 11:00,256000,A,16.06,A,UTC
194803,USGS,7010000,8/10/2015 12:00,255000,A,15.99,A,UTC
194804,USGS,7010000,8/10/2015 13:00,255000,A,15.97,A,UTC
194805,USGS,7010000,8/10/2015 14:00,254000,A,15.92,A,UTC
194806,USGS,7010000,8/10/2015 15:00,254000,A,15.93,A,UTC
194807,USGS,7010000,8/10/2015 16:00,255000,A,15.95,A,UTC
194808,USGS,7010000,8/10/2015 17:00,254000,A,15.92,A,UTC
194809,USGS,7010000,8/10/2015 18:00,253000,A,15.86,A,UTC
194810,USGS,7010000,8/10/2015 19:00,253000,A,15.83,A,UTC
194811,USGS,7010000,8/10/2015 20:00,252000,A,15.76,A,UTC
194812,USGS,7010000,8/10/2015 21:00,251000,A,15.69,A,UTC
194813,USGS,7010000,8/10/2015 22:00,250000,A,15.62,A,UTC
194814,USGS,7010000,8/10/2015 23:00,249000,A,15.54,A,UTC
194815,USGS,7010000,8/11/2015 0:00,247000,A,15.44,A,UTC
194816,USGS,7010000,8/11/2015 1:00,246000,A,15.37,A,UTC
194817,USGS,7010000,8/11/2015 2:00,245000,A,15.29,A,UTC
194818,USGS,7010000,8/11/2015 3:00,244000,A,15.23,A,UTC
194819,USGS,7010000,8/11/2015 4:00,243000,A,15.16,A,UTC
194820,USGS,7010000,8/11/2015 5:00,242000,A,15.09,A,UTC
194821,USGS,7010000,8/11/2015 6:00,242000,A,15.05,A,UTC
194822,USGS,7010000,8/11/2015 7:00,240000,A,14.95,A,UTC
194823,USGS,7010000,8/11/2015 8:00,240000,A,14.92,A,UTC
194824,USGS,7010000,8/11/2015 9:00,240000,A,14.92,A,UTC
194825,USGS,7010000,8/11/2015 10:00,239000,A,14.89,A,UTC
194826,USGS,7010000,8/11/2015 11:00,239000,A,14.9,A,UTC
194827,USGS,7010000,8/11/2015 12:00,240000,A,14.91,A,UTC
194828,USGS,7010000,8/11/2015 13:00,239000,A,14.89,A,UTC
194829,USGS,7010000,8/11/2015 14:00,239000,A,14.86,A,UTC
194830,USGS,7010000,8/11/2015 15:00,239000,A,14.85,A,UTC
194831,USGS,7010000,8/11/2015 16:00,239000,A,14.87,A,UTC
194832,USGS,7010000,8/11/2015 17:00,239000,A,14.89,A,UTC
194833,USGS,7010000,8/11/2015 18:00,240000,A,14.91,A,UTC
194834,USGS,7010000,8/11/2015 19:00,240000,A,14.92,A,UTC
194835,USGS,7010000,8/11/2015 20:00,241000,A,14.98,A,UTC
194836,USGS,7010000,8/11/2015 21:00,241000,A,15,A,UTC
194837,USGS,7010000,8/11/2015 22:00,241000,A,15.02,A,UTC
194838,USGS,7010000,8/11/2015 23:00,241000,A,15.04,A,UTC
194839,USGS,7010000,8/12/2015 0:00,242000,A,15.08,A,UTC
194840,USGS,7010000,8/12/2015 1:00,242000,A,15.1,A,UTC
194841,USGS,7010000,8/12/2015 2:00,243000,A,15.13,A,UTC
194842,USGS,7010000,8/12/2015 3:00,243000,A,15.16,A,UTC
194843,USGS,7010000,8/12/2015 4:00,243000,A,15.14,A,UTC
194844,USGS,7010000,8/12/2015 5:00,243000,A,15.17,A,UTC
194845,USGS,7010000,8/12/2015 6:00,244000,A,15.19,A,UTC
194846,USGS,7010000,8/12/2015 7:00,244000,A,15.19,A,UTC
194847,USGS,7010000,8/12/2015 8:00,244000,A,15.2,A,UTC
194848,USGS,7010000,8/12/2015 9:00,244000,A,15.2,A,UTC
194849,USGS,7010000,8/12/2015 10:00,244000,A,15.19,A,UTC
194850,USGS,7010000,8/12/2015 11:00,243000,A,15.17,A,UTC
194851,USGS,7010000,8/12/2015 12:00,243000,A,15.16,A,UTC
194852,USGS,7010000,8/12/2015 13:00,244000,A,15.2,A,UTC
194853,USGS,7010000,8/12/2015 14:00,244000,A,15.2,A,UTC
194854,USGS,7010000,8/12/2015 15:00,244000,A,15.24,A,UTC
194855,USGS,7010000,8/12/2015 16:00,245000,A,15.26,A,UTC
194856,USGS,7010000,8/12/2015 17:00,245000,A,15.32,A,UTC
194857,USGS,7010000,8/12/2015 18:00,246000,A,15.34,A,UTC
194858,USGS,7010000,8/12/2015 19:00,246000,A,15.39,A,UTC
194859,USGS,7010000,8/12/2015 20:00,247000,A,15.45,A,UTC
194860,USGS,7010000,8/12/2015 21:00,248000,A,15.47,A,UTC
194861,USGS,7010000,8/12/2015 22:00,248000,A,15.53,A,UTC
194862,USGS,7010000,8/12/2015 23:00,249000,A,15.6,A,UTC
194863,USGS,7010000,8/13/2015 0:00,250000,A,15.65,A,UTC
194864,USGS,7010000,8/13/2015 1:00,251000,A,15.68,A,UTC
194865,USGS,7010000,8/13/2015 2:00,251000,A,15.72,A,UTC
194866,USGS,7010000,8/13/2015 3:00,252000,A,15.78,A,UTC
194867,USGS,7010000,8/13/2015 4:00,252000,A,15.79,A,UTC
194868,USGS,7010000,8/13/2015 5:00,254000,A,15.89,A,UTC
194869,USGS,7010000,8/13/2015 6:00,254000,A,15.93,A,UTC
194870,USGS,7010000,8/13/2015 7:00,255000,A,15.97,A,UTC
194871,USGS,7010000,8/13/2015 8:00,256000,A,16.06,A,UTC
194872,USGS,7010000,8/13/2015 9:00,257000,A,16.1,A,UTC
194873,USGS,7010000,8/13/2015 10:00,257000,A,16.15,A,UTC
194874,USGS,7010000,8/13/2015 11:00,258000,A,16.2,A,UTC
194875,USGS,7010000,8/13/2015 12:00,259000,A,16.26,A,UTC
194876,USGS,7010000,8/13/2015 13:00,260000,A,16.3,A,UTC
194877,USGS,7010000,8/13/2015 14:00,261000,A,16.37,A,UTC
194878,USGS,7010000,8/13/2015 15:00,261000,A,16.41,A,UTC
194879,USGS,7010000,8/13/2015 16:00,263000,A,16.52,A,UTC
194880,USGS,7010000,8/13/2015 17:00,265000,A,16.69,A,UTC
194881,USGS,7010000,8/13/2015 18:00,267000,A,16.82,A,UTC
194882,USGS,7010000,8/13/2015 19:00,270000,A,16.98,A,UTC
194883,USGS,7010000,8/13/2015 20:00,272000,A,17.11,A,UTC
194884,USGS,7010000,8/13/2015 21:00,273000,A,17.21,A,UTC
194885,USGS,7010000,8/13/2015 22:00,275000,A,17.3,A,UTC
194886,USGS,7010000,8/13/2015 23:00,276000,A,17.4,A,UTC
194887,USGS,7010000,8/14/2015 0:00,277000,A,17.45,A,UTC
194888,USGS,7010000,8/14/2015 1:00,278000,A,17.5,A,UTC
194889,USGS,7010000,8/14/2015 2:00,279000,A,17.56,A,UTC
194890,USGS,7010000,8/14/2015 3:00,279000,A,17.57,A,UTC
194891,USGS,7010000,8/14/2015 4:00,279000,A,17.61,A,UTC
194892,USGS,7010000,8/14/2015 5:00,279000,A,17.58,A,UTC
194893,USGS,7010000,8/14/2015 6:00,279000,A,17.6,A,UTC
194894,USGS,7010000,8/14/2015 7:00,279000,A,17.59,A,UTC
194895,USGS,7010000,8/14/2015 8:00,280000,A,17.62,A,UTC
194896,USGS,7010000,8/14/2015 9:00,280000,A,17.64,A,UTC
194897,USGS,7010000,8/14/2015 10:00,280000,A,17.64,A,UTC
194898,USGS,7010000,8/14/2015 11:00,280000,A,17.66,A,UTC
194899,USGS,7010000,8/14/2015 12:00,280000,A,17.68,A,UTC
194900,USGS,7010000,8/14/2015 13:00,280000,A,17.68,A,UTC
194901,USGS,7010000,8/14/2015 14:00,280000,A,17.67,A,UTC
194902,USGS,7010000,8/14/2015 15:00,280000,A,17.68,A,UTC
194903,USGS,7010000,8/14/2015 16:00,281000,A,17.7,A,UTC
194904,USGS,7010000,8/14/2015 17:00,281000,A,17.7,A,UTC
194905,USGS,7010000,8/14/2015 18:00,280000,A,17.68,A,UTC
194906,USGS,7010000,8/14/2015 19:00,280000,A,17.67,A,UTC
194907,USGS,7010000,8/14/2015 20:00,281000,A,17.69,A,UTC
194908,USGS,7010000,8/14/2015 21:00,281000,A,17.7,A,UTC
194909,USGS,7010000,8/14/2015 22:00,280000,A,17.65,A,UTC
194910,USGS,7010000,8/14/2015 23:00,280000,A,17.65,A,UTC
194911,USGS,7010000,8/15/2015 0:00,279000,A,17.59,A,UTC
194912,USGS,7010000,8/15/2015 1:00,278000,A,17.54,A,UTC
194913,USGS,7010000,8/15/2015 2:00,277000,A,17.47,A,UTC
194914,USGS,7010000,8/15/2015 3:00,277000,A,17.43,A,UTC
194915,USGS,7010000,8/15/2015 4:00,276000,A,17.38,A,UTC
194916,USGS,7010000,8/15/2015 5:00,275000,A,17.31,A,UTC
194917,USGS,7010000,8/15/2015 6:00,273000,A,17.22,A,UTC
194918,USGS,7010000,8/15/2015 7:00,273000,A,17.16,A,UTC
194919,USGS,7010000,8/15/2015 8:00,271000,A,17.04,A,UTC
194920,USGS,7010000,8/15/2015 9:00,270000,A,16.97,A,UTC
194921,USGS,7010000,8/15/2015 10:00,268000,A,16.87,A,UTC
194922,USGS,7010000,8/15/2015 11:00,267000,A,16.81,A,UTC
194923,USGS,7010000,8/15/2015 12:00,266000,A,16.73,A,UTC
194924,USGS,7010000,8/15/2015 13:00,264000,A,16.62,A,UTC
194925,USGS,7010000,8/15/2015 14:00,264000,A,16.58,A,UTC
194926,USGS,7010000,8/15/2015 15:00,262000,A,16.47,A,UTC
194927,USGS,7010000,8/15/2015 16:00,261000,A,16.39,A,UTC
194928,USGS,7010000,8/15/2015 17:00,260000,A,16.29,A,UTC
194929,USGS,7010000,8/15/2015 18:00,258000,A,16.21,A,UTC
194930,USGS,7010000,8/15/2015 19:00,257000,A,16.13,A,UTC
194931,USGS,7010000,8/15/2015 20:00,255000,A,16,A,UTC
194932,USGS,7010000,8/15/2015 21:00,254000,A,15.9,A,UTC
194933,USGS,7010000,8/15/2015 22:00,253000,A,15.82,A,UTC
194934,USGS,7010000,8/15/2015 23:00,251000,A,15.72,A,UTC
