Date_Time,Discharge,Gage_Height,tz_cd
5/1/2018 0:00,2030,13.17,UTC
5/1/2018 0:15,2020,13.16,UTC
5/1/2018 0:30,2020,13.15,UTC
5/1/2018 0:45,2010,13.13,UTC
5/1/2018 1:00,2010,13.12,UTC
5/1/2018 1:15,2010,13.1,UTC
5/1/2018 1:30,2000,13.08,UTC
5/1/2018 1:45,1990,13.06,UTC
5/1/2018 2:00,1990,13.04,UTC
5/1/2018 2:15,1980,13,UTC
5/1/2018 2:30,1970,12.99,UTC
5/1/2018 2:45,1970,12.97,UTC
5/1/2018 3:00,1950,12.93,UTC
5/1/2018 3:15,1950,12.92,UTC
5/1/2018 3:30,1950,12.9,UTC
5/1/2018 3:45,1930,12.86,UTC
5/1/2018 4:00,1930,12.84,UTC
5/1/2018 4:15,1920,12.82,UTC
5/1/2018 4:30,1910,12.78,UTC
5/1/2018 4:45,1900,12.76,UTC
5/1/2018 5:00,1900,12.73,UTC
5/1/2018 5:15,1880,12.69,UTC
5/1/2018 5:30,1880,12.67,UTC
5/1/2018 5:45,1870,12.63,UTC
5/1/2018 6:00,1860,12.61,UTC
5/1/2018 6:15,1850,12.57,UTC
5/1/2018 6:30,1840,12.55,UTC
5/1/2018 6:45,1830,12.51,UTC
5/1/2018 7:00,1820,12.47,UTC
5/1/2018 7:15,1810,12.45,UTC
5/1/2018 7:30,1800,12.41,UTC
5/1/2018 7:45,1790,12.38,UTC
5/1/2018 8:00,1780,12.34,UTC
5/1/2018 8:15,1770,12.3,UTC
5/1/2018 8:30,1760,12.26,UTC
5/1/2018 8:45,1750,12.24,UTC
5/1/2018 9:00,1740,12.2,UTC
5/1/2018 9:15,1730,12.16,UTC
5/1/2018 9:30,1730,12.14,UTC
5/1/2018 9:45,1710,12.09,UTC
5/1/2018 10:00,1700,12.05,UTC
5/1/2018 10:15,1700,12.03,UTC
5/1/2018 10:30,1680,11.98,UTC
5/1/2018 10:45,1670,11.94,UTC
5/1/2018 11:00,1660,11.9,UTC
5/1/2018 11:15,1650,11.86,UTC
5/1/2018 11:30,1650,11.83,UTC
5/1/2018 11:45,1640,11.79,UTC
5/1/2018 12:00,1630,11.76,UTC
5/1/2018 12:15,1620,11.72,UTC
5/1/2018 12:30,1610,11.68,UTC
5/1/2018 12:45,1600,11.64,UTC
5/1/2018 13:00,1590,11.6,UTC
5/1/2018 13:15,1590,11.57,UTC
5/1/2018 13:30,1580,11.55,UTC
5/1/2018 13:45,1570,11.5,UTC
5/1/2018 14:00,1560,11.46,UTC
5/1/2018 14:15,1550,11.42,UTC
5/1/2018 14:30,1550,11.4,UTC
5/1/2018 14:45,1540,11.36,UTC
5/1/2018 15:00,1530,11.31,UTC
5/1/2018 15:15,1520,11.27,UTC
5/1/2018 15:30,1510,11.24,UTC
5/1/2018 15:45,1500,11.2,UTC
5/1/2018 16:00,1490,11.16,UTC
5/1/2018 16:15,1480,11.12,UTC
5/1/2018 16:30,1480,11.09,UTC
5/1/2018 16:45,1470,11.05,UTC
5/1/2018 17:00,1460,11.02,UTC
5/1/2018 17:15,1450,10.98,UTC
5/1/2018 17:30,1440,10.94,UTC
5/1/2018 17:45,1440,10.92,UTC
5/1/2018 18:00,1430,10.88,UTC
5/1/2018 18:15,1420,10.84,UTC
5/1/2018 18:30,1410,10.8,UTC
5/1/2018 18:45,1410,10.78,UTC
5/1/2018 19:00,1400,10.74,UTC
5/1/2018 19:15,1390,10.69,UTC
5/1/2018 19:30,1380,10.66,UTC
5/1/2018 19:45,1370,10.62,UTC
5/1/2018 20:00,1370,10.6,UTC
5/1/2018 20:15,1360,10.56,UTC
5/1/2018 20:30,1350,10.53,UTC
5/1/2018 20:45,1340,10.49,UTC
5/1/2018 21:00,1330,10.44,UTC
5/1/2018 21:15,1330,10.41,UTC
5/1/2018 21:30,1320,10.37,UTC
5/1/2018 21:45,1310,10.36,UTC
5/1/2018 22:00,1300,10.31,UTC
5/1/2018 22:15,1300,10.29,UTC
5/1/2018 22:30,1290,10.25,UTC
5/1/2018 22:45,1280,10.2,UTC
5/1/2018 23:00,1270,10.16,UTC
5/1/2018 23:15,1270,10.15,UTC
5/1/2018 23:30,1260,10.1,UTC
5/1/2018 23:45,1250,10.06,UTC
5/2/2018 0:00,1240,10.02,UTC
5/2/2018 0:15,1230,9.98,UTC
5/2/2018 0:30,1230,9.95,UTC
5/2/2018 0:45,1220,9.91,UTC
5/2/2018 1:00,1210,9.88,UTC
5/2/2018 1:15,1200,9.84,UTC
5/2/2018 1:30,1200,9.8,UTC
5/2/2018 1:45,1190,9.79,UTC
5/2/2018 2:00,1180,9.74,UTC
5/2/2018 2:15,1180,9.7,UTC
5/2/2018 2:30,1170,9.66,UTC
5/2/2018 2:45,1160,9.62,UTC
5/2/2018 3:00,1150,9.59,UTC
5/2/2018 3:15,1140,9.55,UTC
5/2/2018 3:30,1140,9.51,UTC
5/2/2018 3:45,1130,9.48,UTC
5/2/2018 4:00,1120,9.44,UTC
5/2/2018 4:15,1120,9.42,UTC
5/2/2018 4:30,1110,9.37,UTC
5/2/2018 4:45,1100,9.32,UTC
5/2/2018 5:00,1090,9.28,UTC
5/2/2018 5:15,1090,9.25,UTC
5/2/2018 5:30,1080,9.21,UTC
5/2/2018 5:45,1070,9.17,UTC
5/2/2018 6:00,1060,9.13,UTC
5/2/2018 6:15,1050,9.09,UTC
5/2/2018 6:30,1050,9.05,UTC
5/2/2018 6:45,1040,9.01,UTC
5/2/2018 7:00,1030,8.97,UTC
5/2/2018 7:15,1020,8.94,UTC
5/2/2018 7:30,1020,8.9,UTC
5/2/2018 7:45,1010,8.86,UTC
5/2/2018 8:00,1000,8.82,UTC
5/2/2018 8:15,994,8.78,UTC
5/2/2018 8:30,987,8.74,UTC
5/2/2018 8:45,983,8.72,UTC
5/2/2018 9:00,975,8.68,UTC
5/2/2018 9:15,966,8.63,UTC
5/2/2018 9:30,959,8.59,UTC
5/2/2018 9:45,951,8.55,UTC
5/2/2018 10:00,944,8.51,UTC
5/2/2018 10:15,936,8.47,UTC
5/2/2018 10:30,929,8.43,UTC
5/2/2018 10:45,921,8.39,UTC
5/2/2018 11:00,916,8.36,UTC
5/2/2018 11:15,909,8.32,UTC
5/2/2018 11:30,901,8.28,UTC
5/2/2018 11:45,896,8.25,UTC
5/2/2018 12:00,888,8.21,UTC
5/2/2018 12:15,885,8.19,UTC
5/2/2018 12:30,878,8.15,UTC
5/2/2018 12:45,869,8.1,UTC
5/2/2018 13:00,861,8.06,UTC
5/2/2018 13:15,856,8.03,UTC
5/2/2018 13:30,849,7.99,UTC
5/2/2018 13:45,844,7.96,UTC
5/2/2018 14:00,836,7.92,UTC
5/2/2018 14:15,831,7.89,UTC
5/2/2018 14:30,824,7.85,UTC
5/2/2018 14:45,817,7.81,UTC
5/2/2018 15:00,812,7.78,UTC
5/2/2018 15:15,805,7.74,UTC
5/2/2018 15:30,800,7.71,UTC
5/2/2018 15:45,796,7.69,UTC
5/2/2018 16:00,789,7.65,UTC
5/2/2018 16:15,782,7.61,UTC
5/2/2018 16:30,775,7.57,UTC
5/2/2018 16:45,774,7.56,UTC
5/2/2018 17:00,767,7.52,UTC
5/2/2018 17:15,763,7.5,UTC
5/2/2018 17:30,756,7.46,UTC
5/2/2018 17:45,751,7.43,UTC
5/2/2018 18:00,745,7.39,UTC
5/2/2018 18:15,741,7.37,UTC
5/2/2018 18:30,734,7.33,UTC
5/2/2018 18:45,731,7.31,UTC
5/2/2018 19:00,724,7.27,UTC
5/2/2018 19:15,721,7.25,UTC
5/2/2018 19:30,714,7.21,UTC
5/2/2018 19:45,711,7.19,UTC
5/2/2018 20:00,704,7.15,UTC
5/2/2018 20:15,701,7.13,UTC
5/2/2018 20:30,694,7.09,UTC
5/2/2018 20:45,691,7.07,UTC
5/2/2018 21:00,680,7,UTC
5/2/2018 21:15,676,6.98,UTC
5/2/2018 21:30,675,6.97,UTC
5/2/2018 21:45,673,6.96,UTC
5/2/2018 22:00,670,6.94,UTC
5/2/2018 22:15,667,6.92,UTC
5/2/2018 22:30,663,6.9,UTC
5/2/2018 22:45,657,6.86,UTC
5/2/2018 23:00,654,6.84,UTC
5/2/2018 23:15,650,6.82,UTC
5/2/2018 23:30,646,6.79,UTC
5/2/2018 23:45,642,6.77,UTC
5/3/2018 0:00,639,6.75,UTC
5/3/2018 0:15,634,6.72,UTC
5/3/2018 0:30,631,6.7,UTC
5/3/2018 0:45,630,6.69,UTC
5/3/2018 1:00,627,6.67,UTC
5/3/2018 1:15,623,6.65,UTC
5/3/2018 1:30,620,6.63,UTC
5/3/2018 1:45,617,6.61,UTC
5/3/2018 2:00,612,6.58,UTC
5/3/2018 2:15,609,6.56,UTC
5/3/2018 2:30,606,6.54,UTC
5/3/2018 2:45,603,6.52,UTC
5/3/2018 3:00,600,6.5,UTC
5/3/2018 3:15,597,6.48,UTC
5/3/2018 3:30,594,6.46,UTC
5/3/2018 3:45,591,6.44,UTC
5/3/2018 4:00,587,6.42,UTC
5/3/2018 4:15,584,6.4,UTC
5/3/2018 4:30,581,6.38,UTC
5/3/2018 4:45,580,6.37,UTC
5/3/2018 5:00,577,6.35,UTC
5/3/2018 5:15,574,6.33,UTC
5/3/2018 5:30,571,6.31,UTC
5/3/2018 5:45,568,6.29,UTC
5/3/2018 6:00,566,6.28,UTC
5/3/2018 6:15,563,6.26,UTC
5/3/2018 6:30,560,6.24,UTC
5/3/2018 6:45,557,6.22,UTC
5/3/2018 7:00,554,6.2,UTC
5/3/2018 7:15,551,6.18,UTC
5/3/2018 7:30,549,6.17,UTC
5/3/2018 7:45,546,6.15,UTC
5/3/2018 8:00,543,6.13,UTC
5/3/2018 8:15,542,6.12,UTC
5/3/2018 8:30,539,6.1,UTC
5/3/2018 8:45,536,6.08,UTC
5/3/2018 9:00,534,6.07,UTC
5/3/2018 9:15,531,6.05,UTC
5/3/2018 9:30,528,6.03,UTC
5/3/2018 9:45,527,6.02,UTC
5/3/2018 10:00,524,6,UTC
5/3/2018 10:15,523,5.99,UTC
5/3/2018 10:30,520,5.97,UTC
5/3/2018 10:45,518,5.96,UTC
5/3/2018 11:00,515,5.94,UTC
5/3/2018 11:15,514,5.93,UTC
5/3/2018 11:30,511,5.91,UTC
5/3/2018 11:45,509,5.9,UTC
5/3/2018 12:00,508,5.89,UTC
5/3/2018 12:15,505,5.87,UTC
5/3/2018 12:30,504,5.86,UTC
5/3/2018 12:45,502,5.85,UTC
5/3/2018 13:00,501,5.84,UTC
5/3/2018 13:15,498,5.82,UTC
5/3/2018 13:30,496,5.81,UTC
5/3/2018 13:45,495,5.8,UTC
5/3/2018 14:00,493,5.79,UTC
5/3/2018 14:15,492,5.78,UTC
5/3/2018 14:30,491,5.77,UTC
5/3/2018 14:45,488,5.75,UTC
5/3/2018 15:00,486,5.74,UTC
5/3/2018 15:15,485,5.73,UTC
5/3/2018 15:30,483,5.72,UTC
5/3/2018 15:45,482,5.71,UTC
5/3/2018 16:00,482,5.71,UTC
5/3/2018 16:15,481,5.7,UTC
5/3/2018 16:30,479,5.69,UTC
5/3/2018 16:45,478,5.68,UTC
5/3/2018 17:00,476,5.67,UTC
5/3/2018 17:15,475,5.66,UTC
5/3/2018 17:30,475,5.66,UTC
5/3/2018 17:45,473,5.65,UTC
5/3/2018 18:00,472,5.64,UTC
5/3/2018 18:15,471,5.63,UTC
5/3/2018 18:30,469,5.62,UTC
5/3/2018 18:45,468,5.61,UTC
5/3/2018 19:00,468,5.61,UTC
5/3/2018 19:15,466,5.6,UTC
5/3/2018 19:30,466,5.6,UTC
5/3/2018 19:45,465,5.59,UTC
5/3/2018 20:00,464,5.58,UTC
5/3/2018 20:15,462,5.57,UTC
5/3/2018 20:30,462,5.57,UTC
5/3/2018 20:45,461,5.56,UTC
5/3/2018 21:00,459,5.55,UTC
5/3/2018 21:15,459,5.55,UTC
5/3/2018 21:30,458,5.54,UTC
5/3/2018 21:45,457,5.53,UTC
5/3/2018 22:00,457,5.53,UTC
5/3/2018 22:15,455,5.52,UTC
5/3/2018 22:30,454,5.51,UTC
5/3/2018 22:45,454,5.51,UTC
5/3/2018 23:00,452,5.5,UTC
5/3/2018 23:15,452,5.5,UTC
5/3/2018 23:30,451,5.49,UTC
5/3/2018 23:45,450,5.48,UTC
5/4/2018 0:00,450,5.48,UTC
5/4/2018 0:15,448,5.47,UTC
5/4/2018 0:30,447,5.46,UTC
5/4/2018 0:45,447,5.46,UTC
5/4/2018 1:00,445,5.45,UTC
5/4/2018 1:15,444,5.44,UTC
5/4/2018 1:30,444,5.44,UTC
5/4/2018 1:45,443,5.43,UTC
5/4/2018 2:00,443,5.43,UTC
5/4/2018 2:15,441,5.42,UTC
5/4/2018 2:30,440,5.41,UTC
5/4/2018 2:45,440,5.41,UTC
5/4/2018 3:00,438,5.4,UTC
5/4/2018 3:15,438,5.4,UTC
5/4/2018 3:30,437,5.39,UTC
5/4/2018 3:45,436,5.38,UTC
5/4/2018 4:00,436,5.38,UTC
5/4/2018 4:15,434,5.37,UTC
5/4/2018 4:30,433,5.36,UTC
5/4/2018 4:45,433,5.36,UTC
5/4/2018 5:00,432,5.35,UTC
5/4/2018 5:15,432,5.35,UTC
5/4/2018 5:30,430,5.34,UTC
5/4/2018 5:45,429,5.33,UTC
5/4/2018 6:00,429,5.33,UTC
5/4/2018 6:15,428,5.32,UTC
5/4/2018 6:30,428,5.32,UTC
5/4/2018 6:45,426,5.31,UTC
5/4/2018 7:00,425,5.3,UTC
5/4/2018 7:15,425,5.3,UTC
5/4/2018 7:30,423,5.29,UTC
5/4/2018 7:45,422,5.28,UTC
5/4/2018 8:00,422,5.28,UTC
5/4/2018 8:15,421,5.27,UTC
5/4/2018 8:30,419,5.26,UTC
5/4/2018 8:45,419,5.26,UTC
5/4/2018 9:00,418,5.25,UTC
5/4/2018 9:15,417,5.24,UTC
5/4/2018 9:30,417,5.24,UTC
5/4/2018 9:45,415,5.23,UTC
5/4/2018 10:00,414,5.22,UTC
5/4/2018 10:15,414,5.22,UTC
5/4/2018 10:30,413,5.21,UTC
5/4/2018 10:45,411,5.2,UTC
5/4/2018 11:00,411,5.2,UTC
5/4/2018 11:15,410,5.19,UTC
5/4/2018 11:30,409,5.18,UTC
5/4/2018 11:45,409,5.18,UTC
5/4/2018 12:00,407,5.17,UTC
5/4/2018 12:15,406,5.16,UTC
5/4/2018 12:30,405,5.15,UTC
5/4/2018 12:45,405,5.15,UTC
5/4/2018 13:00,403,5.14,UTC
5/4/2018 13:15,402,5.13,UTC
5/4/2018 13:30,402,5.13,UTC
5/4/2018 13:45,401,5.12,UTC
5/4/2018 14:00,401,5.12,UTC
5/4/2018 14:15,399,5.11,UTC
5/4/2018 14:30,399,5.11,UTC
5/4/2018 14:45,398,5.1,UTC
5/4/2018 15:00,397,5.09,UTC
5/4/2018 15:15,397,5.09,UTC
5/4/2018 15:30,395,5.08,UTC
5/4/2018 15:45,395,5.08,UTC
5/4/2018 16:00,394,5.07,UTC
5/4/2018 16:15,394,5.07,UTC
5/4/2018 16:30,393,5.06,UTC
5/4/2018 16:45,393,5.06,UTC
5/4/2018 17:00,391,5.05,UTC
5/4/2018 17:15,391,5.05,UTC
5/4/2018 17:30,390,5.04,UTC
5/4/2018 17:45,390,5.04,UTC
5/4/2018 18:00,389,5.03,UTC
5/4/2018 18:15,389,5.03,UTC
5/4/2018 18:30,389,5.03,UTC
5/4/2018 18:45,387,5.02,UTC
5/4/2018 19:00,387,5.02,UTC
5/4/2018 19:15,387,5.02,UTC
5/4/2018 19:30,386,5.01,UTC
5/4/2018 19:45,386,5.01,UTC
5/4/2018 20:00,385,5,UTC
5/4/2018 20:15,385,5,UTC
5/4/2018 20:30,385,5,UTC
5/4/2018 20:45,384,4.99,UTC
5/4/2018 21:00,384,4.99,UTC
5/4/2018 21:15,384,4.99,UTC
5/4/2018 21:30,382,4.98,UTC
5/4/2018 21:45,382,4.98,UTC
5/4/2018 22:00,382,4.98,UTC
5/4/2018 22:15,381,4.97,UTC
5/4/2018 22:30,381,4.97,UTC
5/4/2018 22:45,381,4.97,UTC
5/4/2018 23:00,380,4.96,UTC
5/4/2018 23:15,380,4.96,UTC
5/4/2018 23:30,380,4.96,UTC
5/4/2018 23:45,378,4.95,UTC
5/5/2018 0:00,378,4.95,UTC
5/5/2018 0:15,378,4.95,UTC
5/5/2018 0:30,378,4.95,UTC
5/5/2018 0:45,377,4.94,UTC
5/5/2018 1:00,377,4.94,UTC
5/5/2018 1:15,377,4.94,UTC
5/5/2018 1:30,376,4.93,UTC
5/5/2018 1:45,376,4.93,UTC
5/5/2018 2:00,376,4.93,UTC
5/5/2018 2:15,374,4.92,UTC
5/5/2018 2:30,374,4.92,UTC
5/5/2018 2:45,373,4.91,UTC
5/5/2018 3:00,373,4.91,UTC
5/5/2018 3:15,373,4.91,UTC
5/5/2018 3:30,372,4.9,UTC
5/5/2018 3:45,372,4.9,UTC
5/5/2018 4:00,372,4.9,UTC
5/5/2018 4:15,371,4.89,UTC
5/5/2018 4:30,371,4.89,UTC
5/5/2018 4:45,369,4.88,UTC
5/5/2018 5:00,369,4.88,UTC
5/5/2018 5:15,369,4.88,UTC
5/5/2018 5:30,368,4.87,UTC
5/5/2018 5:45,368,4.87,UTC
5/5/2018 6:00,367,4.86,UTC
5/5/2018 6:15,367,4.86,UTC
5/5/2018 6:30,367,4.86,UTC
5/5/2018 6:45,365,4.85,UTC
5/5/2018 7:00,365,4.85,UTC
5/5/2018 7:15,364,4.84,UTC
5/5/2018 7:30,364,4.84,UTC
5/5/2018 7:45,364,4.84,UTC
5/5/2018 8:00,363,4.83,UTC
5/5/2018 8:15,363,4.83,UTC
5/5/2018 8:30,362,4.82,UTC
5/5/2018 8:45,362,4.82,UTC
5/5/2018 9:00,360,4.81,UTC
5/5/2018 9:15,360,4.81,UTC
5/5/2018 9:30,359,4.8,UTC
5/5/2018 9:45,359,4.8,UTC
5/5/2018 10:00,359,4.8,UTC
5/5/2018 10:15,358,4.79,UTC
5/5/2018 10:30,358,4.79,UTC
5/5/2018 10:45,356,4.78,UTC
5/5/2018 11:00,356,4.78,UTC
5/5/2018 11:15,355,4.77,UTC
5/5/2018 11:30,355,4.77,UTC
5/5/2018 11:45,354,4.76,UTC
5/5/2018 12:00,354,4.76,UTC
5/5/2018 12:15,353,4.75,UTC
5/5/2018 12:30,353,4.75,UTC
5/5/2018 12:45,351,4.74,UTC
5/5/2018 13:00,351,4.74,UTC
5/5/2018 13:15,350,4.73,UTC
5/5/2018 13:30,350,4.73,UTC
5/5/2018 13:45,349,4.72,UTC
5/5/2018 14:00,349,4.72,UTC
5/5/2018 14:15,349,4.72,UTC
5/5/2018 14:30,348,4.71,UTC
5/5/2018 14:45,348,4.71,UTC
5/5/2018 15:00,346,4.7,UTC
5/5/2018 15:15,346,4.7,UTC
5/5/2018 15:30,345,4.69,UTC
5/5/2018 15:45,345,4.69,UTC
5/5/2018 16:00,344,4.68,UTC
5/5/2018 16:15,344,4.68,UTC
5/5/2018 16:30,343,4.67,UTC
5/5/2018 16:45,341,4.66,UTC
5/5/2018 17:00,341,4.66,UTC
5/5/2018 17:15,341,4.66,UTC
5/5/2018 17:30,341,4.66,UTC
5/5/2018 17:45,341,4.66,UTC
5/5/2018 18:00,340,4.65,UTC
5/5/2018 18:15,340,4.65,UTC
5/5/2018 18:30,340,4.65,UTC
5/5/2018 18:45,340,4.65,UTC
5/5/2018 19:00,339,4.64,UTC
5/5/2018 19:15,339,4.64,UTC
5/5/2018 19:30,339,4.64,UTC
5/5/2018 19:45,338,4.63,UTC
5/5/2018 20:00,338,4.63,UTC
5/5/2018 20:15,338,4.63,UTC
5/5/2018 20:30,336,4.62,UTC
5/5/2018 20:45,336,4.62,UTC
5/5/2018 21:00,336,4.62,UTC
5/5/2018 21:15,335,4.61,UTC
5/5/2018 21:30,335,4.61,UTC
5/5/2018 21:45,335,4.61,UTC
5/5/2018 22:00,334,4.6,UTC
5/5/2018 22:15,334,4.6,UTC
5/5/2018 22:30,334,4.6,UTC
5/5/2018 22:45,333,4.59,UTC
5/5/2018 23:00,333,4.59,UTC
5/5/2018 23:15,331,4.58,UTC
5/5/2018 23:30,331,4.58,UTC
5/5/2018 23:45,331,4.58,UTC
5/6/2018 0:00,330,4.57,UTC
5/6/2018 0:15,330,4.57,UTC
5/6/2018 0:30,329,4.56,UTC
5/6/2018 0:45,329,4.56,UTC
5/6/2018 1:00,329,4.56,UTC
5/6/2018 1:15,328,4.55,UTC
5/6/2018 1:30,328,4.55,UTC
5/6/2018 1:45,327,4.54,UTC
5/6/2018 2:00,327,4.54,UTC
5/6/2018 2:15,325,4.53,UTC
5/6/2018 2:30,325,4.53,UTC
5/6/2018 2:45,324,4.52,UTC
5/6/2018 3:00,324,4.52,UTC
5/6/2018 3:15,323,4.51,UTC
5/6/2018 3:30,323,4.51,UTC
5/6/2018 3:45,323,4.51,UTC
5/6/2018 4:00,322,4.5,UTC
5/6/2018 4:15,322,4.5,UTC
5/6/2018 4:30,320,4.49,UTC
5/6/2018 4:45,320,4.49,UTC
5/6/2018 5:00,319,4.48,UTC
5/6/2018 5:15,319,4.48,UTC
5/6/2018 5:30,318,4.47,UTC
5/6/2018 5:45,318,4.47,UTC
5/6/2018 6:00,318,4.47,UTC
5/6/2018 6:15,317,4.46,UTC
5/6/2018 6:30,317,4.46,UTC
5/6/2018 6:45,316,4.45,UTC
5/6/2018 7:00,316,4.45,UTC
5/6/2018 7:15,316,4.45,UTC
5/6/2018 7:30,314,4.44,UTC
5/6/2018 7:45,314,4.44,UTC
5/6/2018 8:00,314,4.44,UTC
5/6/2018 8:15,313,4.43,UTC
5/6/2018 8:30,313,4.43,UTC
5/6/2018 8:45,313,4.43,UTC
5/6/2018 9:00,312,4.42,UTC
5/6/2018 9:15,312,4.42,UTC
5/6/2018 9:30,312,4.42,UTC
5/6/2018 9:45,311,4.41,UTC
5/6/2018 10:00,311,4.41,UTC
5/6/2018 10:15,311,4.41,UTC
5/6/2018 10:30,310,4.4,UTC
5/6/2018 10:45,310,4.4,UTC
5/6/2018 11:00,310,4.4,UTC
5/6/2018 11:15,310,4.4,UTC
5/6/2018 11:30,308,4.39,UTC
5/6/2018 11:45,308,4.39,UTC
5/6/2018 12:00,308,4.39,UTC
5/6/2018 12:15,308,4.39,UTC
5/6/2018 12:30,307,4.38,UTC
5/6/2018 12:45,307,4.38,UTC
5/6/2018 13:00,307,4.38,UTC
5/6/2018 13:15,307,4.38,UTC
5/6/2018 13:30,306,4.37,UTC
5/6/2018 13:45,306,4.37,UTC
5/6/2018 14:00,306,4.37,UTC
5/6/2018 14:15,305,4.36,UTC
5/6/2018 14:30,305,4.36,UTC
5/6/2018 14:45,305,4.36,UTC
5/6/2018 15:00,304,4.35,UTC
5/6/2018 15:15,304,4.35,UTC
5/6/2018 15:30,304,4.35,UTC
5/6/2018 15:45,302,4.34,UTC
5/6/2018 16:00,302,4.34,UTC
5/6/2018 16:15,302,4.34,UTC
5/6/2018 16:30,301,4.33,UTC
5/6/2018 16:45,301,4.33,UTC
5/6/2018 17:00,301,4.33,UTC
5/6/2018 17:15,300,4.32,UTC
5/6/2018 17:30,300,4.32,UTC
5/6/2018 17:45,300,4.32,UTC
5/6/2018 18:00,299,4.31,UTC
5/6/2018 18:15,299,4.31,UTC
5/6/2018 18:30,298,4.3,UTC
5/6/2018 18:45,298,4.3,UTC
5/6/2018 19:00,298,4.3,UTC
5/6/2018 19:15,298,4.3,UTC
5/6/2018 19:30,296,4.29,UTC
5/6/2018 19:45,296,4.29,UTC
5/6/2018 20:00,295,4.28,UTC
5/6/2018 20:15,295,4.28,UTC
5/6/2018 20:30,295,4.28,UTC
5/6/2018 20:45,294,4.27,UTC
5/6/2018 21:00,294,4.27,UTC
5/6/2018 21:15,294,4.27,UTC
5/6/2018 21:30,293,4.26,UTC
5/6/2018 21:45,293,4.26,UTC
5/6/2018 22:00,293,4.26,UTC
5/6/2018 22:15,293,4.26,UTC
5/6/2018 22:30,292,4.25,UTC
5/6/2018 22:45,292,4.25,UTC
5/6/2018 23:00,292,4.25,UTC
5/6/2018 23:15,292,4.25,UTC
5/6/2018 23:30,292,4.25,UTC
5/6/2018 23:45,292,4.25,UTC
5/7/2018 0:00,292,4.25,UTC
5/7/2018 0:15,292,4.25,UTC
5/7/2018 0:30,292,4.25,UTC
5/7/2018 0:45,292,4.25,UTC
5/7/2018 1:00,292,4.25,UTC
5/7/2018 1:15,292,4.25,UTC
5/7/2018 1:30,292,4.25,UTC
5/7/2018 1:45,292,4.25,UTC
5/7/2018 2:00,292,4.25,UTC
5/7/2018 2:15,292,4.25,UTC
5/7/2018 2:30,292,4.25,UTC
5/7/2018 2:45,292,4.25,UTC
5/7/2018 3:00,292,4.25,UTC
5/7/2018 3:15,292,4.25,UTC
5/7/2018 3:30,292,4.25,UTC
5/7/2018 3:45,292,4.25,UTC
5/7/2018 4:00,291,4.24,UTC
5/7/2018 4:15,291,4.24,UTC
5/7/2018 4:30,291,4.24,UTC
5/7/2018 4:45,291,4.24,UTC
5/7/2018 5:00,291,4.24,UTC
5/7/2018 5:15,291,4.24,UTC
5/7/2018 5:30,291,4.24,UTC
5/7/2018 5:45,289,4.23,UTC
5/7/2018 6:00,289,4.23,UTC
5/7/2018 6:15,289,4.23,UTC
5/7/2018 6:30,289,4.23,UTC
5/7/2018 6:45,289,4.23,UTC
5/7/2018 7:00,289,4.23,UTC
5/7/2018 7:15,288,4.22,UTC
5/7/2018 7:30,288,4.22,UTC
5/7/2018 7:45,288,4.22,UTC
5/7/2018 8:00,287,4.21,UTC
5/7/2018 8:15,287,4.21,UTC
5/7/2018 8:30,287,4.21,UTC
5/7/2018 8:45,287,4.21,UTC
5/7/2018 9:00,287,4.21,UTC
5/7/2018 9:15,286,4.2,UTC
5/7/2018 9:30,286,4.2,UTC
5/7/2018 9:45,286,4.2,UTC
5/7/2018 10:00,286,4.2,UTC
5/7/2018 10:15,285,4.19,UTC
5/7/2018 10:30,285,4.19,UTC
5/7/2018 10:45,285,4.19,UTC
5/7/2018 11:00,285,4.19,UTC
5/7/2018 11:15,285,4.19,UTC
5/7/2018 11:30,284,4.18,UTC
5/7/2018 11:45,284,4.18,UTC
5/7/2018 12:00,284,4.18,UTC
5/7/2018 12:15,282,4.17,UTC
5/7/2018 12:30,282,4.17,UTC
5/7/2018 12:45,282,4.17,UTC
5/7/2018 13:00,282,4.17,UTC
5/7/2018 13:15,282,4.17,UTC
5/7/2018 13:30,282,4.17,UTC
5/7/2018 13:45,281,4.16,UTC
5/7/2018 14:00,281,4.16,UTC
5/7/2018 14:15,281,4.16,UTC
5/7/2018 14:30,281,4.16,UTC
5/7/2018 14:45,281,4.16,UTC
5/7/2018 15:00,280,4.15,UTC
5/7/2018 15:15,280,4.15,UTC
5/7/2018 15:30,280,4.15,UTC
5/7/2018 15:45,280,4.15,UTC
5/7/2018 16:00,280,4.15,UTC
5/7/2018 16:15,280,4.15,UTC
5/7/2018 16:30,280,4.15,UTC
5/7/2018 16:45,280,4.15,UTC
5/7/2018 17:00,279,4.14,UTC
5/7/2018 17:15,279,4.14,UTC
5/7/2018 17:30,279,4.14,UTC
5/7/2018 17:45,279,4.14,UTC
5/7/2018 18:00,279,4.14,UTC
5/7/2018 18:15,279,4.14,UTC
5/7/2018 18:30,279,4.14,UTC
5/7/2018 18:45,279,4.14,UTC
5/7/2018 19:00,279,4.14,UTC
5/7/2018 19:15,279,4.14,UTC
5/7/2018 19:30,279,4.14,UTC
5/7/2018 19:45,279,4.14,UTC
5/7/2018 20:00,279,4.14,UTC
5/7/2018 20:15,278,4.13,UTC
5/7/2018 20:30,278,4.13,UTC
5/7/2018 20:45,278,4.13,UTC
5/7/2018 21:00,278,4.13,UTC
5/7/2018 21:15,279,4.14,UTC
5/7/2018 21:30,279,4.14,UTC
5/7/2018 21:45,279,4.14,UTC
5/7/2018 22:00,279,4.14,UTC
5/7/2018 22:15,279,4.14,UTC
5/7/2018 22:30,279,4.14,UTC
5/7/2018 22:45,279,4.14,UTC
5/7/2018 23:00,279,4.14,UTC
5/7/2018 23:15,279,4.14,UTC
5/7/2018 23:30,280,4.15,UTC
5/7/2018 23:45,280,4.15,UTC
5/8/2018 0:00,280,4.15,UTC
5/8/2018 0:15,280,4.15,UTC
5/8/2018 0:30,281,4.16,UTC
5/8/2018 0:45,281,4.16,UTC
5/8/2018 1:00,282,4.17,UTC
5/8/2018 1:15,282,4.17,UTC
5/8/2018 1:30,282,4.17,UTC
5/8/2018 1:45,284,4.18,UTC
5/8/2018 2:00,285,4.19,UTC
5/8/2018 2:15,285,4.19,UTC
5/8/2018 2:30,286,4.2,UTC
5/8/2018 2:45,287,4.21,UTC
5/8/2018 3:00,288,4.22,UTC
5/8/2018 3:15,289,4.23,UTC
5/8/2018 3:30,291,4.24,UTC
5/8/2018 3:45,292,4.25,UTC
5/8/2018 4:00,293,4.26,UTC
5/8/2018 4:15,295,4.28,UTC
5/8/2018 4:30,296,4.29,UTC
5/8/2018 4:45,299,4.31,UTC
5/8/2018 5:00,301,4.33,UTC
5/8/2018 5:15,302,4.34,UTC
5/8/2018 5:30,306,4.37,UTC
5/8/2018 5:45,310,4.4,UTC
5/8/2018 6:00,312,4.42,UTC
5/8/2018 6:15,314,4.44,UTC
5/8/2018 6:30,319,4.48,UTC
5/8/2018 6:45,322,4.5,UTC
5/8/2018 7:00,325,4.53,UTC
5/8/2018 7:15,328,4.55,UTC
5/8/2018 7:30,333,4.59,UTC
5/8/2018 7:45,335,4.61,UTC
5/8/2018 8:00,340,4.65,UTC
5/8/2018 8:15,343,4.67,UTC
5/8/2018 8:30,346,4.7,UTC
5/8/2018 8:45,349,4.72,UTC
5/8/2018 9:00,354,4.76,UTC
5/8/2018 9:15,356,4.78,UTC
5/8/2018 9:30,359,4.8,UTC
5/8/2018 9:45,364,4.84,UTC
5/8/2018 10:00,367,4.86,UTC
5/8/2018 10:15,369,4.88,UTC
5/8/2018 10:30,373,4.91,UTC
5/8/2018 10:45,376,4.93,UTC
5/8/2018 11:00,378,4.95,UTC
5/8/2018 11:15,382,4.98,UTC
5/8/2018 11:30,385,5,UTC
5/8/2018 11:45,386,5.01,UTC
5/8/2018 12:00,391,5.05,UTC
5/8/2018 12:15,393,5.06,UTC
5/8/2018 12:30,395,5.08,UTC
5/8/2018 12:45,397,5.09,UTC
5/8/2018 13:00,399,5.11,UTC
5/8/2018 13:15,402,5.13,UTC
5/8/2018 13:30,405,5.15,UTC
5/8/2018 13:45,407,5.17,UTC
5/8/2018 14:00,413,5.21,UTC
5/8/2018 14:15,415,5.23,UTC
5/8/2018 14:30,417,5.24,UTC
5/8/2018 14:45,422,5.28,UTC
5/8/2018 15:00,425,5.3,UTC
5/8/2018 15:15,426,5.31,UTC
5/8/2018 15:30,432,5.35,UTC
5/8/2018 15:45,434,5.37,UTC
5/8/2018 16:00,437,5.39,UTC
5/8/2018 16:15,443,5.43,UTC
5/8/2018 16:30,444,5.44,UTC
5/8/2018 16:45,447,5.46,UTC
5/8/2018 17:00,452,5.5,UTC
5/8/2018 17:15,455,5.52,UTC
5/8/2018 17:30,461,5.56,UTC
5/8/2018 17:45,464,5.58,UTC
5/8/2018 18:00,466,5.6,UTC
5/8/2018 18:15,472,5.64,UTC
5/8/2018 18:30,473,5.65,UTC
5/8/2018 18:45,476,5.67,UTC
5/8/2018 19:00,482,5.71,UTC
5/8/2018 19:15,485,5.73,UTC
5/8/2018 19:30,488,5.75,UTC
5/8/2018 19:45,489,5.76,UTC
5/8/2018 20:00,493,5.79,UTC
5/8/2018 20:15,496,5.81,UTC
5/8/2018 20:30,499,5.83,UTC
5/8/2018 20:45,502,5.85,UTC
5/8/2018 21:00,505,5.87,UTC
5/8/2018 21:15,508,5.89,UTC
5/8/2018 21:30,509,5.9,UTC
5/8/2018 21:45,512,5.92,UTC
5/8/2018 22:00,515,5.94,UTC
5/8/2018 22:15,517,5.95,UTC
5/8/2018 22:30,518,5.96,UTC
5/8/2018 22:45,521,5.98,UTC
5/8/2018 23:00,523,5.99,UTC
5/8/2018 23:15,524,6,UTC
5/8/2018 23:30,526,6.01,UTC
5/8/2018 23:45,526,6.01,UTC
5/9/2018 0:00,527,6.02,UTC
5/9/2018 0:15,528,6.03,UTC
5/9/2018 0:30,528,6.03,UTC
5/9/2018 0:45,530,6.04,UTC
5/9/2018 1:00,530,6.04,UTC
5/9/2018 1:15,530,6.04,UTC
5/9/2018 1:30,530,6.04,UTC
5/9/2018 1:45,530,6.04,UTC
5/9/2018 2:00,530,6.04,UTC
5/9/2018 2:15,530,6.04,UTC
5/9/2018 2:30,530,6.04,UTC
5/9/2018 2:45,530,6.04,UTC
5/9/2018 3:00,530,6.04,UTC
5/9/2018 3:15,528,6.03,UTC
5/9/2018 3:30,528,6.03,UTC
5/9/2018 3:45,527,6.02,UTC
5/9/2018 4:00,527,6.02,UTC
5/9/2018 4:15,526,6.01,UTC
5/9/2018 4:30,524,6,UTC
5/9/2018 4:45,524,6,UTC
5/9/2018 5:00,523,5.99,UTC
5/9/2018 5:15,521,5.98,UTC
5/9/2018 5:30,520,5.97,UTC
5/9/2018 5:45,518,5.96,UTC
5/9/2018 6:00,517,5.95,UTC
5/9/2018 6:15,515,5.94,UTC
5/9/2018 6:30,514,5.93,UTC
5/9/2018 6:45,512,5.92,UTC
5/9/2018 7:00,511,5.91,UTC
5/9/2018 7:15,509,5.9,UTC
5/9/2018 7:30,508,5.89,UTC
5/9/2018 7:45,506,5.88,UTC
5/9/2018 8:00,504,5.86,UTC
5/9/2018 8:15,502,5.85,UTC
5/9/2018 8:30,501,5.84,UTC
5/9/2018 8:45,499,5.83,UTC
5/9/2018 9:00,496,5.81,UTC
5/9/2018 9:15,495,5.8,UTC
5/9/2018 9:30,493,5.79,UTC
5/9/2018 9:45,491,5.77,UTC
5/9/2018 10:00,489,5.76,UTC
5/9/2018 10:15,488,5.75,UTC
5/9/2018 10:30,485,5.73,UTC
5/9/2018 10:45,483,5.72,UTC
5/9/2018 11:00,482,5.71,UTC
5/9/2018 11:15,479,5.69,UTC
5/9/2018 11:30,478,5.68,UTC
5/9/2018 11:45,475,5.66,UTC
5/9/2018 12:00,473,5.65,UTC
5/9/2018 12:15,472,5.64,UTC
5/9/2018 12:30,469,5.62,UTC
5/9/2018 12:45,468,5.61,UTC
5/9/2018 13:00,465,5.59,UTC
5/9/2018 13:15,464,5.58,UTC
5/9/2018 13:30,461,5.56,UTC
5/9/2018 13:45,459,5.55,UTC
5/9/2018 14:00,457,5.53,UTC
5/9/2018 14:15,455,5.52,UTC
5/9/2018 14:30,454,5.51,UTC
5/9/2018 14:45,451,5.49,UTC
5/9/2018 15:00,450,5.48,UTC
5/9/2018 15:15,447,5.46,UTC
5/9/2018 15:30,445,5.45,UTC
5/9/2018 15:45,443,5.43,UTC
5/9/2018 16:00,441,5.42,UTC
5/9/2018 16:15,440,5.41,UTC
5/9/2018 16:30,437,5.39,UTC
5/9/2018 16:45,436,5.38,UTC
5/9/2018 17:00,433,5.36,UTC
5/9/2018 17:15,432,5.35,UTC
5/9/2018 17:30,429,5.33,UTC
5/9/2018 17:45,428,5.32,UTC
5/9/2018 18:00,426,5.31,UTC
5/9/2018 18:15,425,5.3,UTC
5/9/2018 18:30,422,5.28,UTC
5/9/2018 18:45,421,5.27,UTC
5/9/2018 19:00,418,5.25,UTC
5/9/2018 19:15,417,5.24,UTC
5/9/2018 19:30,415,5.23,UTC
5/9/2018 19:45,413,5.21,UTC
5/9/2018 20:00,411,5.2,UTC
5/9/2018 20:15,410,5.19,UTC
5/9/2018 20:30,407,5.17,UTC
5/9/2018 20:45,406,5.16,UTC
5/9/2018 21:00,405,5.15,UTC
5/9/2018 21:15,403,5.14,UTC
5/9/2018 21:30,401,5.12,UTC
5/9/2018 21:45,399,5.11,UTC
5/9/2018 22:00,398,5.1,UTC
5/9/2018 22:15,397,5.09,UTC
5/9/2018 22:30,395,5.08,UTC
5/9/2018 22:45,394,5.07,UTC
5/9/2018 23:00,391,5.05,UTC
5/9/2018 23:15,390,5.04,UTC
5/9/2018 23:30,389,5.03,UTC
5/9/2018 23:45,387,5.02,UTC
5/10/2018 0:00,386,5.01,UTC
5/10/2018 0:15,385,5,UTC
5/10/2018 0:30,384,4.99,UTC
5/10/2018 0:45,382,4.98,UTC
5/10/2018 1:00,381,4.97,UTC
5/10/2018 1:15,380,4.96,UTC
5/10/2018 1:30,378,4.95,UTC
5/10/2018 1:45,376,4.93,UTC
5/10/2018 2:00,374,4.92,UTC
5/10/2018 2:15,373,4.91,UTC
5/10/2018 2:30,372,4.9,UTC
5/10/2018 2:45,371,4.89,UTC
5/10/2018 3:00,369,4.88,UTC
5/10/2018 3:15,368,4.87,UTC
5/10/2018 3:30,368,4.87,UTC
5/10/2018 3:45,365,4.85,UTC
5/10/2018 4:00,365,4.85,UTC
5/10/2018 4:15,364,4.84,UTC
5/10/2018 4:30,363,4.83,UTC
5/10/2018 4:45,362,4.82,UTC
5/10/2018 5:00,360,4.81,UTC
5/10/2018 5:15,359,4.8,UTC
5/10/2018 5:30,358,4.79,UTC
5/10/2018 5:45,356,4.78,UTC
5/10/2018 6:00,355,4.77,UTC
5/10/2018 6:15,354,4.76,UTC
5/10/2018 6:30,353,4.75,UTC
5/10/2018 6:45,353,4.75,UTC
5/10/2018 7:00,351,4.74,UTC
5/10/2018 7:15,350,4.73,UTC
5/10/2018 7:30,349,4.72,UTC
5/10/2018 7:45,348,4.71,UTC
5/10/2018 8:00,346,4.7,UTC
5/10/2018 8:15,345,4.69,UTC
5/10/2018 8:30,345,4.69,UTC
5/10/2018 8:45,344,4.68,UTC
5/10/2018 9:00,343,4.67,UTC
5/10/2018 9:15,341,4.66,UTC
5/10/2018 9:30,340,4.65,UTC
5/10/2018 9:45,340,4.65,UTC
5/10/2018 10:00,339,4.64,UTC
5/10/2018 10:15,338,4.63,UTC
5/10/2018 10:30,336,4.62,UTC
5/10/2018 10:45,336,4.62,UTC
5/10/2018 11:00,335,4.61,UTC
5/10/2018 11:15,334,4.6,UTC
5/10/2018 11:30,333,4.59,UTC
5/10/2018 11:45,333,4.59,UTC
5/10/2018 12:00,331,4.58,UTC
5/10/2018 12:15,330,4.57,UTC
5/10/2018 12:30,330,4.57,UTC
5/10/2018 12:45,329,4.56,UTC
5/10/2018 13:00,328,4.55,UTC
5/10/2018 13:15,328,4.55,UTC
5/10/2018 13:30,327,4.54,UTC
5/10/2018 13:45,325,4.53,UTC
5/10/2018 14:00,325,4.53,UTC
5/10/2018 14:15,324,4.52,UTC
5/10/2018 14:30,323,4.51,UTC
5/10/2018 14:45,323,4.51,UTC
5/10/2018 15:00,322,4.5,UTC
5/10/2018 15:15,322,4.5,UTC
5/10/2018 15:30,320,4.49,UTC
5/10/2018 15:45,319,4.48,UTC
5/10/2018 16:00,319,4.48,UTC
5/10/2018 16:15,318,4.47,UTC
5/10/2018 16:30,317,4.46,UTC
5/10/2018 16:45,317,4.46,UTC
5/10/2018 17:00,316,4.45,UTC
5/10/2018 17:15,314,4.44,UTC
5/10/2018 17:30,314,4.44,UTC
5/10/2018 17:45,313,4.43,UTC
5/10/2018 18:00,313,4.43,UTC
5/10/2018 18:15,312,4.42,UTC
5/10/2018 18:30,311,4.41,UTC
5/10/2018 18:45,310,4.4,UTC
5/10/2018 19:00,308,4.39,UTC
5/10/2018 19:15,308,4.39,UTC
5/10/2018 19:30,307,4.38,UTC
5/10/2018 19:45,306,4.37,UTC
5/10/2018 20:00,306,4.37,UTC
5/10/2018 20:15,305,4.36,UTC
5/10/2018 20:30,304,4.35,UTC
5/10/2018 20:45,304,4.35,UTC
5/10/2018 21:00,302,4.34,UTC
5/10/2018 21:15,301,4.33,UTC
5/10/2018 21:30,300,4.32,UTC
5/10/2018 21:45,300,4.32,UTC
5/10/2018 22:00,299,4.31,UTC
5/10/2018 22:15,298,4.3,UTC
5/10/2018 22:30,298,4.3,UTC
5/10/2018 22:45,296,4.29,UTC
5/10/2018 23:00,295,4.28,UTC
5/10/2018 23:15,296,4.29,UTC
5/10/2018 23:30,296,4.29,UTC
5/10/2018 23:45,296,4.29,UTC
5/11/2018 0:00,296,4.29,UTC
5/11/2018 0:15,296,4.29,UTC
5/11/2018 0:30,295,4.28,UTC
5/11/2018 0:45,295,4.28,UTC
5/11/2018 1:00,294,4.27,UTC
5/11/2018 1:15,294,4.27,UTC
5/11/2018 1:30,293,4.26,UTC
5/11/2018 1:45,293,4.26,UTC
5/11/2018 2:00,292,4.25,UTC
5/11/2018 2:15,292,4.25,UTC
5/11/2018 2:30,291,4.24,UTC
5/11/2018 2:45,291,4.24,UTC
5/11/2018 3:00,289,4.23,UTC
5/11/2018 3:15,288,4.22,UTC
5/11/2018 3:30,288,4.22,UTC
5/11/2018 3:45,288,4.22,UTC
5/11/2018 4:00,287,4.21,UTC
5/11/2018 4:15,287,4.21,UTC
5/11/2018 4:30,286,4.2,UTC
5/11/2018 4:45,286,4.2,UTC
5/11/2018 5:00,285,4.19,UTC
5/11/2018 5:15,285,4.19,UTC
5/11/2018 5:30,285,4.19,UTC
5/11/2018 5:45,284,4.18,UTC
5/11/2018 6:00,284,4.18,UTC
5/11/2018 6:15,284,4.18,UTC
5/11/2018 6:30,282,4.17,UTC
5/11/2018 6:45,282,4.17,UTC
5/11/2018 7:00,282,4.17,UTC
5/11/2018 7:15,281,4.16,UTC
5/11/2018 7:30,281,4.16,UTC
5/11/2018 7:45,281,4.16,UTC
5/11/2018 8:00,280,4.15,UTC
5/11/2018 8:15,280,4.15,UTC
5/11/2018 8:30,280,4.15,UTC
5/11/2018 8:45,279,4.14,UTC
5/11/2018 9:00,279,4.14,UTC
5/11/2018 9:15,279,4.14,UTC
5/11/2018 9:30,279,4.14,UTC
5/11/2018 9:45,279,4.14,UTC
5/11/2018 10:00,278,4.13,UTC
5/11/2018 10:15,278,4.13,UTC
5/11/2018 10:30,278,4.13,UTC
5/11/2018 10:45,278,4.13,UTC
5/11/2018 11:00,278,4.13,UTC
5/11/2018 11:15,278,4.13,UTC
5/11/2018 11:30,278,4.13,UTC
5/11/2018 11:45,277,4.12,UTC
5/11/2018 12:00,277,4.12,UTC
5/11/2018 12:15,277,4.12,UTC
5/11/2018 12:30,277,4.12,UTC
5/11/2018 12:45,277,4.12,UTC
5/11/2018 13:00,277,4.12,UTC
5/11/2018 13:15,277,4.12,UTC
5/11/2018 13:30,277,4.12,UTC
5/11/2018 13:45,277,4.12,UTC
5/11/2018 14:00,277,4.12,UTC
5/11/2018 14:15,277,4.12,UTC
5/11/2018 14:30,277,4.12,UTC
5/11/2018 14:45,277,4.12,UTC
5/11/2018 15:00,277,4.12,UTC
5/11/2018 15:15,276,4.11,UTC
5/11/2018 15:30,276,4.11,UTC
5/11/2018 15:45,276,4.11,UTC
5/11/2018 16:00,276,4.11,UTC
5/11/2018 16:15,276,4.11,UTC
5/11/2018 16:30,276,4.11,UTC
5/11/2018 16:45,276,4.11,UTC
5/11/2018 17:00,276,4.11,UTC
5/11/2018 17:15,276,4.11,UTC
5/11/2018 17:30,276,4.11,UTC
5/11/2018 17:45,276,4.11,UTC
5/11/2018 18:00,276,4.11,UTC
5/11/2018 18:15,274,4.1,UTC
5/11/2018 18:30,274,4.1,UTC
5/11/2018 18:45,274,4.1,UTC
5/11/2018 19:00,274,4.1,UTC
5/11/2018 19:15,273,4.09,UTC
5/11/2018 19:30,273,4.09,UTC
5/11/2018 19:45,273,4.09,UTC
5/11/2018 20:00,273,4.09,UTC
5/11/2018 20:15,273,4.09,UTC
5/11/2018 20:30,272,4.08,UTC
5/11/2018 20:45,272,4.08,UTC
5/11/2018 21:00,272,4.08,UTC
5/11/2018 21:15,272,4.08,UTC
5/11/2018 21:30,271,4.07,UTC
5/11/2018 21:45,271,4.07,UTC
5/11/2018 22:00,271,4.07,UTC
5/11/2018 22:15,270,4.06,UTC
5/11/2018 22:30,270,4.06,UTC
5/11/2018 22:45,270,4.06,UTC
5/11/2018 23:00,269,4.05,UTC
5/11/2018 23:15,269,4.05,UTC
5/11/2018 23:30,269,4.05,UTC
5/11/2018 23:45,269,4.05,UTC
5/12/2018 0:00,268,4.04,UTC
5/12/2018 0:15,268,4.04,UTC
5/12/2018 0:30,266,4.03,UTC
5/12/2018 0:45,266,4.03,UTC
5/12/2018 1:00,266,4.03,UTC
5/12/2018 1:15,265,4.02,UTC
5/12/2018 1:30,265,4.02,UTC
5/12/2018 1:45,265,4.02,UTC
5/12/2018 2:00,265,4.02,UTC
5/12/2018 2:15,264,4.01,UTC
5/12/2018 2:30,264,4.01,UTC
5/12/2018 2:45,264,4.01,UTC
5/12/2018 3:00,264,4.01,UTC
5/12/2018 3:15,263,4,UTC
5/12/2018 3:30,263,4,UTC
5/12/2018 3:45,263,4,UTC
5/12/2018 4:00,262,3.99,UTC
5/12/2018 4:15,262,3.99,UTC
5/12/2018 4:30,262,3.99,UTC
5/12/2018 4:45,262,3.99,UTC
5/12/2018 5:00,261,3.98,UTC
5/12/2018 5:15,261,3.98,UTC
5/12/2018 5:30,261,3.98,UTC
5/12/2018 5:45,261,3.98,UTC
5/12/2018 6:00,261,3.98,UTC
5/12/2018 6:15,261,3.98,UTC
5/12/2018 6:30,261,3.98,UTC
5/12/2018 6:45,260,3.97,UTC
5/12/2018 7:00,260,3.97,UTC
5/12/2018 7:15,260,3.97,UTC
5/12/2018 7:30,260,3.97,UTC
5/12/2018 7:45,260,3.97,UTC
5/12/2018 8:00,260,3.97,UTC
5/12/2018 8:15,260,3.97,UTC
5/12/2018 8:30,260,3.97,UTC
5/12/2018 8:45,260,3.97,UTC
5/12/2018 9:00,260,3.97,UTC
5/12/2018 9:15,260,3.97,UTC
5/12/2018 9:30,259,3.96,UTC
5/12/2018 9:45,259,3.96,UTC
5/12/2018 10:00,259,3.96,UTC
5/12/2018 10:15,259,3.96,UTC
5/12/2018 10:30,259,3.96,UTC
5/12/2018 10:45,259,3.96,UTC
5/12/2018 11:00,259,3.96,UTC
5/12/2018 11:15,259,3.96,UTC
5/12/2018 11:30,259,3.96,UTC
5/12/2018 11:45,259,3.96,UTC
5/12/2018 12:00,259,3.96,UTC
5/12/2018 12:15,259,3.96,UTC
5/12/2018 12:30,260,3.97,UTC
5/12/2018 12:45,260,3.97,UTC
5/12/2018 13:00,260,3.97,UTC
5/12/2018 13:15,260,3.97,UTC
5/12/2018 13:30,260,3.97,UTC
5/12/2018 13:45,260,3.97,UTC
5/12/2018 14:00,260,3.97,UTC
5/12/2018 14:15,260,3.97,UTC
5/12/2018 14:30,260,3.97,UTC
5/12/2018 14:45,260,3.97,UTC
5/12/2018 15:00,260,3.97,UTC
5/12/2018 15:15,260,3.97,UTC
5/12/2018 15:30,260,3.97,UTC
5/12/2018 15:45,261,3.98,UTC
5/12/2018 16:00,261,3.98,UTC
5/12/2018 16:15,261,3.98,UTC
5/12/2018 16:30,261,3.98,UTC
5/12/2018 16:45,261,3.98,UTC
5/12/2018 17:00,261,3.98,UTC
5/12/2018 17:15,262,3.99,UTC
5/12/2018 17:30,262,3.99,UTC
5/12/2018 17:45,262,3.99,UTC
5/12/2018 18:00,263,4,UTC
5/12/2018 18:15,263,4,UTC
5/12/2018 18:30,263,4,UTC
5/12/2018 18:45,263,4,UTC
5/12/2018 19:00,263,4,UTC
5/12/2018 19:15,264,4.01,UTC
5/12/2018 19:30,264,4.01,UTC
5/12/2018 19:45,264,4.01,UTC
5/12/2018 20:00,265,4.02,UTC
5/12/2018 20:15,265,4.02,UTC
5/12/2018 20:30,265,4.02,UTC
5/12/2018 20:45,266,4.03,UTC
5/12/2018 21:00,266,4.03,UTC
5/12/2018 21:15,266,4.03,UTC
5/12/2018 21:30,268,4.04,UTC
5/12/2018 21:45,268,4.04,UTC
5/12/2018 22:00,269,4.05,UTC
5/12/2018 22:15,269,4.05,UTC
5/12/2018 22:30,269,4.05,UTC
5/12/2018 22:45,270,4.06,UTC
5/12/2018 23:00,270,4.06,UTC
5/12/2018 23:15,270,4.06,UTC
5/12/2018 23:30,271,4.07,UTC
5/12/2018 23:45,271,4.07,UTC
5/13/2018 0:00,272,4.08,UTC
5/13/2018 0:15,272,4.08,UTC
5/13/2018 0:30,272,4.08,UTC
5/13/2018 0:45,273,4.09,UTC
5/13/2018 1:00,273,4.09,UTC
5/13/2018 1:15,273,4.09,UTC
5/13/2018 1:30,274,4.1,UTC
5/13/2018 1:45,274,4.1,UTC
5/13/2018 2:00,274,4.1,UTC
5/13/2018 2:15,274,4.1,UTC
5/13/2018 2:30,276,4.11,UTC
5/13/2018 2:45,276,4.11,UTC
5/13/2018 3:00,276,4.11,UTC
5/13/2018 3:15,277,4.12,UTC
5/13/2018 3:30,277,4.12,UTC
5/13/2018 3:45,277,4.12,UTC
5/13/2018 4:00,277,4.12,UTC
5/13/2018 4:15,278,4.13,UTC
5/13/2018 4:30,278,4.13,UTC
5/13/2018 4:45,278,4.13,UTC
5/13/2018 5:00,278,4.13,UTC
5/13/2018 5:15,278,4.13,UTC
5/13/2018 5:30,279,4.14,UTC
5/13/2018 5:45,279,4.14,UTC
5/13/2018 6:00,279,4.14,UTC
5/13/2018 6:15,279,4.14,UTC
5/13/2018 6:30,279,4.14,UTC
5/13/2018 6:45,279,4.14,UTC
5/13/2018 7:00,279,4.14,UTC
5/13/2018 7:15,279,4.14,UTC
5/13/2018 7:30,279,4.14,UTC
5/13/2018 7:45,279,4.14,UTC
5/13/2018 8:00,279,4.14,UTC
5/13/2018 8:15,279,4.14,UTC
5/13/2018 8:30,279,4.14,UTC
5/13/2018 8:45,279,4.14,UTC
5/13/2018 9:00,279,4.14,UTC
5/13/2018 9:15,279,4.14,UTC
5/13/2018 9:30,279,4.14,UTC
5/13/2018 9:45,279,4.14,UTC
5/13/2018 10:00,279,4.14,UTC
5/13/2018 10:15,278,4.13,UTC
5/13/2018 10:30,278,4.13,UTC
5/13/2018 10:45,278,4.13,UTC
5/13/2018 11:00,278,4.13,UTC
5/13/2018 11:15,278,4.13,UTC
5/13/2018 11:30,277,4.12,UTC
5/13/2018 11:45,277,4.12,UTC
5/13/2018 12:00,277,4.12,UTC
5/13/2018 12:15,276,4.11,UTC
5/13/2018 12:30,276,4.11,UTC
5/13/2018 12:45,276,4.11,UTC
5/13/2018 13:00,274,4.1,UTC
5/13/2018 13:15,274,4.1,UTC
5/13/2018 13:30,273,4.09,UTC
5/13/2018 13:45,273,4.09,UTC
5/13/2018 14:00,273,4.09,UTC
5/13/2018 14:15,272,4.08,UTC
5/13/2018 14:30,272,4.08,UTC
5/13/2018 14:45,271,4.07,UTC
5/13/2018 15:00,271,4.07,UTC
5/13/2018 15:15,270,4.06,UTC
5/13/2018 15:30,270,4.06,UTC
5/13/2018 15:45,269,4.05,UTC
5/13/2018 16:00,269,4.05,UTC
5/13/2018 16:15,268,4.04,UTC
5/13/2018 16:30,268,4.04,UTC
5/13/2018 16:45,266,4.03,UTC
5/13/2018 17:00,266,4.03,UTC
5/13/2018 17:15,265,4.02,UTC
5/13/2018 17:30,264,4.01,UTC
5/13/2018 17:45,264,4.01,UTC
5/13/2018 18:00,263,4,UTC
5/13/2018 18:15,263,4,UTC
5/13/2018 18:30,262,3.99,UTC
5/13/2018 18:45,262,3.99,UTC
5/13/2018 19:00,261,3.98,UTC
5/13/2018 19:15,261,3.98,UTC
5/13/2018 19:30,260,3.97,UTC
5/13/2018 19:45,260,3.97,UTC
5/13/2018 20:00,259,3.96,UTC
5/13/2018 20:15,259,3.96,UTC
5/13/2018 20:30,257,3.95,UTC
5/13/2018 20:45,257,3.95,UTC
5/13/2018 21:00,256,3.94,UTC
5/13/2018 21:15,255,3.93,UTC
5/13/2018 21:30,255,3.93,UTC
5/13/2018 21:45,254,3.92,UTC
5/13/2018 22:00,254,3.92,UTC
5/13/2018 22:15,254,3.92,UTC
5/13/2018 22:30,253,3.91,UTC
5/13/2018 22:45,252,3.9,UTC
5/13/2018 23:00,252,3.9,UTC
5/13/2018 23:15,251,3.89,UTC
5/13/2018 23:30,251,3.89,UTC
5/13/2018 23:45,251,3.89,UTC
5/14/2018 0:00,250,3.88,UTC
5/14/2018 0:15,250,3.88,UTC
5/14/2018 0:30,249,3.87,UTC
5/14/2018 0:45,249,3.87,UTC
5/14/2018 1:00,247,3.86,UTC
5/14/2018 1:15,247,3.86,UTC
5/14/2018 1:30,246,3.85,UTC
5/14/2018 1:45,245,3.84,UTC
5/14/2018 2:00,245,3.84,UTC
5/14/2018 2:15,245,3.84,UTC
5/14/2018 2:30,244,3.83,UTC
5/14/2018 2:45,244,3.83,UTC
5/14/2018 3:00,243,3.82,UTC
5/14/2018 3:15,243,3.82,UTC
5/14/2018 3:30,242,3.81,UTC
5/14/2018 3:45,242,3.81,UTC
5/14/2018 4:00,241,3.8,UTC
5/14/2018 4:15,241,3.8,UTC
5/14/2018 4:30,240,3.79,UTC
5/14/2018 4:45,240,3.79,UTC
5/14/2018 5:00,239,3.78,UTC
5/14/2018 5:15,239,3.78,UTC
5/14/2018 5:30,238,3.77,UTC
5/14/2018 5:45,238,3.77,UTC
5/14/2018 6:00,237,3.76,UTC
5/14/2018 6:15,237,3.76,UTC
5/14/2018 6:30,236,3.75,UTC
5/14/2018 6:45,236,3.75,UTC
5/14/2018 7:00,234,3.74,UTC
5/14/2018 7:15,234,3.74,UTC
5/14/2018 7:30,233,3.73,UTC
5/14/2018 7:45,233,3.73,UTC
5/14/2018 8:00,232,3.72,UTC
5/14/2018 8:15,232,3.72,UTC
5/14/2018 8:30,231,3.71,UTC
5/14/2018 8:45,231,3.71,UTC
5/14/2018 9:00,231,3.71,UTC
5/14/2018 9:15,230,3.7,UTC
5/14/2018 9:30,230,3.7,UTC
5/14/2018 9:45,230,3.7,UTC
5/14/2018 10:00,229,3.69,UTC
5/14/2018 10:15,229,3.69,UTC
5/14/2018 10:30,228,3.68,UTC
5/14/2018 10:45,228,3.68,UTC
5/14/2018 11:00,227,3.67,UTC
5/14/2018 11:15,227,3.67,UTC
5/14/2018 11:30,227,3.67,UTC
5/14/2018 11:45,226,3.66,UTC
5/14/2018 12:00,226,3.66,UTC
5/14/2018 12:15,226,3.66,UTC
5/14/2018 12:30,226,3.66,UTC
5/14/2018 12:45,225,3.65,UTC
5/14/2018 13:00,225,3.65,UTC
5/14/2018 13:15,224,3.64,UTC
5/14/2018 13:30,224,3.64,UTC
5/14/2018 13:45,224,3.64,UTC
5/14/2018 14:00,224,3.64,UTC
5/14/2018 14:15,224,3.64,UTC
5/14/2018 14:30,223,3.63,UTC
5/14/2018 14:45,223,3.63,UTC
5/14/2018 15:00,223,3.63,UTC
5/14/2018 15:15,223,3.63,UTC
5/14/2018 15:30,222,3.62,UTC
5/14/2018 15:45,222,3.62,UTC
5/14/2018 16:00,222,3.62,UTC
5/14/2018 16:15,222,3.62,UTC
5/14/2018 16:30,222,3.62,UTC
5/14/2018 16:45,222,3.62,UTC
5/14/2018 17:00,221,3.61,UTC
5/14/2018 17:15,221,3.61,UTC
5/14/2018 17:30,221,3.61,UTC
5/14/2018 17:45,221,3.61,UTC
5/14/2018 18:00,221,3.61,UTC
5/14/2018 18:15,221,3.61,UTC
5/14/2018 18:30,221,3.61,UTC
5/14/2018 18:45,221,3.61,UTC
5/14/2018 19:00,221,3.61,UTC
5/14/2018 19:15,221,3.61,UTC
5/14/2018 19:30,220,3.6,UTC
5/14/2018 19:45,220,3.6,UTC
5/14/2018 20:00,220,3.6,UTC
5/14/2018 20:15,220,3.6,UTC
5/14/2018 20:30,220,3.6,UTC
5/14/2018 20:45,220,3.6,UTC
5/14/2018 21:00,220,3.6,UTC
5/14/2018 21:15,220,3.6,UTC
5/14/2018 21:30,220,3.6,UTC
5/14/2018 21:45,219,3.59,UTC
5/14/2018 22:00,219,3.59,UTC
5/14/2018 22:15,219,3.59,UTC
5/14/2018 22:30,219,3.59,UTC
5/14/2018 22:45,219,3.59,UTC
5/14/2018 23:00,219,3.59,UTC
5/14/2018 23:15,217,3.58,UTC
5/14/2018 23:30,217,3.58,UTC
5/14/2018 23:45,217,3.58,UTC
5/15/2018 0:00,217,3.58,UTC
5/15/2018 0:15,217,3.58,UTC
5/15/2018 0:30,217,3.58,UTC
5/15/2018 0:45,217,3.58,UTC
5/15/2018 1:00,217,3.58,UTC
5/15/2018 1:15,216,3.57,UTC
5/15/2018 1:30,216,3.57,UTC
5/15/2018 1:45,216,3.57,UTC
5/15/2018 2:00,216,3.57,UTC
5/15/2018 2:15,216,3.57,UTC
5/15/2018 2:30,215,3.56,UTC
5/15/2018 2:45,215,3.56,UTC
5/15/2018 3:00,215,3.56,UTC
5/15/2018 3:15,215,3.56,UTC
5/15/2018 3:30,215,3.56,UTC
5/15/2018 3:45,215,3.56,UTC
5/15/2018 4:00,215,3.56,UTC
5/15/2018 4:15,214,3.55,UTC
5/15/2018 4:30,214,3.55,UTC
5/15/2018 4:45,214,3.55,UTC
5/15/2018 5:00,214,3.55,UTC
5/15/2018 5:15,214,3.55,UTC
5/15/2018 5:30,214,3.55,UTC
5/15/2018 5:45,213,3.54,UTC
5/15/2018 6:00,213,3.54,UTC
5/15/2018 6:15,213,3.54,UTC
5/15/2018 6:30,213,3.54,UTC
5/15/2018 6:45,213,3.54,UTC
5/15/2018 7:00,213,3.54,UTC
5/15/2018 7:15,212,3.53,UTC
5/15/2018 7:30,212,3.53,UTC
5/15/2018 7:45,212,3.53,UTC
5/15/2018 8:00,212,3.53,UTC
5/15/2018 8:15,212,3.53,UTC
5/15/2018 8:30,212,3.53,UTC
5/15/2018 8:45,211,3.52,UTC
5/15/2018 9:00,211,3.52,UTC
5/15/2018 9:15,211,3.52,UTC
5/15/2018 9:30,211,3.52,UTC
5/15/2018 9:45,211,3.52,UTC
5/15/2018 10:00,210,3.51,UTC
5/15/2018 10:15,210,3.51,UTC
5/15/2018 10:30,210,3.51,UTC
5/15/2018 10:45,210,3.51,UTC
5/15/2018 11:00,210,3.51,UTC
5/15/2018 11:15,210,3.51,UTC
5/15/2018 11:30,210,3.51,UTC
5/15/2018 11:45,210,3.51,UTC
5/15/2018 12:00,209,3.5,UTC
5/15/2018 12:15,209,3.5,UTC
5/15/2018 12:30,209,3.5,UTC
5/15/2018 12:45,209,3.5,UTC
5/15/2018 13:00,209,3.5,UTC
5/15/2018 13:15,209,3.5,UTC
5/15/2018 13:30,208,3.49,UTC
5/15/2018 13:45,208,3.49,UTC
5/15/2018 14:00,208,3.49,UTC
5/15/2018 14:15,208,3.49,UTC
5/15/2018 14:30,208,3.49,UTC
5/15/2018 14:45,208,3.49,UTC
5/15/2018 15:00,208,3.49,UTC
5/15/2018 15:15,207,3.48,UTC
5/15/2018 15:30,207,3.48,UTC
5/15/2018 15:45,207,3.48,UTC
5/15/2018 16:00,207,3.48,UTC
5/15/2018 16:15,207,3.48,UTC
5/15/2018 16:30,207,3.48,UTC
5/15/2018 16:45,206,3.47,UTC
5/15/2018 17:00,206,3.47,UTC
5/15/2018 17:15,206,3.47,UTC
5/15/2018 17:30,206,3.47,UTC
5/15/2018 17:45,205,3.46,UTC
5/15/2018 18:00,205,3.46,UTC
5/15/2018 18:15,205,3.46,UTC
5/15/2018 18:30,205,3.46,UTC
5/15/2018 18:45,205,3.46,UTC
5/15/2018 19:00,205,3.46,UTC
5/15/2018 19:15,205,3.46,UTC
5/15/2018 19:30,205,3.46,UTC
5/15/2018 19:45,204,3.45,UTC
5/15/2018 20:00,204,3.45,UTC
5/15/2018 20:15,204,3.45,UTC
5/15/2018 20:30,204,3.45,UTC
5/15/2018 20:45,204,3.45,UTC
5/15/2018 21:00,204,3.45,UTC
5/15/2018 21:15,204,3.45,UTC
5/15/2018 21:30,203,3.44,UTC
5/15/2018 21:45,203,3.44,UTC
5/15/2018 22:00,203,3.44,UTC
5/15/2018 22:15,203,3.44,UTC
5/15/2018 22:30,203,3.44,UTC
5/15/2018 22:45,203,3.44,UTC
5/15/2018 23:00,203,3.44,UTC
5/15/2018 23:15,202,3.43,UTC
5/15/2018 23:30,202,3.43,UTC
5/15/2018 23:45,202,3.43,UTC
5/16/2018 0:00,202,3.43,UTC
5/16/2018 0:15,202,3.43,UTC
5/16/2018 0:30,202,3.43,UTC
5/16/2018 0:45,202,3.43,UTC
5/16/2018 1:00,202,3.43,UTC
5/16/2018 1:15,201,3.42,UTC
5/16/2018 1:30,201,3.42,UTC
5/16/2018 1:45,201,3.42,UTC
5/16/2018 2:00,201,3.42,UTC
5/16/2018 2:15,201,3.42,UTC
5/16/2018 2:30,201,3.42,UTC
5/16/2018 2:45,201,3.42,UTC
5/16/2018 3:00,201,3.42,UTC
5/16/2018 3:15,201,3.42,UTC
5/16/2018 3:30,201,3.42,UTC
5/16/2018 3:45,201,3.42,UTC
5/16/2018 4:00,200,3.41,UTC
5/16/2018 4:15,200,3.41,UTC
5/16/2018 4:30,200,3.41,UTC
5/16/2018 4:45,200,3.41,UTC
5/16/2018 5:00,200,3.41,UTC
5/16/2018 5:15,200,3.41,UTC
5/16/2018 5:30,199,3.4,UTC
5/16/2018 5:45,199,3.4,UTC
5/16/2018 6:00,199,3.4,UTC
5/16/2018 6:15,199,3.4,UTC
5/16/2018 6:30,199,3.4,UTC
5/16/2018 6:45,199,3.4,UTC
5/16/2018 7:00,199,3.4,UTC
5/16/2018 7:15,199,3.4,UTC
5/16/2018 7:30,199,3.4,UTC
5/16/2018 7:45,199,3.4,UTC
5/16/2018 8:00,199,3.4,UTC
5/16/2018 8:15,198,3.39,UTC
5/16/2018 8:30,198,3.39,UTC
5/16/2018 8:45,198,3.39,UTC
5/16/2018 9:00,198,3.39,UTC
5/16/2018 9:15,198,3.39,UTC
5/16/2018 9:30,198,3.39,UTC
5/16/2018 9:45,198,3.39,UTC
5/16/2018 10:00,198,3.39,UTC
5/16/2018 10:15,198,3.39,UTC
5/16/2018 10:30,198,3.39,UTC
5/16/2018 10:45,198,3.39,UTC
5/16/2018 11:00,198,3.39,UTC
5/16/2018 11:15,197,3.38,UTC
5/16/2018 11:30,197,3.38,UTC
5/16/2018 11:45,197,3.38,UTC
5/16/2018 12:00,197,3.38,UTC
5/16/2018 12:15,197,3.38,UTC
5/16/2018 12:30,198,3.39,UTC
5/16/2018 12:45,199,3.4,UTC
5/16/2018 13:00,202,3.43,UTC
5/16/2018 13:15,204,3.45,UTC
5/16/2018 13:30,205,3.46,UTC
5/16/2018 13:45,206,3.47,UTC
5/16/2018 14:00,206,3.47,UTC
5/16/2018 14:15,207,3.48,UTC
5/16/2018 14:30,207,3.48,UTC
5/16/2018 14:45,208,3.49,UTC
5/16/2018 15:00,208,3.49,UTC
5/16/2018 15:15,208,3.49,UTC
5/16/2018 15:30,209,3.5,UTC
5/16/2018 15:45,209,3.5,UTC
5/16/2018 16:00,209,3.5,UTC
5/16/2018 16:15,209,3.5,UTC
5/16/2018 16:30,209,3.5,UTC
5/16/2018 16:45,209,3.5,UTC
5/16/2018 17:00,209,3.5,UTC
5/16/2018 17:15,209,3.5,UTC
5/16/2018 17:30,209,3.5,UTC
5/16/2018 17:45,209,3.5,UTC
5/16/2018 18:00,209,3.5,UTC
5/16/2018 18:15,208,3.49,UTC
5/16/2018 18:30,208,3.49,UTC
5/16/2018 18:45,208,3.49,UTC
5/16/2018 19:00,208,3.49,UTC
5/16/2018 19:15,208,3.49,UTC
5/16/2018 19:30,208,3.49,UTC
5/16/2018 19:45,208,3.49,UTC
5/16/2018 20:00,208,3.49,UTC
5/16/2018 20:15,207,3.48,UTC
5/16/2018 20:30,207,3.48,UTC
5/16/2018 20:45,207,3.48,UTC
5/16/2018 21:00,207,3.48,UTC
5/16/2018 21:15,207,3.48,UTC
5/16/2018 21:30,206,3.47,UTC
5/16/2018 21:45,206,3.47,UTC
5/16/2018 22:00,206,3.47,UTC
5/16/2018 22:15,206,3.47,UTC
5/16/2018 22:30,206,3.47,UTC
5/16/2018 22:45,207,3.48,UTC
5/16/2018 23:00,207,3.48,UTC
5/16/2018 23:15,207,3.48,UTC
5/16/2018 23:30,207,3.48,UTC
5/16/2018 23:45,207,3.48,UTC
5/17/2018 0:00,207,3.48,UTC
5/17/2018 0:15,206,3.47,UTC
5/17/2018 0:30,206,3.47,UTC
5/17/2018 0:45,206,3.47,UTC
5/17/2018 1:00,206,3.47,UTC
5/17/2018 1:15,206,3.47,UTC
5/17/2018 1:30,206,3.47,UTC
5/17/2018 1:45,206,3.47,UTC
5/17/2018 2:00,206,3.47,UTC
5/17/2018 2:15,205,3.46,UTC
5/17/2018 2:30,205,3.46,UTC
5/17/2018 2:45,205,3.46,UTC
5/17/2018 3:00,205,3.46,UTC
5/17/2018 3:15,205,3.46,UTC
5/17/2018 3:30,205,3.46,UTC
5/17/2018 3:45,205,3.46,UTC
5/17/2018 4:00,205,3.46,UTC
5/17/2018 4:15,205,3.46,UTC
5/17/2018 4:30,205,3.46,UTC
5/17/2018 4:45,205,3.46,UTC
5/17/2018 5:00,205,3.46,UTC
5/17/2018 5:15,205,3.46,UTC
5/17/2018 5:30,205,3.46,UTC
5/17/2018 5:45,205,3.46,UTC
5/17/2018 6:00,205,3.46,UTC
5/17/2018 6:15,205,3.46,UTC
5/17/2018 6:30,205,3.46,UTC
5/17/2018 6:45,205,3.46,UTC
5/17/2018 7:00,205,3.46,UTC
5/17/2018 7:15,205,3.46,UTC
5/17/2018 7:30,205,3.46,UTC
5/17/2018 7:45,205,3.46,UTC
5/17/2018 8:00,205,3.46,UTC
5/17/2018 8:15,205,3.46,UTC
5/17/2018 8:30,205,3.46,UTC
5/17/2018 8:45,205,3.46,UTC
5/17/2018 9:00,205,3.46,UTC
5/17/2018 9:15,205,3.46,UTC
5/17/2018 9:30,205,3.46,UTC
5/17/2018 9:45,205,3.46,UTC
5/17/2018 10:00,206,3.47,UTC
5/17/2018 10:15,206,3.47,UTC
5/17/2018 10:30,206,3.47,UTC
5/17/2018 10:45,206,3.47,UTC
5/17/2018 11:00,206,3.47,UTC
5/17/2018 11:15,206,3.47,UTC
5/17/2018 11:30,206,3.47,UTC
5/17/2018 11:45,207,3.48,UTC
5/17/2018 12:00,207,3.48,UTC
5/17/2018 12:15,207,3.48,UTC
5/17/2018 12:30,207,3.48,UTC
5/17/2018 12:45,207,3.48,UTC
5/17/2018 13:00,207,3.48,UTC
5/17/2018 13:15,207,3.48,UTC
5/17/2018 13:30,207,3.48,UTC
5/17/2018 13:45,207,3.48,UTC
5/17/2018 14:00,207,3.48,UTC
5/17/2018 14:15,207,3.48,UTC
5/17/2018 14:30,208,3.49,UTC
5/17/2018 14:45,208,3.49,UTC
5/17/2018 15:00,208,3.49,UTC
5/17/2018 15:15,208,3.49,UTC
5/17/2018 15:30,208,3.49,UTC
5/17/2018 15:45,208,3.49,UTC
5/17/2018 16:00,208,3.49,UTC
5/17/2018 16:15,208,3.49,UTC
5/17/2018 16:30,208,3.49,UTC
5/17/2018 16:45,208,3.49,UTC
5/17/2018 17:00,208,3.49,UTC
5/17/2018 17:15,208,3.49,UTC
5/17/2018 17:30,208,3.49,UTC
5/17/2018 17:45,208,3.49,UTC
5/17/2018 18:00,208,3.49,UTC
5/17/2018 18:15,208,3.49,UTC
5/17/2018 18:30,209,3.5,UTC
5/17/2018 18:45,209,3.5,UTC
5/17/2018 19:00,209,3.5,UTC
5/17/2018 19:15,209,3.5,UTC
5/17/2018 19:30,209,3.5,UTC
5/17/2018 19:45,209,3.5,UTC
5/17/2018 20:00,209,3.5,UTC
5/17/2018 20:15,209,3.5,UTC
5/17/2018 20:30,209,3.5,UTC
5/17/2018 20:45,209,3.5,UTC
5/17/2018 21:00,209,3.5,UTC
5/17/2018 21:15,210,3.51,UTC
5/17/2018 21:30,210,3.51,UTC
5/17/2018 21:45,210,3.51,UTC
5/17/2018 22:00,210,3.51,UTC
5/17/2018 22:15,210,3.51,UTC
5/17/2018 22:30,210,3.51,UTC
5/17/2018 22:45,210,3.51,UTC
5/17/2018 23:00,210,3.51,UTC
5/17/2018 23:15,210,3.51,UTC
5/17/2018 23:30,210,3.51,UTC
5/17/2018 23:45,210,3.51,UTC
5/18/2018 0:00,210,3.51,UTC
5/18/2018 0:15,210,3.51,UTC
5/18/2018 0:30,210,3.51,UTC
5/18/2018 0:45,210,3.51,UTC
5/18/2018 1:00,210,3.51,UTC
5/18/2018 1:15,210,3.51,UTC
5/18/2018 1:30,211,3.52,UTC
5/18/2018 1:45,210,3.51,UTC
5/18/2018 2:00,211,3.52,UTC
5/18/2018 2:15,211,3.52,UTC
5/18/2018 2:30,211,3.52,UTC
5/18/2018 2:45,211,3.52,UTC
5/18/2018 3:00,210,3.51,UTC
5/18/2018 3:15,211,3.52,UTC
5/18/2018 3:30,211,3.52,UTC
5/18/2018 3:45,211,3.52,UTC
5/18/2018 4:00,211,3.52,UTC
5/18/2018 4:15,211,3.52,UTC
5/18/2018 4:30,211,3.52,UTC
5/18/2018 4:45,211,3.52,UTC
5/18/2018 5:00,211,3.52,UTC
5/18/2018 5:15,212,3.53,UTC
5/18/2018 5:30,213,3.54,UTC
5/18/2018 5:45,214,3.55,UTC
5/18/2018 6:00,216,3.56,UTC
5/18/2018 6:15,218,3.58,UTC
5/18/2018 6:30,220,3.6,UTC
5/18/2018 6:45,225,3.65,UTC
5/18/2018 7:00,229,3.69,UTC
5/18/2018 7:15,234,3.73,UTC
5/18/2018 7:30,240,3.79,UTC
5/18/2018 7:45,249,3.87,UTC
5/18/2018 8:00,259,3.96,UTC
5/18/2018 8:15,269,4.05,UTC
5/18/2018 8:30,282,4.16,UTC
5/18/2018 8:45,296,4.28,UTC
5/18/2018 9:00,311,4.41,UTC
5/18/2018 9:15,332,4.58,UTC
5/18/2018 9:30,350,4.72,UTC
5/18/2018 9:45,368,4.86,UTC
5/18/2018 10:00,386,5,UTC
5/18/2018 10:15,406,5.15,UTC
5/18/2018 10:30,423,5.28,UTC
5/18/2018 10:45,442,5.42,UTC
5/18/2018 11:00,462,5.56,UTC
5/18/2018 11:15,475,5.65,UTC
5/18/2018 11:30,492,5.77,UTC
5/18/2018 11:45,509,5.89,UTC
5/18/2018 12:00,527,6.01,UTC
5/18/2018 12:15,543,6.12,UTC
5/18/2018 12:30,559,6.22,UTC
5/18/2018 12:45,574,6.32,UTC
5/18/2018 13:00,588,6.41,UTC
5/18/2018 13:15,602,6.5,UTC
5/18/2018 13:30,616,6.59,UTC
5/18/2018 13:45,629,6.67,UTC
5/18/2018 14:00,641,6.75,UTC
5/18/2018 14:15,653,6.82,UTC
5/18/2018 14:30,664,6.89,UTC
5/18/2018 14:45,672,6.94,UTC
5/18/2018 15:00,682,7,UTC
5/18/2018 15:15,690,7.05,UTC
5/18/2018 15:30,700,7.11,UTC
5/18/2018 15:45,709,7.16,UTC
5/18/2018 16:00,719,7.22,UTC
5/18/2018 16:15,725,7.26,UTC
5/18/2018 16:30,734,7.31,UTC
5/18/2018 16:45,741,7.35,UTC
5/18/2018 17:00,748,7.39,UTC
5/18/2018 17:15,753,7.42,UTC
5/18/2018 17:30,760,7.46,UTC
5/18/2018 17:45,765,7.49,UTC
5/18/2018 18:00,768,7.51,UTC
5/18/2018 18:15,774,7.54,UTC
5/18/2018 18:30,779,7.57,UTC
5/18/2018 18:45,784,7.6,UTC
5/18/2018 19:00,788,7.62,UTC
5/18/2018 19:15,791,7.64,UTC
5/18/2018 19:30,798,7.68,UTC
5/18/2018 19:45,800,7.69,UTC
5/18/2018 20:00,803,7.71,UTC
5/18/2018 20:15,805,7.72,UTC
5/18/2018 20:30,809,7.74,UTC
5/18/2018 20:45,812,7.76,UTC
5/18/2018 21:00,816,7.78,UTC
5/18/2018 21:15,818,7.79,UTC
5/18/2018 21:30,821,7.81,UTC
5/18/2018 21:45,825,7.83,UTC
5/18/2018 22:00,827,7.84,UTC
5/18/2018 22:15,829,7.85,UTC
5/18/2018 22:30,832,7.87,UTC
5/18/2018 22:45,834,7.88,UTC
5/18/2018 23:00,836,7.89,UTC
5/18/2018 23:15,838,7.9,UTC
5/18/2018 23:30,840,7.91,UTC
5/18/2018 23:45,841,7.92,UTC
5/19/2018 0:00,843,7.93,UTC
5/19/2018 0:15,845,7.94,UTC
5/19/2018 0:30,847,7.95,UTC
5/19/2018 0:45,849,7.96,UTC
5/19/2018 1:00,849,7.96,UTC
5/19/2018 1:15,851,7.97,UTC
5/19/2018 1:30,853,7.98,UTC
5/19/2018 1:45,855,7.99,UTC
5/19/2018 2:00,856,8,UTC
5/19/2018 2:15,857,8,UTC
5/19/2018 2:30,858,8.01,UTC
5/19/2018 2:45,860,8.02,UTC
5/19/2018 3:00,862,8.03,UTC
5/19/2018 3:15,864,8.04,UTC
5/19/2018 3:30,866,8.05,UTC
5/19/2018 3:45,868,8.06,UTC
5/19/2018 4:00,870,8.07,UTC
5/19/2018 4:15,872,8.08,UTC
5/19/2018 4:30,876,8.1,UTC
5/19/2018 4:45,878,8.11,UTC
5/19/2018 5:00,881,8.13,UTC
5/19/2018 5:15,883,8.14,UTC
5/19/2018 5:30,887,8.16,UTC
5/19/2018 5:45,894,8.2,UTC
5/19/2018 6:00,898,8.23,UTC
5/19/2018 6:15,900,8.24,UTC
5/19/2018 6:30,908,8.28,UTC
5/19/2018 6:45,911,8.3,UTC
5/19/2018 7:00,919,8.34,UTC
5/19/2018 7:15,926,8.38,UTC
5/19/2018 7:30,934,8.42,UTC
5/19/2018 7:45,941,8.46,UTC
5/19/2018 8:00,949,8.5,UTC
5/19/2018 8:15,956,8.54,UTC
5/19/2018 8:30,966,8.59,UTC
5/19/2018 8:45,976,8.64,UTC
5/19/2018 9:00,985,8.69,UTC
5/19/2018 9:15,995,8.74,UTC
5/19/2018 9:30,1010,8.8,UTC
5/19/2018 9:45,1020,8.86,UTC
5/19/2018 10:00,1030,8.92,UTC
5/19/2018 10:15,1040,8.98,UTC
5/19/2018 10:30,1060,9.06,UTC
5/19/2018 10:45,1070,9.13,UTC
5/19/2018 11:00,1080,9.18,UTC
5/19/2018 11:15,1100,9.27,UTC
5/19/2018 11:30,1110,9.34,UTC
5/19/2018 11:45,1130,9.41,UTC
5/19/2018 12:00,1140,9.48,UTC
5/19/2018 12:15,1150,9.55,UTC
5/19/2018 12:30,1170,9.62,UTC
5/19/2018 12:45,1180,9.69,UTC
5/19/2018 13:00,1200,9.76,UTC
5/19/2018 13:15,1210,9.83,UTC
5/19/2018 13:30,1230,9.9,UTC
5/19/2018 13:45,1240,9.95,UTC
5/19/2018 14:00,1250,10.03,UTC
5/19/2018 14:15,1270,10.08,UTC
5/19/2018 14:30,1280,10.14,UTC
5/19/2018 14:45,1290,10.22,UTC
5/19/2018 15:00,1310,10.28,UTC
5/19/2018 15:15,1320,10.34,UTC
5/19/2018 15:30,1330,10.4,UTC
5/19/2018 15:45,1340,10.45,UTC
5/19/2018 16:00,1360,10.51,UTC
5/19/2018 16:15,1370,10.56,UTC
5/19/2018 16:30,1380,10.61,UTC
5/19/2018 16:45,1390,10.66,UTC
5/19/2018 17:00,1400,10.71,UTC
5/19/2018 17:15,1410,10.75,UTC
5/19/2018 17:30,1420,10.8,UTC
5/19/2018 17:45,1430,10.84,UTC
5/19/2018 18:00,1440,10.89,UTC
5/19/2018 18:15,1450,10.93,UTC
5/19/2018 18:30,1460,10.97,UTC
5/19/2018 18:45,1470,11.01,UTC
5/19/2018 19:00,1480,11.05,UTC
5/19/2018 19:15,1490,11.09,UTC
5/19/2018 19:30,1490,11.11,UTC
5/19/2018 19:45,1500,11.15,UTC
5/19/2018 20:00,1510,11.19,UTC
5/19/2018 20:15,1510,11.21,UTC
5/19/2018 20:30,1520,11.25,UTC
5/19/2018 20:45,1530,11.27,UTC
5/19/2018 21:00,1530,11.3,UTC
5/19/2018 21:15,1540,11.33,UTC
5/19/2018 21:30,1550,11.36,UTC
5/19/2018 21:45,1560,11.39,UTC
5/19/2018 22:00,1560,11.41,UTC
5/19/2018 22:15,1570,11.44,UTC
5/19/2018 22:30,1570,11.46,UTC
5/19/2018 22:45,1580,11.49,UTC
5/19/2018 23:00,1580,11.51,UTC
5/19/2018 23:15,1590,11.53,UTC
5/19/2018 23:30,1590,11.55,UTC
5/19/2018 23:45,1600,11.58,UTC
5/20/2018 0:00,1600,11.6,UTC
5/20/2018 0:15,1610,11.62,UTC
5/20/2018 0:30,1610,11.64,UTC
5/20/2018 0:45,1620,11.68,UTC
5/20/2018 1:00,1620,11.69,UTC
5/20/2018 1:15,1630,11.71,UTC
5/20/2018 1:30,1630,11.72,UTC
5/20/2018 1:45,1640,11.74,UTC
5/20/2018 2:00,1640,11.75,UTC
5/20/2018 2:15,1640,11.77,UTC
5/20/2018 2:30,1650,11.79,UTC
5/20/2018 2:45,1650,11.81,UTC
5/20/2018 3:00,1660,11.82,UTC
5/20/2018 3:15,1660,11.84,UTC
5/20/2018 3:30,1660,11.85,UTC
5/20/2018 3:45,1670,11.87,UTC
5/20/2018 4:00,1670,11.88,UTC
5/20/2018 4:15,1680,11.9,UTC
5/20/2018 4:30,1680,11.91,UTC
5/20/2018 4:45,1680,11.92,UTC
5/20/2018 5:00,1690,11.94,UTC
5/20/2018 5:15,1690,11.95,UTC
5/20/2018 5:30,1690,11.96,UTC
5/20/2018 5:45,1700,11.98,UTC
5/20/2018 6:00,1700,11.99,UTC
5/20/2018 6:15,1700,12,UTC
5/20/2018 6:30,1700,12.01,UTC
5/20/2018 6:45,1710,12.02,UTC
5/20/2018 7:00,1710,12.04,UTC
5/20/2018 7:15,1720,12.05,UTC
5/20/2018 7:30,1720,12.06,UTC
5/20/2018 7:45,1720,12.07,UTC
5/20/2018 8:00,1730,12.09,UTC
5/20/2018 8:15,1730,12.1,UTC
5/20/2018 8:30,1730,12.12,UTC
5/20/2018 8:45,1740,12.13,UTC
5/20/2018 9:00,1740,12.14,UTC
5/20/2018 9:15,1740,12.15,UTC
5/20/2018 9:30,1740,12.16,UTC
5/20/2018 9:45,1750,12.17,UTC
5/20/2018 10:00,1750,12.18,UTC
5/20/2018 10:15,1750,12.19,UTC
5/20/2018 10:30,1760,12.2,UTC
5/20/2018 10:45,1760,12.21,UTC
5/20/2018 11:00,1760,12.22,UTC
5/20/2018 11:15,1770,12.23,UTC
5/20/2018 11:30,1770,12.24,UTC
5/20/2018 11:45,1770,12.25,UTC
5/20/2018 12:00,1770,12.26,UTC
5/20/2018 12:15,1780,12.27,UTC
5/20/2018 12:30,1780,12.28,UTC
5/20/2018 12:45,1780,12.29,UTC
5/20/2018 13:00,1790,12.3,UTC
5/20/2018 13:15,1790,12.31,UTC
5/20/2018 13:30,1790,12.32,UTC
5/20/2018 13:45,1790,12.33,UTC
5/20/2018 14:00,1790,12.33,UTC
5/20/2018 14:15,1800,12.34,UTC
5/20/2018 14:30,1800,12.35,UTC
5/20/2018 14:45,1800,12.36,UTC
5/20/2018 15:00,1810,12.37,UTC
5/20/2018 15:15,1810,12.38,UTC
5/20/2018 15:30,1810,12.39,UTC
5/20/2018 15:45,1820,12.4,UTC
5/20/2018 16:00,1820,12.4,UTC
5/20/2018 16:15,1820,12.41,UTC
5/20/2018 16:30,1820,12.42,UTC
5/20/2018 16:45,1820,12.43,UTC
5/20/2018 17:00,1830,12.43,UTC
5/20/2018 17:15,1830,12.45,UTC
5/20/2018 17:30,1830,12.46,UTC
5/20/2018 17:45,1830,12.47,UTC
5/20/2018 18:00,1840,12.48,UTC
5/20/2018 18:15,1840,12.48,UTC
5/20/2018 18:30,1840,12.49,UTC
5/20/2018 18:45,1840,12.5,UTC
5/20/2018 19:00,1850,12.51,UTC
5/20/2018 19:15,1850,12.52,UTC
5/20/2018 19:30,1850,12.52,UTC
5/20/2018 19:45,1850,12.53,UTC
5/20/2018 20:00,1860,12.54,UTC
5/20/2018 20:15,1860,12.54,UTC
5/20/2018 20:30,1860,12.55,UTC
5/20/2018 20:45,1860,12.56,UTC
5/20/2018 21:00,1860,12.56,UTC
5/20/2018 21:15,1860,12.57,UTC
5/20/2018 21:30,1870,12.58,UTC
5/20/2018 21:45,1870,12.59,UTC
5/20/2018 22:00,1870,12.6,UTC
5/20/2018 22:15,1880,12.61,UTC
5/20/2018 22:30,1880,12.61,UTC
5/20/2018 22:45,1880,12.62,UTC
5/20/2018 23:00,1880,12.63,UTC
5/20/2018 23:15,1890,12.64,UTC
5/20/2018 23:30,1890,12.65,UTC
5/20/2018 23:45,1890,12.66,UTC
5/21/2018 0:00,1900,12.67,UTC
5/21/2018 0:15,1900,12.67,UTC
5/21/2018 0:30,1900,12.68,UTC
5/21/2018 0:45,1900,12.69,UTC
5/21/2018 1:00,1900,12.7,UTC
5/21/2018 1:15,1910,12.71,UTC
5/21/2018 1:30,1910,12.72,UTC
5/21/2018 1:45,1910,12.73,UTC
5/21/2018 2:00,1920,12.74,UTC
5/21/2018 2:15,1920,12.75,UTC
5/21/2018 2:30,1920,12.76,UTC
5/21/2018 2:45,1920,12.77,UTC
5/21/2018 3:00,1930,12.78,UTC
5/21/2018 3:15,1930,12.79,UTC
5/21/2018 3:30,1930,12.8,UTC
5/21/2018 3:45,1940,12.81,UTC
5/21/2018 4:00,1940,12.82,UTC
5/21/2018 4:15,1940,12.83,UTC
5/21/2018 4:30,1940,12.84,UTC
5/21/2018 4:45,1940,12.84,UTC
5/21/2018 5:00,1950,12.85,UTC
5/21/2018 5:15,1950,12.86,UTC
5/21/2018 5:30,1950,12.87,UTC
5/21/2018 5:45,1960,12.88,UTC
5/21/2018 6:00,1960,12.89,UTC
5/21/2018 6:15,1960,12.9,UTC
5/21/2018 6:30,1970,12.91,UTC
5/21/2018 6:45,1970,12.92,UTC
5/21/2018 7:00,1970,12.93,UTC
5/21/2018 7:15,1980,12.94,UTC
5/21/2018 7:30,1980,12.95,UTC
5/21/2018 7:45,1980,12.96,UTC
5/21/2018 8:00,1980,12.97,UTC
5/21/2018 8:15,1990,12.99,UTC
5/21/2018 8:30,1990,13,UTC
5/21/2018 8:45,2000,13.01,UTC
5/21/2018 9:00,2000,13.02,UTC
5/21/2018 9:15,2000,13.03,UTC
5/21/2018 9:30,2010,13.04,UTC
5/21/2018 9:45,2010,13.05,UTC
5/21/2018 10:00,2010,13.06,UTC
5/21/2018 10:15,2020,13.08,UTC
5/21/2018 10:30,2020,13.09,UTC
5/21/2018 10:45,2030,13.1,UTC
5/21/2018 11:00,2030,13.13,UTC
5/21/2018 11:15,2030,13.14,UTC
5/21/2018 11:30,2040,13.15,UTC
5/21/2018 11:45,2040,13.16,UTC
5/21/2018 12:00,2050,13.18,UTC
5/21/2018 12:15,2050,13.19,UTC
5/21/2018 12:30,2050,13.2,UTC
5/21/2018 12:45,2060,13.21,UTC
5/21/2018 13:00,2060,13.23,UTC
5/21/2018 13:15,2070,13.24,UTC
5/21/2018 13:30,2070,13.25,UTC
5/21/2018 13:45,2070,13.26,UTC
5/21/2018 14:00,2080,13.27,UTC
5/21/2018 14:15,2080,13.29,UTC
5/21/2018 14:30,2080,13.3,UTC
5/21/2018 14:45,2090,13.31,UTC
5/21/2018 15:00,2090,13.32,UTC
5/21/2018 15:15,2100,13.34,UTC
5/21/2018 15:30,2100,13.35,UTC
5/21/2018 15:45,2110,13.37,UTC
5/21/2018 16:00,2110,13.38,UTC
5/21/2018 16:15,2120,13.4,UTC
5/21/2018 16:30,2120,13.41,UTC
5/21/2018 16:45,2130,13.43,UTC
5/21/2018 17:00,2130,13.44,UTC
5/21/2018 17:15,2140,13.46,UTC
5/21/2018 17:30,2140,13.47,UTC
5/21/2018 17:45,2150,13.49,UTC
5/21/2018 18:00,2160,13.51,UTC
5/21/2018 18:15,2180,13.55,UTC
5/21/2018 18:30,2180,13.57,UTC
5/21/2018 18:45,2210,13.65,UTC
5/21/2018 19:00,2220,13.67,UTC
5/21/2018 19:15,2230,13.7,UTC
5/21/2018 19:30,2250,13.73,UTC
5/21/2018 19:45,2260,13.77,UTC
5/21/2018 20:00,2270,13.81,UTC
5/21/2018 20:15,2290,13.86,UTC
5/21/2018 20:30,2310,13.9,UTC
5/21/2018 20:45,2330,13.94,UTC
5/21/2018 21:00,2340,13.98,UTC
5/21/2018 21:15,2360,14.03,UTC
5/21/2018 21:30,2380,14.08,UTC
5/21/2018 21:45,2410,14.14,UTC
5/21/2018 22:00,2430,14.2,UTC
5/21/2018 22:15,2470,14.26,UTC
5/21/2018 22:30,2520,14.32,UTC
5/21/2018 22:45,2560,14.38,UTC
5/21/2018 23:00,2620,14.46,UTC
5/21/2018 23:15,2660,14.51,UTC
5/21/2018 23:30,2750,14.6,UTC
5/21/2018 23:45,2830,14.67,UTC
5/22/2018 0:00,2920,14.75,UTC
5/22/2018 0:15,3020,14.82,UTC
5/22/2018 0:30,3110,14.89,UTC
5/22/2018 0:45,3230,14.97,UTC
5/22/2018 1:00,3340,15.05,UTC
5/22/2018 1:15,3480,15.13,UTC
5/22/2018 1:30,3620,15.21,UTC
5/22/2018 1:45,3710,15.26,UTC
5/22/2018 2:00,3890,15.35,UTC
5/22/2018 2:15,4100,15.44,UTC
5/22/2018 2:30,4320,15.53,UTC
5/22/2018 2:45,4420,15.57,UTC
5/22/2018 3:00,4640,15.65,UTC
5/22/2018 3:15,4850,15.72,UTC
5/22/2018 3:30,5000,15.77,UTC
5/22/2018 3:45,5180,15.83,UTC
5/22/2018 4:00,5340,15.88,UTC
5/22/2018 4:15,5510,15.93,UTC
5/22/2018 4:30,5680,15.98,UTC
5/22/2018 4:45,5850,16.04,UTC
5/22/2018 5:00,6030,16.09,UTC
5/22/2018 5:15,6170,16.13,UTC
5/22/2018 5:30,6320,16.17,UTC
5/22/2018 5:45,6400,16.19,UTC
5/22/2018 6:00,6470,16.21,UTC
5/22/2018 6:15,6790,16.29,UTC
5/22/2018 6:30,6910,16.32,UTC
5/22/2018 6:45,7030,16.35,UTC
5/22/2018 7:00,7120,16.37,UTC
5/22/2018 7:15,7330,16.42,UTC
5/22/2018 7:30,7420,16.44,UTC
5/22/2018 7:45,7590,16.48,UTC
5/22/2018 8:00,7640,16.49,UTC
5/22/2018 8:15,7950,16.56,UTC
5/22/2018 8:30,8090,16.59,UTC
5/22/2018 8:45,8190,16.61,UTC
5/22/2018 9:00,8280,16.63,UTC
5/22/2018 9:15,8480,16.67,UTC
5/22/2018 9:30,8580,16.69,UTC
5/22/2018 9:45,8680,16.71,UTC
5/22/2018 10:00,8680,16.71,UTC
5/22/2018 10:15,8880,16.75,UTC
5/22/2018 10:30,8930,16.76,UTC
5/22/2018 10:45,8930,16.76,UTC
5/22/2018 11:00,9090,16.79,UTC
5/22/2018 11:15,9140,16.8,UTC
5/22/2018 11:30,9250,16.82,UTC
5/22/2018 11:45,9300,16.83,UTC
5/22/2018 12:00,9360,16.84,UTC
5/22/2018 12:15,9470,16.86,UTC
5/22/2018 12:30,9580,16.88,UTC
5/22/2018 12:45,9690,16.9,UTC
5/22/2018 13:00,9740,16.91,UTC
5/22/2018 13:15,9800,16.92,UTC
5/22/2018 13:30,9800,16.93,UTC
5/22/2018 13:45,9800,16.93,UTC
5/22/2018 14:00,9750,16.92,UTC
5/22/2018 14:15,9800,16.93,UTC
5/22/2018 14:30,9810,16.93,UTC
5/22/2018 14:45,9860,16.94,UTC
5/22/2018 15:00,9920,16.95,UTC
5/22/2018 15:15,9920,16.95,UTC
5/22/2018 15:30,9980,16.96,UTC
5/22/2018 15:45,9930,16.95,UTC
5/22/2018 16:00,9870,16.94,UTC
5/22/2018 16:15,9870,16.94,UTC
5/22/2018 16:30,9870,16.94,UTC
5/22/2018 16:45,9880,16.94,UTC
5/22/2018 17:00,9930,16.95,UTC
5/22/2018 17:15,9940,16.95,UTC
5/22/2018 17:30,9940,16.95,UTC
5/22/2018 17:45,9880,16.94,UTC
5/22/2018 18:00,9880,16.94,UTC
5/22/2018 18:15,9940,16.95,UTC
5/22/2018 18:30,9880,16.94,UTC
5/22/2018 18:45,9870,16.94,UTC
5/22/2018 19:00,9930,16.95,UTC
5/22/2018 19:15,9920,16.95,UTC
5/22/2018 19:30,9920,16.95,UTC
5/22/2018 19:45,9970,16.96,UTC
5/22/2018 20:00,9910,16.95,UTC
5/22/2018 20:15,9910,16.95,UTC
5/22/2018 20:30,9910,16.94,UTC
5/22/2018 20:45,9910,16.94,UTC
5/22/2018 21:00,9900,16.94,UTC
5/22/2018 21:15,9900,16.94,UTC
5/22/2018 21:30,9790,16.92,UTC
5/22/2018 21:45,9780,16.92,UTC
5/22/2018 22:00,9720,16.91,UTC
5/22/2018 22:15,9720,16.91,UTC
5/22/2018 22:30,9770,16.92,UTC
5/22/2018 22:45,9830,16.93,UTC
5/22/2018 23:00,9820,16.93,UTC
5/22/2018 23:15,9820,16.93,UTC
5/22/2018 23:30,9820,16.93,UTC
5/22/2018 23:45,9760,16.92,UTC
5/23/2018 0:00,9760,16.92,UTC
5/23/2018 0:15,9750,16.92,UTC
5/23/2018 0:30,9750,16.92,UTC
5/23/2018 0:45,9750,16.92,UTC
5/23/2018 1:00,9750,16.92,UTC
5/23/2018 1:15,9690,16.9,UTC
5/23/2018 1:30,9680,16.9,UTC
5/23/2018 1:45,9630,16.89,UTC
5/23/2018 2:00,9620,16.89,UTC
5/23/2018 2:15,9620,16.89,UTC
5/23/2018 2:30,9620,16.89,UTC
5/23/2018 2:45,9620,16.89,UTC
5/23/2018 3:00,9610,16.89,UTC
5/23/2018 3:15,9560,16.88,UTC
5/23/2018 3:30,9550,16.88,UTC
5/23/2018 3:45,9550,16.88,UTC
5/23/2018 4:00,9490,16.87,UTC
5/23/2018 4:15,9490,16.87,UTC
5/23/2018 4:30,9490,16.87,UTC
5/23/2018 4:45,9430,16.86,UTC
5/23/2018 5:00,9430,16.86,UTC
5/23/2018 5:15,9370,16.85,UTC
5/23/2018 5:30,9370,16.85,UTC
5/23/2018 5:45,9370,16.85,UTC
5/23/2018 6:00,9310,16.83,UTC
5/23/2018 6:15,9310,16.83,UTC
5/23/2018 6:30,9300,16.83,UTC
5/23/2018 6:45,9300,16.83,UTC
5/23/2018 7:00,9190,16.81,UTC
5/23/2018 7:15,9190,16.81,UTC
5/23/2018 7:30,9140,16.8,UTC
5/23/2018 7:45,9130,16.8,UTC
5/23/2018 8:00,9130,16.8,UTC
5/23/2018 8:15,9130,16.8,UTC
5/23/2018 8:30,9070,16.79,UTC
5/23/2018 8:45,9020,16.78,UTC
5/23/2018 9:00,8970,16.77,UTC
5/23/2018 9:15,8960,16.77,UTC
5/23/2018 9:30,8960,16.77,UTC
5/23/2018 9:45,8960,16.77,UTC
5/23/2018 10:00,8900,16.76,UTC
5/23/2018 10:15,8900,16.76,UTC
5/23/2018 10:30,8900,16.76,UTC
5/23/2018 10:45,8900,16.75,UTC
5/23/2018 11:00,8890,16.75,UTC
5/23/2018 11:15,8840,16.74,UTC
5/23/2018 11:30,8790,16.73,UTC
5/23/2018 11:45,8730,16.72,UTC
5/23/2018 12:00,8680,16.71,UTC
5/23/2018 12:15,8680,16.71,UTC
5/23/2018 12:30,8630,16.7,UTC
5/23/2018 12:45,8580,16.69,UTC
5/23/2018 13:00,8520,16.68,UTC
5/23/2018 13:15,8470,16.67,UTC
5/23/2018 13:30,8470,16.67,UTC
5/23/2018 13:45,8420,16.66,UTC
5/23/2018 14:00,8420,16.66,UTC
5/23/2018 14:15,8410,16.66,UTC
5/23/2018 14:30,8360,16.65,UTC
5/23/2018 14:45,8310,16.64,UTC
5/23/2018 15:00,8310,16.64,UTC
5/23/2018 15:15,8260,16.63,UTC
5/23/2018 15:30,8260,16.62,UTC
5/23/2018 15:45,8210,16.61,UTC
5/23/2018 16:00,8160,16.6,UTC
5/23/2018 16:15,8110,16.59,UTC
5/23/2018 16:30,8060,16.58,UTC
5/23/2018 16:45,8010,16.57,UTC
5/23/2018 17:00,7960,16.56,UTC
5/23/2018 17:15,7910,16.55,UTC
5/23/2018 17:30,7870,16.54,UTC
5/23/2018 17:45,7820,16.53,UTC
5/23/2018 18:00,7820,16.53,UTC
5/23/2018 18:15,7770,16.52,UTC
5/23/2018 18:30,7720,16.51,UTC
5/23/2018 18:45,7720,16.51,UTC
5/23/2018 19:00,7670,16.5,UTC
5/23/2018 19:15,7630,16.49,UTC
5/23/2018 19:30,7580,16.48,UTC
5/23/2018 19:45,7530,16.47,UTC
5/23/2018 20:00,7440,16.44,UTC
5/23/2018 20:15,7440,16.44,UTC
5/23/2018 20:30,7400,16.43,UTC
5/23/2018 20:45,7390,16.43,UTC
5/23/2018 21:00,7350,16.42,UTC
5/23/2018 21:15,7300,16.41,UTC
5/23/2018 21:30,7260,16.4,UTC
5/23/2018 21:45,7220,16.39,UTC
5/23/2018 22:00,7170,16.38,UTC
5/23/2018 22:15,7130,16.37,UTC
5/23/2018 22:30,7040,16.35,UTC
5/23/2018 22:45,7000,16.34,UTC
5/23/2018 23:00,6960,16.33,UTC
5/23/2018 23:15,6910,16.32,UTC
5/23/2018 23:30,6870,16.31,UTC
5/23/2018 23:45,6870,16.31,UTC
5/24/2018 0:00,6830,16.3,UTC
5/24/2018 0:15,6740,16.28,UTC
5/24/2018 0:30,6740,16.28,UTC
5/24/2018 0:45,6660,16.25,UTC
5/24/2018 1:00,6620,16.24,UTC
5/24/2018 1:15,6580,16.23,UTC
5/24/2018 1:30,6540,16.22,UTC
5/24/2018 1:45,6460,16.2,UTC
5/24/2018 2:00,6460,16.2,UTC
5/24/2018 2:15,6380,16.18,UTC
5/24/2018 2:30,6340,16.17,UTC
5/24/2018 2:45,6300,16.16,UTC
5/24/2018 3:00,6260,16.15,UTC
5/24/2018 3:15,6220,16.14,UTC
5/24/2018 3:30,6190,16.13,UTC
5/24/2018 3:45,6150,16.12,UTC
5/24/2018 4:00,6110,16.11,UTC
5/24/2018 4:15,6070,16.1,UTC
5/24/2018 4:30,6030,16.09,UTC
5/24/2018 4:45,6000,16.08,UTC
5/24/2018 5:00,5960,16.07,UTC
5/24/2018 5:15,5890,16.05,UTC
5/24/2018 5:30,5850,16.03,UTC
5/24/2018 5:45,5810,16.02,UTC
5/24/2018 6:00,5780,16.01,UTC
5/24/2018 6:15,5740,16,UTC
5/24/2018 6:30,5700,15.99,UTC
5/24/2018 6:45,5670,15.98,UTC
5/24/2018 7:00,5630,15.97,UTC
5/24/2018 7:15,5560,15.95,UTC
5/24/2018 7:30,5530,15.94,UTC
5/24/2018 7:45,5490,15.93,UTC
5/24/2018 8:00,5460,15.92,UTC
5/24/2018 8:15,5420,15.91,UTC
5/24/2018 8:30,5390,15.9,UTC
5/24/2018 8:45,5360,15.89,UTC
5/24/2018 9:00,5290,15.87,UTC
5/24/2018 9:15,5260,15.86,UTC
5/24/2018 9:30,5220,15.85,UTC
5/24/2018 9:45,5190,15.84,UTC
5/24/2018 10:00,5160,15.83,UTC
5/24/2018 10:15,5130,15.81,UTC
5/24/2018 10:30,5090,15.8,UTC
5/24/2018 10:45,5030,15.78,UTC
5/24/2018 11:00,5000,15.77,UTC
5/24/2018 11:15,4970,15.76,UTC
5/24/2018 11:30,4930,15.75,UTC
5/24/2018 11:45,4870,15.73,UTC
5/24/2018 12:00,4840,15.72,UTC
5/24/2018 12:15,4810,15.71,UTC
5/24/2018 12:30,4780,15.7,UTC
5/24/2018 12:45,4720,15.68,UTC
5/24/2018 13:00,4690,15.67,UTC
5/24/2018 13:15,4660,15.66,UTC
5/24/2018 13:30,4600,15.64,UTC
5/24/2018 13:45,4570,15.63,UTC
5/24/2018 14:00,4540,15.62,UTC
5/24/2018 14:15,4520,15.61,UTC
5/24/2018 14:30,4460,15.59,UTC
5/24/2018 14:45,4430,15.58,UTC
5/24/2018 15:00,4400,15.56,UTC
5/24/2018 15:15,4350,15.54,UTC
5/24/2018 15:30,4300,15.52,UTC
5/24/2018 15:45,4270,15.51,UTC
5/24/2018 16:00,4220,15.49,UTC
5/24/2018 16:15,4190,15.48,UTC
5/24/2018 16:30,4150,15.46,UTC
5/24/2018 16:45,4120,15.45,UTC
5/24/2018 17:00,4070,15.43,UTC
5/24/2018 17:15,4050,15.42,UTC
5/24/2018 17:30,4000,15.4,UTC
5/24/2018 17:45,3980,15.39,UTC
5/24/2018 18:00,3930,15.37,UTC
5/24/2018 18:15,3910,15.36,UTC
5/24/2018 18:30,3860,15.34,UTC
5/24/2018 18:45,3840,15.33,UTC
5/24/2018 19:00,3810,15.31,UTC
5/24/2018 19:15,3770,15.29,UTC
5/24/2018 19:30,3750,15.28,UTC
5/24/2018 19:45,3710,15.26,UTC
5/24/2018 20:00,3680,15.24,UTC
5/24/2018 20:15,3640,15.22,UTC
5/24/2018 20:30,3620,15.21,UTC
5/24/2018 20:45,3580,15.19,UTC
5/24/2018 21:00,3570,15.18,UTC
5/24/2018 21:15,3530,15.16,UTC
5/24/2018 21:30,3510,15.15,UTC
5/24/2018 21:45,3480,15.13,UTC
5/24/2018 22:00,3440,15.11,UTC
5/24/2018 22:15,3370,15.07,UTC
5/24/2018 22:30,3360,15.06,UTC
5/24/2018 22:45,3340,15.05,UTC
5/24/2018 23:00,3330,15.04,UTC
5/24/2018 23:15,3300,15.02,UTC
5/24/2018 23:30,3270,15,UTC
5/24/2018 23:45,3240,14.98,UTC
5/25/2018 0:00,3210,14.96,UTC
5/25/2018 0:15,3190,14.94,UTC
5/25/2018 0:30,3170,14.93,UTC
5/25/2018 0:45,3140,14.91,UTC
5/25/2018 1:00,3120,14.89,UTC
5/25/2018 1:15,3090,14.87,UTC
5/25/2018 1:30,3060,14.85,UTC
5/25/2018 1:45,3030,14.83,UTC
5/25/2018 2:00,3010,14.81,UTC
5/25/2018 2:15,2980,14.79,UTC
5/25/2018 2:30,2950,14.77,UTC
5/25/2018 2:45,2930,14.75,UTC
5/25/2018 3:00,2900,14.73,UTC
5/25/2018 3:15,2880,14.71,UTC
5/25/2018 3:30,2860,14.69,UTC
5/25/2018 3:45,2830,14.67,UTC
5/25/2018 4:00,2810,14.65,UTC
5/25/2018 4:15,2790,14.63,UTC
5/25/2018 4:30,2770,14.61,UTC
5/25/2018 4:45,2720,14.57,UTC
5/25/2018 5:00,2710,14.56,UTC
5/25/2018 5:15,2690,14.54,UTC
5/25/2018 5:30,2680,14.53,UTC
5/25/2018 5:45,2670,14.51,UTC
5/25/2018 6:00,2650,14.49,UTC
5/25/2018 6:15,2620,14.45,UTC
5/25/2018 6:30,2600,14.43,UTC
5/25/2018 6:45,2600,14.42,UTC
5/25/2018 7:00,2580,14.4,UTC
5/25/2018 7:15,2570,14.38,UTC
5/25/2018 7:30,2540,14.34,UTC
5/25/2018 7:45,2520,14.32,UTC
5/25/2018 8:00,2510,14.31,UTC
5/25/2018 8:15,2500,14.29,UTC
5/25/2018 8:30,2470,14.25,UTC
5/25/2018 8:45,2450,14.23,UTC
5/25/2018 9:00,2440,14.21,UTC
5/25/2018 9:15,2430,14.18,UTC
5/25/2018 9:30,2420,14.16,UTC
5/25/2018 9:45,2410,14.14,UTC
5/25/2018 10:00,2400,14.1,UTC
5/25/2018 10:15,2390,14.08,UTC
5/25/2018 10:30,2380,14.06,UTC
5/25/2018 10:45,2370,14.03,UTC
5/25/2018 11:00,2360,14.01,UTC
5/25/2018 11:15,2350,13.99,UTC
5/25/2018 11:30,2340,13.96,UTC
5/25/2018 11:45,2330,13.94,UTC
5/25/2018 12:00,2320,13.92,UTC
5/25/2018 12:15,2310,13.88,UTC
5/25/2018 12:30,2300,13.86,UTC
5/25/2018 12:45,2280,13.82,UTC
5/25/2018 13:00,2280,13.8,UTC
5/25/2018 13:15,2260,13.77,UTC
5/25/2018 13:30,2260,13.75,UTC
5/25/2018 13:45,2240,13.71,UTC
5/25/2018 14:00,2230,13.69,UTC
5/25/2018 14:15,2220,13.65,UTC
5/25/2018 14:30,2210,13.63,UTC
5/25/2018 14:45,2190,13.59,UTC
5/25/2018 15:00,2180,13.55,UTC
5/25/2018 15:15,2170,13.53,UTC
5/25/2018 15:30,2150,13.49,UTC
5/25/2018 15:45,2150,13.47,UTC
5/25/2018 16:00,2130,13.43,UTC
5/25/2018 16:15,2110,13.38,UTC
5/25/2018 16:30,2100,13.34,UTC
5/25/2018 16:45,2090,13.31,UTC
5/25/2018 17:00,2080,13.28,UTC
5/25/2018 17:15,2070,13.24,UTC
5/25/2018 17:30,2060,13.2,UTC
5/25/2018 17:45,2050,13.18,UTC
5/25/2018 18:00,2040,13.14,UTC
5/25/2018 18:15,2030,13.09,UTC
5/25/2018 18:30,2010,13.05,UTC
5/25/2018 18:45,2000,13.01,UTC
5/25/2018 19:00,1990,12.97,UTC
5/25/2018 19:15,1980,12.93,UTC
5/25/2018 19:30,1970,12.89,UTC
5/25/2018 19:45,1960,12.85,UTC
5/25/2018 20:00,1940,12.81,UTC
5/25/2018 20:15,1930,12.77,UTC
5/25/2018 20:30,1920,12.73,UTC
5/25/2018 20:45,1910,12.68,UTC
5/25/2018 21:00,1890,12.64,UTC
5/25/2018 21:15,1880,12.6,UTC
5/25/2018 21:30,1870,12.56,UTC
5/25/2018 21:45,1860,12.52,UTC
5/25/2018 22:00,1850,12.48,UTC
5/25/2018 22:15,1830,12.43,UTC
5/25/2018 22:30,1820,12.39,UTC
5/25/2018 22:45,1810,12.35,UTC
5/25/2018 23:00,1800,12.31,UTC
5/25/2018 23:15,1790,12.27,UTC
5/25/2018 23:30,1780,12.23,UTC
5/25/2018 23:45,1760,12.18,UTC
5/26/2018 0:00,1750,12.14,UTC
5/26/2018 0:15,1740,12.1,UTC
5/26/2018 0:30,1730,12.06,UTC
5/26/2018 0:45,1720,12.02,UTC
5/26/2018 1:00,1710,11.98,UTC
5/26/2018 1:15,1700,11.94,UTC
5/26/2018 1:30,1690,11.9,UTC
5/26/2018 1:45,1680,11.86,UTC
5/26/2018 2:00,1670,11.82,UTC
5/26/2018 2:15,1660,11.78,UTC
5/26/2018 2:30,1650,11.74,UTC
5/26/2018 2:45,1640,11.7,UTC
5/26/2018 3:00,1630,11.66,UTC
5/26/2018 3:15,1620,11.62,UTC
5/26/2018 3:30,1610,11.58,UTC
5/26/2018 3:45,1600,11.54,UTC
5/26/2018 4:00,1600,11.5,UTC
5/26/2018 4:15,1590,11.46,UTC
5/26/2018 4:30,1580,11.43,UTC
5/26/2018 4:45,1570,11.39,UTC
5/26/2018 5:00,1560,11.35,UTC
5/26/2018 5:15,1550,11.31,UTC
5/26/2018 5:30,1550,11.28,UTC
5/26/2018 5:45,1540,11.24,UTC
5/26/2018 6:00,1530,11.2,UTC
5/26/2018 6:15,1520,11.17,UTC
5/26/2018 6:30,1510,11.13,UTC
5/26/2018 6:45,1500,11.09,UTC
5/26/2018 7:00,1490,11.05,UTC
5/26/2018 7:15,1490,11.02,UTC
5/26/2018 7:30,1480,10.98,UTC
5/26/2018 7:45,1470,10.94,UTC
5/26/2018 8:00,1460,10.91,UTC
5/26/2018 8:15,1450,10.87,UTC
5/26/2018 8:30,1450,10.83,UTC
5/26/2018 8:45,1440,10.8,UTC
5/26/2018 9:00,1430,10.76,UTC
5/26/2018 9:15,1430,10.74,UTC
5/26/2018 9:30,1420,10.7,UTC
5/26/2018 9:45,1410,10.65,UTC
5/26/2018 10:00,1400,10.62,UTC
5/26/2018 10:15,1400,10.6,UTC
5/26/2018 10:30,1390,10.56,UTC
5/26/2018 10:45,1380,10.51,UTC
5/26/2018 11:00,1370,10.49,UTC
5/26/2018 11:15,1360,10.45,UTC
5/26/2018 11:30,1350,10.41,UTC
5/26/2018 11:45,1350,10.37,UTC
5/26/2018 12:00,1340,10.35,UTC
5/26/2018 12:15,1330,10.31,UTC
5/26/2018 12:30,1330,10.28,UTC
5/26/2018 12:45,1320,10.24,UTC
5/26/2018 13:00,1310,10.19,UTC
5/26/2018 13:15,1300,10.16,UTC
5/26/2018 13:30,1290,10.12,UTC
5/26/2018 13:45,1290,10.11,UTC
5/26/2018 14:00,1280,10.07,UTC
5/26/2018 14:15,1270,10.02,UTC
5/26/2018 14:30,1270,9.99,UTC
5/26/2018 14:45,1260,9.95,UTC
5/26/2018 15:00,1250,9.91,UTC
5/26/2018 15:15,1240,9.88,UTC
5/26/2018 15:30,1230,9.84,UTC
5/26/2018 15:45,1230,9.81,UTC
5/26/2018 16:00,1220,9.77,UTC
5/26/2018 16:15,1210,9.74,UTC
5/26/2018 16:30,1210,9.72,UTC
5/26/2018 16:45,1200,9.68,UTC
5/26/2018 17:00,1190,9.64,UTC
5/26/2018 17:15,1190,9.62,UTC
5/26/2018 17:30,1180,9.58,UTC
5/26/2018 17:45,1170,9.54,UTC
5/26/2018 18:00,1160,9.5,UTC
5/26/2018 18:15,1160,9.47,UTC
5/26/2018 18:30,1150,9.45,UTC
5/26/2018 18:45,1150,9.41,UTC
5/26/2018 19:00,1140,9.36,UTC
5/26/2018 19:15,1130,9.33,UTC
5/26/2018 19:30,1130,9.31,UTC
5/26/2018 19:45,1120,9.28,UTC
5/26/2018 20:00,1110,9.23,UTC
5/26/2018 20:15,1100,9.2,UTC
5/26/2018 20:30,1100,9.16,UTC
5/26/2018 20:45,1090,9.13,UTC
5/26/2018 21:00,1090,9.1,UTC
5/26/2018 21:15,1080,9.06,UTC
5/26/2018 21:30,1070,9.03,UTC
5/26/2018 21:45,1060,8.99,UTC
5/26/2018 22:00,1060,8.95,UTC
5/26/2018 22:15,1050,8.92,UTC
5/26/2018 22:30,1040,8.89,UTC
5/26/2018 22:45,1040,8.85,UTC
5/26/2018 23:00,1030,8.82,UTC
5/26/2018 23:15,1020,8.78,UTC
5/26/2018 23:30,1020,8.75,UTC
5/26/2018 23:45,1010,8.71,UTC
5/27/2018 0:00,1000,8.68,UTC
5/27/2018 0:15,996,8.64,UTC
5/27/2018 0:30,991,8.61,UTC
5/27/2018 0:45,983,8.57,UTC
5/27/2018 1:00,977,8.54,UTC
5/27/2018 1:15,974,8.52,UTC
5/27/2018 1:30,966,8.48,UTC
5/27/2018 1:45,959,8.44,UTC
5/27/2018 2:00,951,8.4,UTC
5/27/2018 2:15,945,8.37,UTC
5/27/2018 2:30,938,8.33,UTC
5/27/2018 2:45,932,8.3,UTC
5/27/2018 3:00,929,8.28,UTC
5/27/2018 3:15,921,8.24,UTC
5/27/2018 3:30,914,8.2,UTC
5/27/2018 3:45,907,8.16,UTC
5/27/2018 4:00,903,8.14,UTC
5/27/2018 4:15,896,8.1,UTC
5/27/2018 4:30,892,8.08,UTC
5/27/2018 4:45,885,8.04,UTC
5/27/2018 5:00,881,8.02,UTC
5/27/2018 5:15,874,7.98,UTC
5/27/2018 5:30,870,7.96,UTC
5/27/2018 5:45,861,7.91,UTC
5/27/2018 6:00,858,7.89,UTC
5/27/2018 6:15,851,7.85,UTC
5/27/2018 6:30,847,7.83,UTC
5/27/2018 6:45,840,7.79,UTC
5/27/2018 7:00,835,7.76,UTC
5/27/2018 7:15,828,7.72,UTC
5/27/2018 7:30,824,7.7,UTC
5/27/2018 7:45,817,7.66,UTC
5/27/2018 8:00,814,7.64,UTC
5/27/2018 8:15,807,7.6,UTC
5/27/2018 8:30,803,7.58,UTC
5/27/2018 8:45,796,7.54,UTC
5/27/2018 9:00,793,7.52,UTC
5/27/2018 9:15,786,7.48,UTC
5/27/2018 9:30,782,7.46,UTC
5/27/2018 9:45,777,7.43,UTC
5/27/2018 10:00,774,7.41,UTC
5/27/2018 10:15,767,7.37,UTC
5/27/2018 10:30,763,7.35,UTC
5/27/2018 10:45,758,7.32,UTC
5/27/2018 11:00,755,7.3,UTC
5/27/2018 11:15,751,7.28,UTC
5/27/2018 11:30,745,7.24,UTC
5/27/2018 11:45,741,7.22,UTC
5/27/2018 12:00,738,7.2,UTC
5/27/2018 12:15,731,7.16,UTC
5/27/2018 12:30,728,7.14,UTC
5/27/2018 12:45,724,7.12,UTC
5/27/2018 13:00,718,7.08,UTC
5/27/2018 13:15,714,7.06,UTC
5/27/2018 13:30,711,7.04,UTC
5/27/2018 13:45,704,7,UTC
5/27/2018 14:00,703,6.99,UTC
5/27/2018 14:15,699,6.97,UTC
5/27/2018 14:30,694,6.94,UTC
5/27/2018 14:45,691,6.92,UTC
5/27/2018 15:00,688,6.9,UTC
5/27/2018 15:15,681,6.86,UTC
5/27/2018 15:30,680,6.85,UTC
5/27/2018 15:45,676,6.83,UTC
5/27/2018 16:00,673,6.81,UTC
5/27/2018 16:15,667,6.77,UTC
5/27/2018 16:30,665,6.76,UTC
5/27/2018 16:45,662,6.74,UTC
5/27/2018 17:00,659,6.72,UTC
5/27/2018 17:15,655,6.7,UTC
5/27/2018 17:30,652,6.68,UTC
5/27/2018 17:45,649,6.66,UTC
5/27/2018 18:00,646,6.64,UTC
5/27/2018 18:15,642,6.62,UTC
5/27/2018 18:30,636,6.58,UTC
5/27/2018 18:45,634,6.57,UTC
5/27/2018 19:00,631,6.55,UTC
5/27/2018 19:15,630,6.54,UTC
5/27/2018 19:30,627,6.52,UTC
5/27/2018 19:45,623,6.5,UTC
5/27/2018 20:00,619,6.47,UTC
5/27/2018 20:15,615,6.45,UTC
5/27/2018 20:30,612,6.43,UTC
5/27/2018 20:45,609,6.41,UTC
5/27/2018 21:00,606,6.39,UTC
5/27/2018 21:15,603,6.37,UTC
5/27/2018 21:30,601,6.36,UTC
5/27/2018 21:45,598,6.34,UTC
5/27/2018 22:00,595,6.32,UTC
5/27/2018 22:15,592,6.3,UTC
5/27/2018 22:30,589,6.28,UTC
5/27/2018 22:45,586,6.26,UTC
5/27/2018 23:00,583,6.24,UTC
5/27/2018 23:15,580,6.22,UTC
5/27/2018 23:30,577,6.2,UTC
5/27/2018 23:45,574,6.18,UTC
5/28/2018 0:00,571,6.16,UTC
5/28/2018 0:15,569,6.15,UTC
5/28/2018 0:30,566,6.13,UTC
5/28/2018 0:45,563,6.11,UTC
5/28/2018 1:00,561,6.1,UTC
5/28/2018 1:15,558,6.08,UTC
5/28/2018 1:30,555,6.06,UTC
5/28/2018 1:45,554,6.05,UTC
5/28/2018 2:00,551,6.03,UTC
5/28/2018 2:15,548,6.01,UTC
5/28/2018 2:30,546,6,UTC
5/28/2018 2:45,543,5.98,UTC
5/28/2018 3:00,542,5.97,UTC
5/28/2018 3:15,539,5.95,UTC
5/28/2018 3:30,537,5.94,UTC
5/28/2018 3:45,534,5.92,UTC
5/28/2018 4:00,533,5.91,UTC
5/28/2018 4:15,530,5.89,UTC
5/28/2018 4:30,528,5.88,UTC
5/28/2018 4:45,527,5.87,UTC
5/28/2018 5:00,524,5.85,UTC
5/28/2018 5:15,523,5.84,UTC
5/28/2018 5:30,521,5.83,UTC
5/28/2018 5:45,518,5.81,UTC
5/28/2018 6:00,517,5.8,UTC
5/28/2018 6:15,515,5.79,UTC
5/28/2018 6:30,514,5.78,UTC
5/28/2018 6:45,511,5.76,UTC
5/28/2018 7:00,509,5.75,UTC
5/28/2018 7:15,508,5.74,UTC
5/28/2018 7:30,506,5.73,UTC
5/28/2018 7:45,505,5.72,UTC
5/28/2018 8:00,504,5.71,UTC
5/28/2018 8:15,502,5.7,UTC
5/28/2018 8:30,501,5.69,UTC
5/28/2018 8:45,499,5.68,UTC
5/28/2018 9:00,498,5.67,UTC
5/28/2018 9:15,496,5.66,UTC
5/28/2018 9:30,495,5.65,UTC
5/28/2018 9:45,493,5.64,UTC
5/28/2018 10:00,492,5.63,UTC
5/28/2018 10:15,491,5.62,UTC
5/28/2018 10:30,489,5.61,UTC
5/28/2018 10:45,488,5.6,UTC
5/28/2018 11:00,488,5.6,UTC
5/28/2018 11:15,486,5.59,UTC
5/28/2018 11:30,485,5.58,UTC
5/28/2018 11:45,483,5.57,UTC
5/28/2018 12:00,482,5.56,UTC
5/28/2018 12:15,482,5.56,UTC
5/28/2018 12:30,481,5.55,UTC
5/28/2018 12:45,479,5.54,UTC
5/28/2018 13:00,479,5.54,UTC
5/28/2018 13:15,478,5.53,UTC
5/28/2018 13:30,478,5.53,UTC
5/28/2018 13:45,476,5.52,UTC
5/28/2018 14:00,476,5.52,UTC
5/28/2018 14:15,475,5.51,UTC
5/28/2018 14:30,475,5.51,UTC
5/28/2018 14:45,473,5.5,UTC
5/28/2018 15:00,473,5.5,UTC
5/28/2018 15:15,472,5.49,UTC
5/28/2018 15:30,472,5.49,UTC
5/28/2018 15:45,472,5.49,UTC
5/28/2018 16:00,472,5.49,UTC
5/28/2018 16:15,472,5.49,UTC
5/28/2018 16:30,471,5.48,UTC
5/28/2018 16:45,471,5.48,UTC
5/28/2018 17:00,471,5.48,UTC
5/28/2018 17:15,471,5.48,UTC
5/28/2018 17:30,471,5.48,UTC
5/28/2018 17:45,471,5.48,UTC
5/28/2018 18:00,472,5.49,UTC
5/28/2018 18:15,472,5.49,UTC
5/28/2018 18:30,472,5.49,UTC
5/28/2018 18:45,473,5.5,UTC
5/28/2018 19:00,473,5.5,UTC
5/28/2018 19:15,473,5.5,UTC
5/28/2018 19:30,475,5.51,UTC
5/28/2018 19:45,476,5.52,UTC
5/28/2018 20:00,476,5.52,UTC
5/28/2018 20:15,478,5.53,UTC
5/28/2018 20:30,479,5.54,UTC
5/28/2018 20:45,481,5.55,UTC
5/28/2018 21:00,482,5.56,UTC
5/28/2018 21:15,483,5.57,UTC
5/28/2018 21:30,485,5.58,UTC
5/28/2018 21:45,486,5.59,UTC
5/28/2018 22:00,488,5.6,UTC
5/28/2018 22:15,489,5.61,UTC
5/28/2018 22:30,491,5.62,UTC
5/28/2018 22:45,492,5.63,UTC
5/28/2018 23:00,493,5.64,UTC
5/28/2018 23:15,495,5.65,UTC
5/28/2018 23:30,496,5.66,UTC
5/28/2018 23:45,499,5.68,UTC
5/29/2018 0:00,501,5.69,UTC
5/29/2018 0:15,502,5.7,UTC
5/29/2018 0:30,504,5.71,UTC
5/29/2018 0:45,505,5.72,UTC
5/29/2018 1:00,506,5.73,UTC
5/29/2018 1:15,509,5.75,UTC
5/29/2018 1:30,511,5.76,UTC
5/29/2018 1:45,512,5.77,UTC
5/29/2018 2:00,514,5.78,UTC
5/29/2018 2:15,517,5.8,UTC
5/29/2018 2:30,518,5.81,UTC
5/29/2018 2:45,520,5.82,UTC
5/29/2018 3:00,521,5.83,UTC
5/29/2018 3:15,523,5.84,UTC
5/29/2018 3:30,524,5.85,UTC
5/29/2018 3:45,526,5.86,UTC
5/29/2018 4:00,528,5.88,UTC
5/29/2018 4:15,530,5.89,UTC
5/29/2018 4:30,531,5.9,UTC
5/29/2018 4:45,533,5.91,UTC
5/29/2018 5:00,534,5.92,UTC
5/29/2018 5:15,536,5.93,UTC
5/29/2018 5:30,536,5.93,UTC
5/29/2018 5:45,537,5.94,UTC
5/29/2018 6:00,539,5.95,UTC
5/29/2018 6:15,540,5.96,UTC
5/29/2018 6:30,542,5.97,UTC
5/29/2018 6:45,542,5.97,UTC
5/29/2018 7:00,543,5.98,UTC
5/29/2018 7:15,545,5.99,UTC
5/29/2018 7:30,545,5.99,UTC
5/29/2018 7:45,546,6,UTC
5/29/2018 8:00,546,6,UTC
5/29/2018 8:15,548,6.01,UTC
5/29/2018 8:30,548,6.01,UTC
5/29/2018 8:45,549,6.02,UTC
5/29/2018 9:00,549,6.02,UTC
5/29/2018 9:15,549,6.02,UTC
5/29/2018 9:30,549,6.02,UTC
5/29/2018 9:45,549,6.02,UTC
5/29/2018 10:00,549,6.02,UTC
5/29/2018 10:15,551,6.03,UTC
5/29/2018 10:30,549,6.02,UTC
5/29/2018 10:45,549,6.02,UTC
5/29/2018 11:00,549,6.02,UTC
5/29/2018 11:15,549,6.02,UTC
5/29/2018 11:30,549,6.02,UTC
5/29/2018 11:45,549,6.02,UTC
5/29/2018 12:00,551,6.03,UTC
5/29/2018 12:15,551,6.03,UTC
5/29/2018 12:30,552,6.04,UTC
5/29/2018 12:45,554,6.05,UTC
5/29/2018 13:00,554,6.05,UTC
5/29/2018 13:15,554,6.05,UTC
5/29/2018 13:30,554,6.05,UTC
5/29/2018 13:45,555,6.06,UTC
5/29/2018 14:00,555,6.06,UTC
5/29/2018 14:15,555,6.06,UTC
5/29/2018 14:30,555,6.06,UTC
5/29/2018 14:45,555,6.06,UTC
5/29/2018 15:00,557,6.07,UTC
5/29/2018 15:15,557,6.07,UTC
5/29/2018 15:30,557,6.07,UTC
5/29/2018 15:45,558,6.08,UTC
5/29/2018 16:00,558,6.08,UTC
5/29/2018 16:15,560,6.09,UTC
5/29/2018 16:30,560,6.09,UTC
5/29/2018 16:45,561,6.1,UTC
5/29/2018 17:00,563,6.11,UTC
5/29/2018 17:15,563,6.11,UTC
5/29/2018 17:30,564,6.12,UTC
5/29/2018 17:45,564,6.12,UTC
5/29/2018 18:00,566,6.13,UTC
5/29/2018 18:15,568,6.14,UTC
5/29/2018 18:30,568,6.14,UTC
5/29/2018 18:45,569,6.15,UTC
5/29/2018 19:00,569,6.15,UTC
5/29/2018 19:15,571,6.16,UTC
5/29/2018 19:30,571,6.16,UTC
5/29/2018 19:45,571,6.16,UTC
5/29/2018 20:00,572,6.17,UTC
5/29/2018 20:15,572,6.17,UTC
5/29/2018 20:30,572,6.17,UTC
5/29/2018 20:45,574,6.18,UTC
5/29/2018 21:00,574,6.18,UTC
5/29/2018 21:15,574,6.18,UTC
5/29/2018 21:30,574,6.18,UTC
5/29/2018 21:45,575,6.19,UTC
5/29/2018 22:00,575,6.19,UTC
5/29/2018 22:15,575,6.19,UTC
5/29/2018 22:30,575,6.19,UTC
5/29/2018 22:45,575,6.19,UTC
5/29/2018 23:00,575,6.19,UTC
5/29/2018 23:15,574,6.18,UTC
5/29/2018 23:30,574,6.18,UTC
5/29/2018 23:45,574,6.18,UTC
5/30/2018 0:00,574,6.18,UTC
5/30/2018 0:15,574,6.18,UTC
5/30/2018 0:30,574,6.18,UTC
5/30/2018 0:45,574,6.18,UTC
5/30/2018 1:00,572,6.17,UTC
5/30/2018 1:15,572,6.17,UTC
5/30/2018 1:30,572,6.17,UTC
5/30/2018 1:45,572,6.17,UTC
5/30/2018 2:00,571,6.16,UTC
5/30/2018 2:15,571,6.16,UTC
5/30/2018 2:30,571,6.16,UTC
5/30/2018 2:45,569,6.15,UTC
5/30/2018 3:00,569,6.15,UTC
5/30/2018 3:15,569,6.15,UTC
5/30/2018 3:30,569,6.15,UTC
5/30/2018 3:45,568,6.14,UTC
5/30/2018 4:00,568,6.14,UTC
5/30/2018 4:15,568,6.14,UTC
5/30/2018 4:30,566,6.13,UTC
5/30/2018 4:45,566,6.13,UTC
5/30/2018 5:00,566,6.13,UTC
5/30/2018 5:15,564,6.12,UTC
5/30/2018 5:30,564,6.12,UTC
5/30/2018 5:45,564,6.12,UTC
5/30/2018 6:00,563,6.11,UTC
5/30/2018 6:15,563,6.11,UTC
5/30/2018 6:30,563,6.11,UTC
5/30/2018 6:45,561,6.1,UTC
5/30/2018 7:00,561,6.1,UTC
5/30/2018 7:15,561,6.1,UTC
5/30/2018 7:30,560,6.09,UTC
5/30/2018 7:45,560,6.09,UTC
5/30/2018 8:00,560,6.09,UTC
5/30/2018 8:15,558,6.08,UTC
5/30/2018 8:30,558,6.08,UTC
5/30/2018 8:45,558,6.08,UTC
5/30/2018 9:00,558,6.08,UTC
5/30/2018 9:15,558,6.08,UTC
5/30/2018 9:30,558,6.08,UTC
5/30/2018 9:45,558,6.08,UTC
5/30/2018 10:00,558,6.08,UTC
5/30/2018 10:15,558,6.08,UTC
5/30/2018 10:30,558,6.08,UTC
5/30/2018 10:45,558,6.08,UTC
5/30/2018 11:00,558,6.08,UTC
5/30/2018 11:15,558,6.08,UTC
5/30/2018 11:30,558,6.08,UTC
5/30/2018 11:45,560,6.09,UTC
5/30/2018 12:00,560,6.09,UTC
5/30/2018 12:15,560,6.09,UTC
5/30/2018 12:30,561,6.1,UTC
5/30/2018 12:45,563,6.11,UTC
5/30/2018 13:00,563,6.11,UTC
5/30/2018 13:15,564,6.12,UTC
5/30/2018 13:30,566,6.13,UTC
5/30/2018 13:45,566,6.13,UTC
5/30/2018 14:00,568,6.14,UTC
5/30/2018 14:15,569,6.15,UTC
5/30/2018 14:30,571,6.16,UTC
5/30/2018 14:45,572,6.17,UTC
5/30/2018 15:00,572,6.17,UTC
5/30/2018 15:15,575,6.19,UTC
5/30/2018 15:30,577,6.2,UTC
5/30/2018 15:45,578,6.21,UTC
5/30/2018 16:00,580,6.22,UTC
5/30/2018 16:15,581,6.23,UTC
5/30/2018 16:30,584,6.25,UTC
5/30/2018 16:45,586,6.26,UTC
5/30/2018 17:00,587,6.27,UTC
5/30/2018 17:15,591,6.29,UTC
5/30/2018 17:30,592,6.3,UTC
5/30/2018 17:45,594,6.31,UTC
5/30/2018 18:00,597,6.33,UTC
5/30/2018 18:15,598,6.34,UTC
5/30/2018 18:30,601,6.36,UTC
5/30/2018 18:45,603,6.37,UTC
5/30/2018 19:00,605,6.38,UTC
5/30/2018 19:15,608,6.4,UTC
5/30/2018 19:30,609,6.41,UTC
5/30/2018 19:45,612,6.43,UTC
5/30/2018 20:00,614,6.44,UTC
5/30/2018 20:15,615,6.45,UTC
5/30/2018 20:30,619,6.47,UTC
5/30/2018 20:45,620,6.48,UTC
5/30/2018 21:00,623,6.5,UTC
5/30/2018 21:15,625,6.51,UTC
5/30/2018 21:30,627,6.52,UTC
5/30/2018 21:45,630,6.54,UTC
5/30/2018 22:00,631,6.55,UTC
5/30/2018 22:15,633,6.56,UTC
5/30/2018 22:30,636,6.58,UTC
5/30/2018 22:45,638,6.59,UTC
5/30/2018 23:00,639,6.6,UTC
5/30/2018 23:15,642,6.62,UTC
5/30/2018 23:30,644,6.63,UTC
5/30/2018 23:45,646,6.64,UTC
5/31/2018 0:00,647,6.65,UTC
5/31/2018 0:15,650,6.67,UTC
5/31/2018 0:30,652,6.68,UTC
5/31/2018 0:45,654,6.69,UTC
5/31/2018 1:00,655,6.7,UTC
5/31/2018 1:15,657,6.71,UTC
5/31/2018 1:30,660,6.73,UTC
5/31/2018 1:45,662,6.74,UTC
5/31/2018 2:00,663,6.75,UTC
5/31/2018 2:15,665,6.76,UTC
5/31/2018 2:30,667,6.77,UTC
5/31/2018 2:45,667,6.77,UTC
5/31/2018 3:00,668,6.78,UTC
5/31/2018 3:15,670,6.79,UTC
5/31/2018 3:30,671,6.8,UTC
5/31/2018 3:45,673,6.81,UTC
5/31/2018 4:00,673,6.81,UTC
5/31/2018 4:15,675,6.82,UTC
5/31/2018 4:30,676,6.83,UTC
5/31/2018 4:45,676,6.83,UTC
5/31/2018 5:00,678,6.84,UTC
5/31/2018 5:15,680,6.85,UTC
5/31/2018 5:30,680,6.85,UTC
5/31/2018 5:45,681,6.86,UTC
5/31/2018 6:00,681,6.86,UTC
5/31/2018 6:15,683,6.87,UTC
5/31/2018 6:30,683,6.87,UTC
5/31/2018 6:45,685,6.88,UTC
5/31/2018 7:00,685,6.88,UTC
5/31/2018 7:15,686,6.89,UTC
5/31/2018 7:30,686,6.89,UTC
5/31/2018 7:45,688,6.9,UTC
5/31/2018 8:00,688,6.9,UTC
5/31/2018 8:15,688,6.9,UTC
5/31/2018 8:30,689,6.91,UTC
5/31/2018 8:45,689,6.91,UTC
5/31/2018 9:00,689,6.91,UTC
5/31/2018 9:15,691,6.92,UTC
5/31/2018 9:30,691,6.92,UTC
5/31/2018 9:45,691,6.92,UTC
5/31/2018 10:00,691,6.92,UTC
5/31/2018 10:15,693,6.93,UTC
5/31/2018 10:30,693,6.93,UTC
5/31/2018 10:45,693,6.93,UTC
5/31/2018 11:00,694,6.94,UTC
5/31/2018 11:15,694,6.94,UTC
5/31/2018 11:30,694,6.94,UTC
5/31/2018 11:45,694,6.94,UTC
5/31/2018 12:00,696,6.95,UTC
5/31/2018 12:15,696,6.95,UTC
5/31/2018 12:30,696,6.95,UTC
5/31/2018 12:45,696,6.95,UTC
5/31/2018 13:00,696,6.95,UTC
5/31/2018 13:15,696,6.95,UTC
5/31/2018 13:30,696,6.95,UTC
5/31/2018 13:45,698,6.96,UTC
5/31/2018 14:00,696,6.95,UTC
5/31/2018 14:15,698,6.96,UTC
5/31/2018 14:30,698,6.96,UTC
5/31/2018 14:45,698,6.96,UTC
5/31/2018 15:00,698,6.96,UTC
5/31/2018 15:15,698,6.96,UTC
5/31/2018 15:30,696,6.95,UTC
5/31/2018 15:45,696,6.95,UTC
5/31/2018 16:00,696,6.95,UTC
5/31/2018 16:15,696,6.95,UTC
5/31/2018 16:30,696,6.95,UTC
5/31/2018 16:45,694,6.94,UTC
5/31/2018 17:00,694,6.94,UTC
5/31/2018 17:15,694,6.94,UTC
5/31/2018 17:30,694,6.94,UTC
5/31/2018 17:45,694,6.94,UTC
5/31/2018 18:00,693,6.93,UTC
5/31/2018 18:15,693,6.93,UTC
5/31/2018 18:30,693,6.93,UTC
5/31/2018 18:45,691,6.92,UTC
5/31/2018 19:00,691,6.92,UTC
5/31/2018 19:15,691,6.92,UTC
5/31/2018 19:30,689,6.91,UTC
5/31/2018 19:45,689,6.91,UTC
5/31/2018 20:00,688,6.9,UTC
5/31/2018 20:15,688,6.9,UTC
5/31/2018 20:30,686,6.89,UTC
5/31/2018 20:45,686,6.89,UTC
5/31/2018 21:00,685,6.88,UTC
5/31/2018 21:15,685,6.88,UTC
5/31/2018 21:30,683,6.87,UTC
5/31/2018 21:45,683,6.87,UTC
5/31/2018 22:00,681,6.86,UTC
5/31/2018 22:15,681,6.86,UTC
5/31/2018 22:30,680,6.85,UTC
5/31/2018 22:45,680,6.85,UTC
5/31/2018 23:00,678,6.84,UTC
5/31/2018 23:15,676,6.83,UTC
5/31/2018 23:30,676,6.83,UTC
5/31/2018 23:45,675,6.82,UTC
