Station,Stage
0,105.99
2.3,104.84
5.7,102.36
8.8,100.24
9.6,100.08
10.8,99.59
16.8,96.85
20.5,94.72
24.1,94.11
29.9,93.05
31.4,92.81
32.3,92.61
38.7,91.56
44,90.6
49.1,89.77
53.2,89.07
55.7,88.62
67.4,86.83
68.2,86.74
82.3,85.04
87.4,84.41
90.9,84.01
96.8,83.38
102.6,82.73
111.4,81.94
114.4,81.64
126.1,80.55
140.5,79.28
149.5,78.36
161.3,77.31
169.5,76.55
173,76.19
176.8,75.81
191.4,74.44
196.4,73.98
198.6,73.75
202.2,73.35
205.9,72.81
208.2,72.28
213.2,71.35
217.6,71.21
219.9,71.04
221.4,71.07
227.7,70.97
231.6,70.4
235,69.62
240.5,68.1
242.3,67.59
243.4,67.22
247.9,65.89
249.5,65.37
255.1,64.05
256.8,63.77
259.6,64.03
264.1,63.87
266.8,63.04
271.4,59.83
278.2,56.2
278.5,55.98
278.8,55.9
285.9,55.49
290.3,54.74
293.2,53.99
297.9,50.33
300.4,47.87
302,46.75
307.7,47.06
308.4,47.53
313.7,50.27
315,51.54
317.1,54.03
322.3,56.02
325.5,55.33
329.5,53.53
336.2,61.39
336.8,61.78
337.2,61.69
338.7,58.89
344.1,48.33
348.9,41.48
351.4,38.67
355.4,34.3
358.6,31.57
360.6,30.69
372.4,28.72
374.5,28.46
380.4,27.93
384.1,27.8
402.3,27.66
407.5,27.65
419.3,27.51
424.1,27.5
431.3,27.47
451.1,27.44
470.2,27.47
504.1,27.47
524.8,27.44
536.5,27.45
548.3,27.43
565.9,27.44
576.8,27.46
584.1,27.49
595.2,27.48
598.6,27.5
600,-1.90446
600.28711,-1.02602
600.33238,-1.74277
600.57083,-1.12818
600.82384,-0.32477
600.84835,-0.97031
601.61751,-1.80728
603.39134,-1.95695
605.77478,-2.41812
608.38679,-4.2464
611.42369,-5.8349
614.66528,-6.15983
618.01556,-7.35765
621.51894,-8.15878
625.41394,-8.62039
629.72887,-8.60917
634.30837,-8.77478
639.18576,-8.92147
644.0831,-9.2281
649.37984,-9.37521
654.89128,-9.69224
660.34448,-9.82186
665.76275,-9.31173
671.4351,-10.0211
676.8312,-8.99868
681.97936,-9.37628
686.8557,-9.21899
691.68323,-9.68618
696.53295,-9.67719
701.59899,-10.46848
706.75155,-9.97051
712.03336,-10.96898
717.51708,-11.03689
723.1173,-12.8161
728.73748,-14.85397
734.42035,-16.63846
740.23469,-18.24999
745.81327,-20.79445
751.45063,-24.12466
756.90273,-25.8711
762.21003,-28.11571
767.4308,-30.54006
772.4541,-36.84573
777.22001,-38.5034
782.17064,-40.36899
787.31208,-43.00872
792.32095,-44.29696
797.17727,-47.64923
801.56876,-49.16388
805.87314,-50.58884
810.26682,-53.95297
814.62555,-57.1018
818.92604,-59.05826
823.41735,-60.98013
827.80494,-61.66607
831.88691,-63.68696
835.98554,-66.4495
840.32327,-68.56543
844.37312,-70.67732
848.26434,-72.16882
852.10676,-72.3915
856.09454,-74.85826
860.32086,-75.71608
864.23547,-77.94412
867.88442,-78.72651
871.20388,-80.25084
875.01039,-79.94967
878.94006,-80.69468
882.58462,-82.28461
886.17926,-84.75952
889.46937,-84.44498
892.92146,-85.27751
896.60873,-86.30061
900.21279,-88.46333
903.68372,-88.21364
907.16241,-88.5431
910.89903,-88.21364
914.58241,-89.36027
918.51209,-90.53837
922.59426,-89.84025
927.07856,-92.21935
931.48298,-93.20788
936.14253,-94.15689
940.97072,-95.59719
945.70792,-96.21698
950.77517,-97.24674
955.91509,-98.19765
960.98733,-99.51881
965.81551,-100.06715
970.9649,-99.76627
976.25573,-101.38016
981.75457,-102.19021
987.00268,-103.59008
992.09824,-104.00802
997.0845,-103.92278
1001.97091,-104.82686
1006.54723,-104.93875
1010.82567,-103.50073
1014.67698,-106.11091
1018.05403,-106.50922
1020.88137,-106.0204
1023.55785,-105.99163
1025.99137,-106.38856
1028.39105,-106.307
1030.91165,-106.307
1033.38233,-106.51953
1035.95728,-105.92876
1038.29538,-105.22296
1040.61071,-106.22572
1042.69694,-106.54305
1045.40998,-106.33332
1048.15409,-106.14832
1050.69628,-106.831
1053.2601,-106.33873
1056.06467,-106.84801
1059.16601,-106.75349
1062.26404,-106.63109
1065.2245,-106.46886
1067.69017,-106.7435
1069.95115,-106.22974
1072.24045,-106.04894
1074.57245,-106.95135
1076.84343,-106.63139
1079.16766,-106.45633
1081.48301,-106.3386
1083.5981,-106.3386
1085.59726,-106.54305
1087.93202,-106.33332
1090.84253,-105.92387
1093.84513,-105.62388
1096.73455,-105.4365
1099.63064,-104.63777
1102.26714,-104.30007
1105.10112,-104.37785
1107.94342,-104.27965
1110.98042,-103.95883
1114.66254,-103.66407
1118.50109,-103.6382
1122.69296,-102.46584
1127.15884,-102.33682
1131.31686,-102.50588
1135.75,-101.52557
1140.34179,-102.9131
1145.26252,-101.12832
1150.566,-100.84074
1156.0925,-100.14154
1161.23181,-98.5839
1165.9379,-98.07929
1170.51751,-98.62813
1175.10489,-98.52453
1179.58854,-97.65215
1183.66392,-97.51295
1187.69492,-91.91195
1191.8008,-95.83037
1195.65705,-95.63463
1199.51275,-93.80316
1203.56035,-94.02296
1207.54085,-93.83764
1211.69109,-92.56282
1215.8208,-92.42081
1219.95773,-90.9539
1224.20504,-89.48331
1228.29981,-91.61753
1232.43897,-87.23756
1236.68685,-87.077
1241.07896,-86.61688
1245.30299,-85.96383
1249.61411,-85.15744
1254.09775,-84.30458
1258.77166,-83.39039
1263.7207,-82.8521
1268.86944,-81.44385
1274.10581,-80.13068
1279.35717,-79.59744
1284.67288,-78.96932
1289.61582,-77.65291
1294.78008,-77.08997
1300.4863,-77.23222
1306.38944,-76.91596
1312.0973,-74.00961
1317.62712,-74.25995
1322.80358,-74.45364
1328.43768,-73.49198
1334.08953,-73.23901
1339.95327,-72.61749
1345.34941,-71.81646
1349.86024,-70.8616
1354.20856,-70.27135
1358.01826,-68.00736
1361.89453,-67.19227
1365.49012,-66.45654
1368.8677,-65.8637
1372.26358,-65.35057
1375.65113,-64.96694
1379.47079,-64.64715
1383.35925,-66.31495
1387.03248,-66.0185
1390.94478,-66.10308
1394.9425,-65.81152
1399.32741,-65.49875
1403.72729,-64.82192
1408.009,-64.29626
1412.32343,-63.91715
1416.5735,-63.33249
1420.92342,-63.36047
1425.08749,-61.82282
1429.0075,-60.57526
1432.78551,-60.24361
1436.56129,-58.80825
1440.51512,-57.93418
1444.56325,-56.97953
1448.76613,-56.08149
1452.73105,-55.50462
1456.72814,-54.31705
1460.67364,-53.92652
1464.98079,-51.74618
1469.62743,-50.65665
1474.18808,-50.53725
1478.26336,-48.95871
1482.41741,-48.81738
1486.61638,-47.94717
1490.65172,-46.9925
1494.71869,-46.89892
1498.91492,-46.21708
1503.03463,-45.89573
1507.08389,-44.78352
1511.29516,-44.4866
1515.86755,-43.85843
1520.54199,-41.74886
1525.16152,-41.25764
1529.65734,-42.21737
1534.37225,-46.42205
1539.06438,-46.89639
1543.64114,-47.66264
1548.062,-47.7605
1552.29373,-48.02521
1556.53488,-48.59197
1560.73722,-48.59483
1565.06269,-50.7832
1569.45751,-54.83232
1573.83735,-54.77468
1578.30927,-53.0014
1582.77287,-53.00921
1587.27198,-53.83214
1591.68898,-54.91629
1596.09266,-55.47022
1600.1674,-54.77425
1604.29263,-54.65923
1608.23092,-55.23644
1612.13538,-54.69277
1616.00767,-54.66987
1619.83836,-54.17462
1623.45161,-53.54666
1626.96834,-52.90508
1630.54777,-52.85952
1634.20041,-52.57458
1637.87135,-51.7764
1641.57947,-52.17133
1645.14891,-51.74655
1648.61129,-51.65224
1652.2018,-51.60471
1655.96095,-51.33853
1659.63411,-51.3514
1663.3472,-50.8348
1666.87946,-51.07169
1670.50601,-50.56777
1673.74484,-50.76918
1677.2122,-50.21534
1680.76778,-50.12068
1684.33443,-50.38855
1687.83118,-49.9929
1691.0894,-49.87658
1694.58337,-49.90421
1698.0729,-49.64694
1701.63844,-49.14176
1705.08748,-47.51663
1708.49659,-48.37476
1711.90015,-47.495
1715.23882,-47.17968
1718.5725,-47.05275
1721.95277,-47.05275
1725.37407,-46.85997
1728.69442,-46.81367
1732.11185,-46.82268
1735.55646,-46.82268
1738.95171,-46.76009
1742.36803,-46.31854
1745.9319,-45.76687
1749.48523,-45.68033
1753.13785,-44.92632
1756.85203,-45.49814
1760.63443,-44.91762
1764.3231,-44.767
1768.00177,-44.58022
1771.86018,-44.22007
1775.90719,-42.22141
1780.10453,-43.19955
1784.24527,-42.39999
1788.72327,-42.54101
1793.46863,-42.35251
1798.23172,-42.23422
1803.1002,-41.99052
1807.75734,-41.75316
1812.3529,-41.69086
1816.68609,-41.15731
1820.66427,-40.86217
1824.54983,-40.56754
1828.30115,-40.56872
1832.17617,-40.33748
1835.94025,-40.09895
1839.98056,-39.73587
1843.99702,-38.02866
1848.29858,-38.68232
1852.79762,-38.60721
1857.51023,-38.13443
1862.41977,-38.0658
1867.40751,-37.82962
1872.43632,-37.77067
1877.55777,-37.30707
1882.96824,-37.17478
1888.25889,-37.18091
1893.63828,-36.94471
1898.98216,-36.65583
1904.46916,-36.58266
1909.98279,-36.35871
1915.67281,-36.4991
1921.26798,-36.1214
1926.90475,-36.26699
1932.56537,-36.10292
1938.26761,-36.42885
1944.27049,-36.48041
1950.27115,-36.9922
1956.47483,-37.06089
1962.48882,-36.88911
1968.57326,-37.04756
1974.76586,-36.89506
1981.21196,-37.33316
1988.03915,-37.33331
1994.81752,-38.02093
2001.53542,-38.63597
2008.27496,-38.77842
2015.34066,-38.55833
2022.29319,-38.02345
2029.17583,-38.19505
2035.80718,-37.74739
2042.27988,-37.51161
2048.65329,-37.44948
2055.04667,-36.70414
2061.5532,-36.5645
2067.79625,-35.88006
2074.09255,-34.28396
2080.3417,-32.76733
2086.62857,-33.67518
2092.71964,-32.55824
2099.03981,-31.66437
2105.19909,-31.47676
2111.23358,-29.98888
2117.20428,-28.65803
2123.30866,-27.96074
2129.38254,-27.42913
2135.51467,-25.96678
2141.71226,-25.24619
2147.97364,-23.46732
2154.33375,-23.06077
2160.68999,-21.90459
2167.25091,-20.81532
2173.82513,-19.01248
2180.24071,-18.138
2186.74504,-17.16216
2193.25548,-16.44124
2199.7121,-14.49309
2206.60971,-13.61282
2213.52063,-12.50916
2220.57467,-11.6933
2228.07249,-10.89302
2235.88319,-9.36573
2243.83423,-8.39654
2251.88345,-7.3737
2260.0242,-6.62701
2267.98634,-4.95331
2275.96456,-4.07673
2283.96774,-3.46541
2291.9992,-2.63788
2299.98629,-2.0135
2307.84911,-0.51839
2315.74189,0.11297
2323.49376,0.98569
2331.25783,1.59571
2339.19219,2.25388
2347.10826,2.86182
2355.02267,3.79732
2363.13622,4.37077
2371.57926,5.34088
2380.13768,6.26044
2388.46643,6.77972
2396.54889,7.44968
2404.49321,8.26904
2412.42201,8.51236
2420.26537,8.78655
2428.09042,9.18312
2435.92048,9.48307
2443.54863,10.40803
2450.98987,10.19459
2458.3368,10.24464
2465.27713,9.75167
2472.20691,9.52741
2479.074,9.3403
2485.67039,7.71558
2491.96112,7.3519
2498.11706,6.81305
2503.989,5.88047
2509.71338,5.38393
2515.21421,5.16676
2520.71115,4.906
2525.974,4.99295
2531.52307,4.87357
2537.03721,5.39443
2542.83426,5.56
2548.73726,5.95539
2554.53763,6.7338
2560.53269,7.22434
2566.24152,8.33939
2572.20663,8.88102
2578.37642,9.4122
2584.66548,10.17172
2590.90016,11.15145
2597.09712,11.6587
2603.15375,12.31948
2608.92474,13.47244
2614.53599,14.24171
2620.14004,15.42602
2625.6914,15.56271
2631.53951,16.11981
2637.21955,16.45411
2642.92565,16.9286
2648.42429,17.65322
2654.0189,17.96417
2659.85814,18.04029
2665.72289,18.3687
2671.46782,18.65868
2677.28543,19.16348
2683.03259,19.63466
2688.84188,19.99075
2694.76489,20.13923
2700.74505,20.26927
2706.71188,20.53097
2712.63101,20.50379
2718.46028,20.33977
2724.1503,20.01739
2729.67114,19.37045
2734.98562,18.74158
2740.05714,17.98509
2745.19964,16.7319
2750.12916,16.19468
2755.02093,15.16586
2759.8051,14.90634
2764.617,14.84695
2769.38675,14.36395
2773.89577,14.30766
2778.49357,14.30887
2783.01924,14.51537
2787.62867,14.54871
2792.20092,14.77924
2796.86138,15.10601
2801.50298,15.40828
2806.16454,15.90526
2810.98253,16.22263
2815.54036,16.71267
2820.29566,17.67892
2825.0726,18.06121
2829.72861,18.7409
2834.43176,19.1754
2839.12384,20.06821
2843.7377,20.46983
2848.32991,21.09486
2853.14012,21.5367
2857.98751,22.19639
2862.70012,22.72854
2867.37223,23.08873
2872.17138,23.36593
2877.06539,23.68017
2882.02041,24.20336
2886.88391,24.42439
2891.86889,24.702
2896.90102,24.80074
2901.99195,24.86452
2907.25706,25.032
2912.50053,25.02818
2917.72403,24.87937
2922.94421,24.77941
2928.19711,24.72947
2933.55817,24.50974
2938.94753,24.14136
2944.35963,23.82811
2949.86492,23.6061
2955.18272,23.2789
2960.39847,22.79638
2965.69186,22.72865
2970.98415,22.59952
2976.13665,22.54187
2981.1638,22.45956
2986.26805,22.3526
2991.26358,22.38685
2996.01449,22.12325
3000.5879,21.98044
3005.20179,21.92387
3009.82178,21.67035
3014.26482,21.44136
3018.7689,21.28378
3022.94462,21.17153
3027.00222,21.10242
3031.09256,20.43057
3035.01096,20.55788
3038.83953,20.48631
3042.55828,20.56989
3046.28647,20.5734
3049.85604,20.3921
3053.39623,20.28858
3056.96361,20.25527
3060.43391,20.25123
3063.86261,20.10181
3067.04948,19.61637
3070.37615,19.64183
3073.69395,19.39996
3077.06721,19.41191
3080.44548,19.69898
3083.75774,20.24779
3087.01897,20.68609
3090.23862,20.88017
3093.46381,21.27973
3096.5753,21.70325
3099.7184,21.83621
3102.83154,21.99363
3106.03178,21.98912
3109.06673,21.7459
3112.19264,21.45245
3115.27251,21.15155
3118.31578,20.93795
3121.40453,19.95367
3124.50549,19.70385
3127.51049,19.01689
3130.46334,19.18303
3133.42563,19.3362
3136.29805,19.40546
3139.01404,19.4017
3141.88869,19.5023
3144.76055,19.98473
3147.66737,20.30779
3150.64241,20.41295
3153.51151,20.3168
3156.33956,20.57955
3159.19866,20.64283
3162.0389,20.70373
3164.8625,20.62319
3167.68665,20.37575
3170.59012,20.15917
3173.46362,19.83585
3176.31828,19.2607
3179.0753,19.0006
3182.07529,19.10143
3185.03756,19.24796
3187.84339,19.2563
3190.66421,18.5885
3193.45451,18.08898
3196.19822,18.25645
3198.98186,18.75112
3201.63625,19.45643
3204.24626,19.22654
3206.90065,19.16801
3209.56447,18.99684
3212.33368,18.50603
3214.99473,17.76176
3217.80665,17.87353
3220.72507,17.83337
3223.53145,17.64251
3226.27293,17.29218
3229.10039,16.99884
3231.97943,16.61179
3234.86513,16.86389
3237.66651,17.16911
3240.51837,17.49173
3243.2654,17.43294
3245.97248,17.45443
3248.60579,17.45089
3251.309,17.43897
3254.07542,17.65181
3256.70872,17.68531
3259.44465,17.97309
3262.22106,17.9023
3265.01744,18.23834
3267.81326,18.50329
3270.63404,18.75554
3273.47701,19.17951
3276.35104,19.88791
3279.04757,20.12079
3282.09911,20.72247
3284.7618,20.98449
3287.55206,21.27482
3290.18258,22.12221
3292.78703,22.10242
3295.19234,22.29783
3297.70081,22.50825
3300.05341,22.67966
3302.34389,23.17235
3304.77971,23.36635
3307.26323,23.75656
3309.8272,24.6678
3312.54924,24.02571
3315.32232,24.71779
3318.06155,26.09341
3320.69483,25.26068
3323.32312,29.39209
3325.9292,26.63694
3328.55526,26.71538
3331.11695,26.97781
3333.59602,27.04659
3336.14933,26.97433
3338.46748,27.18566
3340.67357,26.93499
3342.70885,27.86039
3344.68645,27.47614
3346.74114,27.17018
3348.84521,27.06293
3350.92266,27.06904
3352.73716,26.80597
3354.66816,26.6939
3356.35954,26.62705
3357.99211,26.54887
3359.55647,26.54766
3361.35491,26.48373
3362.76562,26.34437
3364.18685,26.38752
3365.35014,26.52677
3366.51177,26.54303
3367.51642,26.47789
3368.52994,26.5256
3369.55956,26.61019
3370.47434,26.61019
3371.36917,26.41265
3372.29839,26.24514
3374.13792,26.5256
3375.07768,26.74792
3376.09399,26.42926
3376.85623,26.14637
3377.71333,26.02728
3378.62424,26.24197
3379.37317,26.31608
3380.10214,26.17122
3381.13624,26.02811
3381.77536,26.23395
3382.48273,26.31385
3383.28495,26.25939
3384.30686,26.4524
3385.07304,26.46025
3386.01783,26.40638
3386.99482,26.27686
3388.09607,26.17799
3389.36651,26.10224
3390.64138,26.17649
3391.76316,26.03596
3393.0103,25.96392
3394.14484,25.97143
3395.43638,26.02459
3396.75121,26.02542
3398.08822,25.88762
3399.57333,25.61139
3401.11669,24.89561
3402.74715,25.22305
3404.26058,25.30565
3405.90051,25.6823
3407.24973,25.67605
3408.62781,25.46744
3409.98813,25.32357
3411.48322,25.303
3413.04489,25.52155
3414.58101,25.60078
3416.12934,25.60181
3417.80301,25.66726
3419.4767,25.63008
3421.05551,25.40528
3422.51562,25.59674
3424.06613,25.54301
3425.66546,25.75289
3427.48112,25.74902
3429.17251,25.89555
3430.87444,26.26648
3432.89866,26.05677
3434.83301,26.38588
3436.84283,29.21714
3438.85873,32.53275
3440.93008,26.59673
3443.10017,27.04881
3445.13495,30.8781
3447.37218,31.61665
3449.50679,31.73039
3451.70519,28.21345
3453.86918,33.15001
3456.11637,36.55688
3458.388,33.3372
3460.7256,41.84226
3463.12478,44.43332
3466.03044,42.92062
3468.32312,43.18353
3470.64908,41.57724
3473.28677,42.22948
3475.68595,42.0626
3478.40242,56.87
3481.29083,38.02634
3484.14704,34.14528
3486.747,34.16847
3489.60101,33.87538
3492.56373,39.70236
3495.09599,33.90401
3497.95941,33.86883
3501.14456,33.87002
3504.00579,33.87031
3507.20094,34.07288
3509.4476,34.10538
3512.27333,34.02015
3514.87707,33.94011
3517.5585,33.90788
3519.94926,34.31992
3522.49031,34.48724
3524.65305,34.73135
3527.05104,35.04896
3529.5916,35.30258
3531.74552,36.07867
3533.95993,36.72693
3535.67116,37.53145
3537.00629,41.55778
3537.60642,38.18682
3538.27534,38.32924
3539.0785,38.83332
3539.96485,40.71334
3540.2737,46.44542
3540.57779,46.50282
3540.89066,46.50282
3541.17716,46.50282
3541.48125,46.50282
3541.75897,46.44542
3542.04547,46.44542
3542.32243,46.44542
3542.5994,46.44542
3542.92181,46.44542
3543.29695,46.44542
3543.72808,46.44542
3544.2167,46.44542
3544.72366,46.44542
3545.26251,46.44542
3545.80386,46.44542
3546.4218,46.44542
3547.03974,46.38782
3547.65843,46.38782
3548.2794,46.38782
3549.05256,46.33084
3549.68481,46.33084
3550.39767,46.33084
3551.12008,46.33084
3551.86233,46.33084
3552.57595,46.33084
3553.49122,46.33084
3554.28946,46.33084
3555.09898,46.33084
3555.09898,46.33084
3556.78485,46.33084
3557.61497,46.33084
3558.52018,46.33084
3559.26167,46.33084
3560.11491,46.33084
3561.04571,46.33084
3561.99486,46.33084
3562.93945,46.33084
3563.92625,46.33084
3564.90827,46.33084
3564.90827,46.51664
3566.95943,46.38782
3567.99819,46.38782
3569.00407,46.38782
3570.12594,46.44542
3571.26841,46.38782
3572.46134,46.44542
3573.61184,46.44542
3574.85097,46.38782
3576.13253,46.44542
3576.13253,46.44542
3578.74648,46.38782
3579.98538,46.44711
3581.27876,46.33084
3582.40418,46.33167
3583.4515,46.33084
3584.79109,46.27364
3586.15704,46.27281
3587.56215,46.27281
3588.96151,46.21541
3590.30913,46.3895
3591.76546,46.27364
3593.21375,46.27364
3593.21375,46.3895
3595.92952,46.27281
3595.92952,46.21541
3598.49787,46.33084
3599.68224,46.44542
3601.05569,46.50537
3602.41733,46.38866
3603.7079,46.44627
3605.13484,46.44542
3606.68405,46.50367
3608.2659,46.50367
3608.2659,46.50282
3611.45143,46.56086
3611.45143,46.56086
3614.7337,46.61782
3616.18601,46.50282
3617.57681,46.50367
3617.57681,46.50367
3620.67756,46.44542
3622.11003,46.7337
3623.3831,46.47542
3624.93185,46.50367
3626.59135,46.50282
3626.59135,46.50282
3629.6187,46.50282
3631.2026,46.38866
3632.73279,46.44542
3634.29562,46.50282
3634.29562,46.50282
3637.27137,46.50282
3638.93315,46.61782
3640.4056,46.50282
3642.13722,46.56086
3642.13722,46.50367
3645.28652,46.61782
3647.27374,46.61782
3648.79945,46.67543
3650.33895,46.72056
3651.93898,46.73543
3653.59802,46.73543
3655.11896,46.65541
3656.79808,46.78542
3658.40538,46.59848
3660.03329,46.67543
3661.70839,46.59
3663.29713,46.56171
3664.88761,46.56086
3666.39901,46.61868
3668.03471,46.44711
3669.63224,46.44542
3671.1356,46.38866
3672.597,46.33084
3674.45013,46.27531
3676.10039,46.21541
3677.79283,46.21624
3677.79283,46.02878
3680.97077,45.97361
3680.97077,45.97361
3684.00031,45.97361
3685.47701,45.98298
3687.05545,47.16132
3688.79782,45.8428
3690.18339,45.91621
3691.82031,45.97442
3693.40148,45.8594
3695.03462,45.9154
3696.61253,45.7428
3698.50732,45.7428
3700.06114,45.8008
3701.67845,45.9154
3703.32113,45.97361
3704.89677,45.9154
3706.52112,45.8578
3708.14873,45.8578
3709.84262,45.8578
3711.37606,45.74359
3712.91451,45.68539
3714.39924,45.74359
3716.03314,45.8008
3717.67029,45.80159
3719.2954,45.73786
3720.85672,45.80159
3722.53379,46.10389
3724.10943,45.8586
3725.80938,45.8586
3727.53494,45.91621
3728.98505,45.8586
3730.65962,45.8008
3732.48435,45.91621
3733.96233,46.09714
3735.48577,45.9728
3737.04262,46.09714
3738.75113,46.15472
3740.24745,46.15781
3741.963,46.3895
3743.55879,46.21541
3745.09556,46.27364
3746.74157,46.21541
3748.25296,46.21541
3749.97958,46.21541
3751.62733,46.27364
3753.22561,46.21541
3754.70034,46.50452
3756.55726,46.33084
3756.55726,46.44711
3759.8445,46.38782
3761.3534,46.39034
3763.03229,46.33084
3764.74557,46.33084
3766.39256,46.38782
3768.00691,46.50622
3769.90701,46.44627
3771.23636,46.21541
3772.75806,46.15781
3774.40505,46.15781
3774.40505,46.15781
3777.38762,46.15781
3779.00848,46.1
3780.59396,46.03081
3782.40792,45.9728
3784.12447,45.9154
3785.85252,45.9728
3787.31695,45.9728
3788.96342,45.9154
3790.78943,45.8
3792.38165,45.8008
3792.38165,45.9154
3795.598,45.8008
3797.26606,45.8578
3798.9379,45.8008
3800.54521,45.8008
3800.54521,45.7428
3800.54521,45.74359
3805.62771,45.8008
3807.2232,45.74359
3808.86717,45.68539
3810.59022,45.74359
3812.23366,45.7428
3813.98005,45.68539
3815.58683,45.68539
3817.27118,45.68539
3818.85636,45.68539
3820.40314,45.74359
3822.05036,45.62779
3823.59736,45.62618
3825.15846,45.6828
3826.98924,45.57078
3828.5398,45.69122
3830.11975,45.50537
3831.72129,45.62539
3831.72129,45.63629
3831.72129,45.63629
3836.81796,45.56779
3836.81796,45.52004
3840.07347,45.45279
3841.68456,45.45386
3843.14974,45.52004
3844.57599,45.51352
3846.24556,45.32873
3847.86165,45.32873
3849.4082,45.38636
3851.11444,45.33357
3852.65568,45.33357
3854.27549,45.38713
3855.88628,45.33281
3857.42298,45.21697
3857.42298,45.2709
3860.68372,45.27498
3862.36156,45.20783
3863.96909,45.20859
3865.59442,45.08197
3867.06333,45.09537
3868.7979,45.08952
3870.43104,44.95834
3872.22887,44.78535
3873.7736,44.84375
3875.3703,44.72833
3876.98132,44.78535
3878.71211,44.66277
3880.30707,44.69072
3881.7918,44.74777
3883.31896,44.66349
3884.97293,44.69072
3886.51667,44.74777
3887.97656,44.66277
3889.65439,44.7485
3891.14314,44.73738
3892.67082,44.85047
3892.67082,44.79365
3895.7621,44.91535
3897.27948,44.91535
3899.10398,44.85047
3900.62689,44.91535
3902.17366,44.91535
3902.17366,44.91535
3905.40509,44.91535
3906.98678,44.91535
3908.76635,45.03115
3910.41888,45.03115
3912.10004,45.03115
3913.79953,45.08952
3915.31872,45.14696
3916.89693,45.21076
3918.24841,45.32873
3919.71889,45.32873
3921.12385,45.38713
3922.63978,45.33779
3924.27345,45.45279
3925.72181,45.2709
3927.38691,45.38713
3928.92118,45.45279
3930.46424,45.70012
3932.12532,45.32673
3933.66664,45.51
3935.20068,45.32873
3937.0104,45.75009
3938.61875,45.39119
3940.05659,45.45356
3941.63078,45.56857
3943.14975,45.62539
3944.73977,45.62539
3945.95716,45.7484
3947.48014,45.50702
3949.06464,45.56891
3950.76186,45.69369
3952.28158,45.33576
3953.68874,45.46284
3955.10097,45.63462
3955.10097,45.56779
3957.4159,45.32949
3957.4159,45.45386
3960.17097,45.26255
3961.67986,45.5026
3963.20179,45.51078
3964.39728,45.5026
3965.85368,45.3874
3967.34924,45.44458
3968.71246,45.51187
3970.1681,45.38636
3971.72215,45.56857
3973.23022,45.75088
3974.47465,45.80239
3976.17181,45.75698
3977.70351,45.57234
3979.27233,45.94043
3980.64259,45.74359
3980.64259,45.8586
3983.42873,45.68288
3984.8665,45.7428
3986.32813,45.63015
3986.32813,45.81626
3989.23706,45.57234
3990.78058,45.7029
3992.49735,45.55755
3992.49735,45.51155
3995.32243,45.63629
3996.70769,45.57782
3997.96888,45.44535
3999.35188,45.57782
4000.83934,47.37458
4000.83934,56.87
4000.83934,45.55849
4005.78845,45.81376
4007.21795,45.68539
4008.76473,45.80159
4010.41597,45.8008
4011.9429,45.91621
4013.42187,46.03081
4014.85842,46.09714
4016.37785,45.97361
4016.37785,46.08862
4016.37785,46.14541
4016.37785,46.15863
4016.37785,46.21624
4024.3377,46.15863
4025.82546,46.02878
4027.18716,46.09795
4028.71636,46.2121
4030.36533,46.21707
4031.90733,46.04362
4033.52744,46.15472
4035.07997,46.15945
4036.55365,46.15945
4038.23951,46.21872
4038.23951,46.10082
4041.18534,46.08862
4042.64272,46.09714
4044.0195,46.15472
4045.50401,46.03712
4047.09373,46.04097
4048.65157,45.97361
4050.16546,45.8594
4051.83981,45.97361
4053.36499,45.97442
4054.87662,45.8586
4056.40907,45.8602
4057.81547,45.91701
4059.31854,45.97361
4060.89569,45.97361
4062.23202,45.9154
4063.79486,45.97361
4065.42473,45.9154
4066.93234,45.9728
4068.52707,45.9154
4070.01332,45.9154
4071.54123,45.9154
4073.14649,45.9154
4074.71206,45.9154
4076.30929,45.9728
4077.74106,46.08781
4079.27556,45.97361
4080.65188,45.9154
4082.11684,46.03081
4083.56043,45.9154
4084.72206,45.9728
4086.37284,45.8578
4087.72379,45.8578
4089.02125,45.8586
4090.68256,45.91621
4092.03252,45.9154
4093.51884,45.8008
4094.91978,45.8008
4094.91978,45.8586
4097.99135,45.9154
4099.24464,45.9154
4100.57626,45.8008
4101.65077,45.9154
4103.08133,45.9728
4104.44508,45.9728
4105.78549,45.9154
4107.1731,46.03081
4108.41534,45.9728
4110.06635,45.9728
4111.22874,46.03081
4112.61634,46.08781
4113.81411,46.14541
4115.1515,46.10082
4116.55517,46.20281
4117.84331,46.27281
4119.09555,46.21541
4120.33498,46.27281
4121.62563,46.27281
4123.0918,46.27281
4124.45502,46.33
4125.79036,46.33084
4127.06919,46.27281
4128.48514,46.33
4128.48514,46.33
4131.28006,46.27281
4132.76055,46.27364
4132.76055,46.21541
4135.37775,46.21541
4136.69203,46.15781
4138.0982,46.21541
4139.62891,46.15781
4141.02001,46.27281
4142.44724,46.15781
4143.73615,46.15781
4145.08982,46.21541
4146.47789,46.33251
4147.78861,46.27281
4149.06668,46.27281
4150.44596,46.33084
4151.93797,46.21541
4153.43929,46.21541
4153.43929,46.39983
4155.68424,46.33251
4156.99526,46.33
4158.42401,46.33084
4159.61322,46.33084
4159.61322,46.38782
4162.34519,46.3895
4163.92484,46.38866
4163.92484,46.44542
4166.69946,46.44542
4168.12443,46.50367
4169.56848,46.44542
4170.92692,46.50537
4172.25779,46.44711
4173.82191,46.50452
4175.32376,46.44711
4176.68675,46.3895
4178.13936,46.38866
4179.54652,46.50367
4180.76361,46.33084
4182.20091,46.3895
4183.69496,46.33084
4184.9422,46.21707
4186.55707,46.51467
4188.01195,46.33251
4189.43168,46.27448
4190.74294,46.21707
4192.25456,46.27364
4193.56429,46.39118
4195.0797,46.27364
4196.53307,46.21707
4196.53307,46.10082
4199.74336,46.2121
4200.83666,46.21624
4202.45904,46.15945
4203.89612,46.03712
4205.32214,45.91701
4206.80338,46.08862
4208.25273,45.97361
4209.86306,45.98378
4211.5462,45.97361
4212.97722,46.03
4214.30756,45.8586
4215.97486,45.8586
4217.55928,45.98378
4219.09401,45.74359
4220.61064,45.8008
4221.94878,45.74597
4223.5001,45.80159
4225.00771,45.68697
4226.58789,45.74597
4228.07088,45.74517
4229.58099,45.68697
4231.11799,45.91471
4232.5781,45.67963
4234.04026,45.68697
4235.54559,45.68288
4236.98116,45.56583
4238.38703,45.75088
4239.94358,45.68697
4241.4346,45.74359
4241.4346,45.56583
4241.4346,45.63462
4245.81751,45.63462
4247.40648,45.63462
4248.80485,45.69369
4250.27882,45.68697
4251.91976,45.74597
4253.37335,45.68697
4255.04641,45.68697
4256.78477,45.62936
4258.38457,45.57704
4258.38457,45.63462
4261.79576,45.57782
4261.79576,45.51187
4261.79576,45.82656
4267.00713,45.57156
4268.56875,45.7029
4270.23862,45.63015
4271.73297,45.51155
4273.31345,45.57782
4274.80355,45.75336
4276.42668,45.63015
4276.42668,45.51187
4279.37993,45.63462
4280.9373,45.69122
4282.47006,45.62366
4284.02918,45.81546
4285.71587,45.45616
4287.30536,45.51078
4287.30536,45.62696
4290.90995,45.44535
4292.38946,45.44535
4293.71805,45.39615
4295.25581,45.39198
4296.85084,45.20783
4298.482,45.20375
4300.15437,45.20783
4301.61228,45.20783
4303.22512,45.20859
4304.7506,45.33596
4304.7506,45.33596
4307.9521,45.2201
4309.57372,45.27574
4311.19231,45.27812
4312.85711,45.21095
4312.85711,45.21095
4315.94612,45.33749
4315.94612,45.33357
4315.94612,45.37886
4320.80613,45.4379
4322.44033,45.40051
4324.14732,45.51352
4325.93515,45.45356
4325.93515,45.51838
4329.60346,45.27498
4329.60346,45.27597
4332.58497,45.20783
4334.02652,45.2201
4335.61345,45.33281
4337.41052,45.16114
4339.01199,45.2158
4340.53211,44.96993
4342.07108,44.96066
4343.54999,44.89769
4345.15797,44.90187
4346.71975,46.83379
4348.32047,44.91703
4349.90187,44.79594
4349.90187,44.78108
4352.99028,44.79594
4354.4494,44.91692
4356.02504,44.79365
4357.71469,44.8361
4359.36518,44.969
4360.92278,44.85662
4362.51902,44.85203
4362.51902,44.91923
4365.4878,45.20518
4365.4878,44.97476
4368.59317,44.97334
4370.12592,44.969
4371.85981,44.91023
4373.3162,44.67112
4374.9451,44.92834
4376.58505,45.026
4378.06932,44.66277
4379.70776,44.69072
4381.24726,44.69072
4382.84578,44.7485
4384.39505,44.65688
4386.11811,44.69072
4387.61617,44.68086
4389.23075,44.55549
4390.95706,44.55549
4392.52293,44.43084
4394.11993,44.4411
4395.72647,44.4411
4397.33301,44.4411
4399.04251,44.3833
4400.6483,44.4411
4402.25409,44.4428
4403.86866,44.3766
4405.52718,44.3833
4405.52718,44.3833
4409.03177,44.4411
4410.62802,44.3833
4412.24358,44.3766
4413.91815,44.32534
4415.48576,44.32853
4417.17867,44.26045
4418.87006,44.26194
4420.43767,44.2036
4422.09618,44.13829
4423.81773,44.08106
4425.41147,44.07442
4426.96377,43.9594
4428.56554,43.89195
4430.08043,43.88672
4431.54811,43.88105
4433.13458,43.70185
4434.74112,43.70185
4436.21434,43.63834
4437.81285,43.70185
4439.41614,43.64355
4441.1048,43.57985
4442.75354,43.63674
4444.35206,43.57301
4445.95133,43.63674
4447.50916,43.46362
4449.05495,43.57673
4450.64869,43.57825
4452.34614,43.52102
4453.85451,43.52734
4455.30689,43.39775
4456.88131,43.46102
4458.43414,43.39533
4460.06758,43.39533
4461.6164,43.46102
4463.17877,43.32854
4464.82728,43.20357
4466.238,43.26986
4467.72931,43.14684
4469.26609,43.07922
4470.88748,43.07922
4472.51212,42.89938
4474.05617,42.94474
4475.67127,42.82937
4477.18115,42.76429
4478.72292,42.76429
4480.21599,42.58337
4481.74018,42.50679
4483.49589,42.4492
4485.08963,42.4492
4486.77928,42.32069
4488.38454,42.28576
4489.99056,42.22698
4491.59809,42.17073
4493.18729,42.08793
4494.82921,42.02934
4496.43523,41.97181
4498.03572,42.02858
4499.63219,41.97181
4501.24199,42.02858
4502.82566,41.89934
4504.44599,41.70923
4506.06307,41.83357
4507.66734,41.63691
4509.23647,41.5767
4510.82869,41.5693
4512.42971,41.50549
4514.01163,41.32551
4515.58477,41.30935
4517.16344,41.24425
4518.71499,40.99049
4520.2929,40.91538
4521.87808,40.91668
4523.51122,40.8507
4525.12602,40.78421
4526.70643,40.78421
4528.2901,40.58822
4529.87779,40.65526
4531.48706,40.65418
4533.09232,40.58822
4534.65766,40.52099
4536.29079,40.45677
4537.91189,40.39098
4539.49783,40.22526
4541.20581,39.93095
4542.90576,40.28916
4544.55473,39.76525
4546.19317,40.09422
4547.83085,39.73452
4549.463,40.02183
4551.14386,39.89591
4552.77677,39.83099
4554.34263,39.76525
4556.03379,39.76525
4557.63231,39.76525
4559.27552,39.70066
4560.90918,39.60065
4562.54361,39.66525
4564.18606,39.53654
4565.87798,39.40653
4567.44309,39.41671
4569.04887,39.40653
4570.69383,39.27406
4572.35234,39.27534
4574.01964,39.27534
4575.68293,39.14404
4577.3422,39.12928
4578.93844,39.05668
4580.59294,38.99027
4582.29289,38.99027
4583.93936,39.00527
4585.58181,38.85671
4587.22351,38.85671
4588.86195,38.85671
4590.50114,38.85671
4592.08761,38.85671
4593.74589,38.79164
4595.3866,38.72456
4596.9236,38.7066
4598.53318,38.77551
4600.13472,38.72456
4601.733,38.7066
4603.35439,38.71647
4604.89442,38.7066
4606.5118,38.63205
4608.08448,38.50173
4609.69231,38.42119
4611.25923,38.46138
4612.76713,38.42119
4614.37799,38.46138
4615.93612,38.46138
4617.51108,38.46138
4619.00868,38.38071
4620.73454,38.39582
4622.35342,38.39582
4623.96754,38.38071
4625.53621,38.34107
4627.1207,38.34107
4628.7077,38.34107
4630.08,38.32413
4631.58791,38.25871
4633.17968,38.11894
4634.73304,38.08566
4636.38283,38.12549
4637.94248,38.02571
4639.58046,38.02571
4641.01178,38.0531
4642.62013,37.98533
4644.18228,37.98533
4645.7183,38.01276
4647.21916,37.95303
4648.87396,37.92069
4650.43383,37.96093
4650.43383,37.92134
4653.78131,37.92134
4655.34921,37.92134
4656.95326,37.92134
4658.47594,37.92134
4660.02249,37.93649
4661.62577,37.96093
4663.32974,37.96093
4664.91545,37.96093
4666.39594,38.0417
4667.99695,38.0739
4669.63312,38.0739
4671.34762,38.0658
4672.96947,38.14829
4674.61919,38.12549
4676.06953,38.0658
4677.61881,38.10883
4679.15528,38.10883
4680.67819,38.15106
4682.41178,38.03359
4684.12628,38.07667
4685.68335,38.03359
4687.31323,38.03359
4688.7538,38.03447
4690.29201,38.0417
4691.97788,38.07755
4693.68033,38.0739
4695.33081,38.0739
4696.95342,38.08477
4698.61996,38.08477
4700.29605,38.08383
4701.88601,38.10607
4703.46869,38.16884
4705.11592,38.1912
4706.82163,38.14904
4708.42514,38.14904
4710.26092,38.16884
4711.87171,38.14904
4713.48076,38.2333
4715.22314,38.25136
4716.91453,38.23404
4718.56524,38.20855
4720.27171,38.23404
4722.03242,38.30669
4723.56487,38.47655
4725.19627,38.38137
4726.85478,38.38137
4728.53791,38.42052
4730.18915,38.46071
4731.9338,38.42096
4733.56269,38.38071
4735.27219,38.38071
4736.88677,38.38071
4738.52217,38.39582
4740.33235,38.34107
4742.04033,38.30137
4743.62377,38.34107
4745.24161,38.34107
4746.98072,38.34107
4748.68242,38.38137
4750.22442,38.33137
4751.93968,38.30137
4753.74106,38.34173
4755.37973,38.30137
4757.15574,38.40466
4758.79918,38.36434
4760.48906,38.34196
4762.29371,38.34196
4763.88366,38.34196
4765.51377,38.34196
4767.20918,38.30137
4768.90133,38.30137
4770.47295,38.34196
4772.12844,38.30002
4773.83415,38.30002
4775.58857,38.34196
4777.2383,38.34196
4778.85212,38.34196
4780.44684,38.42553
4781.97529,38.42553
4783.64736,38.42553
4785.1183,38.42553
4786.67387,38.42553
4788.31155,38.38528
4789.95726,38.38528
4791.63812,38.38306
4793.23762,38.34653
4794.87454,38.34653
4796.40298,38.3046
4798.05748,38.31445
4799.71675,38.22414
4801.41118,38.07667
4801.41118,38.07667
4804.46957,38.04447
4805.96036,37.96868
4807.54456,38.00434
4809.24678,37.96116
4810.75591,37.87899
4812.30897,37.88899
4813.89294,37.84842
4815.54395,37.80867
4817.06716,37.77579
4818.70787,37.77579
4820.21926,37.77579
4821.84065,37.73369
4823.44295,37.69152
4825.06911,37.88901
4825.06911,37.69152
4828.48765,37.76616
4830.00783,37.69152
4831.62142,37.76684
4833.24152,37.69152
4834.93973,37.76684
4836.63066,37.69152
4838.3216,37.8495
4840.07178,37.69152
4841.73961,37.76961
4843.38433,37.69152
4844.99868,37.88901
4846.71923,37.69152
4848.35365,37.88901
4850.03277,37.7319
4851.60818,37.69152
4853.25768,37.8495
4854.67112,37.69152
4856.33191,37.8495
4858.05974,37.72449
4859.73961,37.69152
4861.35169,37.88901
4863.12345,37.69152
4864.80409,37.76961
4866.46714,37.69152
4868.10959,37.8495
4869.61872,37.69152
4871.2514,37.76616
4872.90741,37.69152
4874.52501,37.72647
4876.12504,37.60831
4877.76424,37.76616
4879.33639,37.60831
4880.97232,37.80579
4882.49099,37.65108
4884.05988,37.72579
4885.58658,37.65108
4887.21623,37.72579
4888.64149,37.65108
4890.22546,37.76684
4891.74239,37.57188
4893.3693,37.76684
4894.98441,37.57188
4896.56436,37.76684
4898.13227,37.69243
4899.73207,37.76684
4901.43004,37.69243
4903.03234,37.80648
4904.59222,37.69152
4906.2327,37.80648
4907.94901,37.65108
4909.55684,37.76616
4911.09361,37.61151
4912.66228,37.72579
4914.3851,37.65108
4915.96028,37.68604
4917.49077,37.72647
4919.13549,37.61151
4920.73703,37.68448
4922.34259,37.72647
4923.80126,37.65108
4925.41886,37.72647
4927.05707,37.69152
4928.60839,37.72647
4930.27773,37.652
4931.82504,37.76616
4933.30128,37.652
4934.92214,37.8495
4936.66202,37.73369
4938.24371,37.73369
4939.89821,37.85424
4941.59263,37.85579
4943.13789,37.81605
4944.90186,37.81605
4946.535,37.85579
4948.20003,37.85579
4949.81332,37.88858
4951.4688,37.84889
4953.01982,37.77401
4954.71046,37.77401
4956.30443,37.73461
4958.01415,37.69152
4959.64782,37.80648
4961.29353,37.652
4962.94326,37.80648
4964.62889,37.69423
4966.2874,37.76616
4968.02099,37.69152
4969.68428,37.76616
4971.40431,37.61151
4973.04047,37.76616
4974.79716,37.65108
4976.46121,37.72647
4977.97207,37.65108
4979.65218,37.72647
4981.19494,37.65108
4982.83588,37.76684
4984.49189,37.61151
4986.1926,37.72647
4987.75619,37.65108
4989.44485,37.76684
4991.16162,37.65108
4992.83521,37.76684
4994.38903,37.69152
4996.0483,37.76684
4997.83787,37.69152
4999.56267,37.8495
5001.20838,37.69152
5002.8669,37.84605
5004.44079,37.69152
5006.13923,37.84605
5006.13923,37.73369
5009.59512,37.77401
5011.40378,37.77401
5013.10146,37.77401
5013.10146,37.77401
5016.51962,37.89686
5018.17988,37.88858
5019.83537,37.88858
5021.53805,37.92134
5023.25028,37.96181
5024.98432,37.96181
5026.68723,37.96181
5028.3025,38.03447
5030.06291,38.11692
5031.67817,38.11692
5033.37078,38.12684
5035.17187,38.15988
5036.87001,38.23404
5038.54656,38.23404
5040.03303,38.26694
5041.76685,38.30892
5043.40574,38.46138
5045.17797,38.46138
5047.02853,38.46138
5048.71288,38.46138
5050.42435,38.46138
5052.3121,38.54138
5054.04516,38.46071
5055.66701,38.50108
5057.31522,38.50108
5058.99078,38.54138
5060.6171,38.50174
5062.33335,38.54138
5062.33335,38.61217
5065.65606,38.68633
5067.35147,38.77171
5069.02529,38.71629
5070.70539,38.77171
5072.38701,38.78339
5074.04378,38.85671
5075.66767,38.85671
5077.29232,38.78979
5078.73819,38.85671
5080.33723,38.78979
5081.9418,38.78979
5083.49539,38.85671
5085.11526,38.78979
5086.73037,38.85671
5088.35903,38.85671
5089.97489,38.78979
5091.61234,38.78979
5093.23699,38.85671
5094.84482,38.78979
5096.46621,38.78979
5098.09714,38.78979
5099.72808,38.78979
5101.355,38.71629
5102.95957,38.91125
5104.60884,38.71629
5106.22295,38.91125
5107.89859,38.92985
5109.54634,38.99641
5111.23401,38.99641
5112.88503,38.99641
5114.53679,39.06487
5116.20538,39.06487
5117.89079,39.12928
5119.54028,39.12928
5121.18902,39.12539
5122.83526,39.12539
5124.48953,39.26148
5126.15259,39.34129
5127.8867,39.21032
5129.54976,39.26148
5131.27031,39.34129
5132.92708,39.34129
5134.5256,39.34129
5136.16555,39.27588
5137.8158,39.27588
5139.45174,39.40589
5141.03344,39.40589
5142.67263,39.40589
5144.34773,39.40589
5146.00526,39.40589
5147.64446,39.40589
5149.27964,39.53719
5150.92686,39.55745
5152.56128,39.6013
5154.20449,39.6013
5155.82687,39.6013
5157.52583,39.6013
5159.15776,39.62151
5160.78642,39.6013
5162.45652,39.6013
5164.07715,39.73418
5165.67619,39.70131
5167.28327,39.6659
5168.90943,39.73418
5170.53006,39.76591
5172.14039,39.76591
5173.75474,39.6359
5175.43461,39.73033
5177.07858,39.6359
5178.69944,39.6013
5180.35546,39.73033
5181.97003,39.57033
5183.60695,39.6659
5185.2685,39.68606
5186.92049,39.6659
5188.55492,39.6013
5190.18457,39.6659
5191.80467,39.6659
5193.46068,39.6659
5195.20533,39.73033
5196.8646,39.6359
5198.48797,39.6659
5200.15928,39.6659
5201.79795,39.6659
5203.4454,39.79844
5205.07453,39.83165
5206.71721,39.83165
5208.35989,39.83165
5210.0784,39.89724
5211.72912,39.83033
5213.37907,39.96133
5215.01948,39.89591
5216.67823,39.96133
5218.33144,39.96133
5219.9839,39.96133
5221.60999,40.0298
5223.24563,40.0298
5224.89558,39.96133
5226.55758,39.96133
5228.2108,39.96133
5229.83765,39.89591
5231.46048,39.89591
5233.10241,40.02592
5234.74357,39.89591
5236.38876,39.96067
5238.0603,39.89591
5239.77177,39.89591
5241.46642,39.89591
5243.11964,39.96133
5244.78641,39.83165
5246.44841,39.89591
5248.09284,39.89591
5249.73325,39.89591
5251.4151,39.90046
5253.09293,39.90046
5254.81947,39.90046
5256.48928,39.96455
5258.15181,39.90046
5259.86456,39.83165
5261.44398,39.89591
5263.0553,39.83099
5264.69927,39.89591
5266.33922,39.83033
5267.97038,39.83099
5269.59678,39.70131
5271.23749,39.73033
5272.84554,39.70131
5274.46315,39.79844
5276.05363,39.83165
5277.69358,39.83165
5279.32399,39.89591
5280.9544,39.89591
5282.58481,39.83165
5284.17855,39.83165
5285.82176,39.83033
5287.49936,39.89591
5289.13628,39.89591
5290.78048,39.89724
5292.42543,39.96133
5294.05933,39.89591
5295.73466,39.83033
5297.3678,39.83033
5298.97707,39.89591
5300.65263,39.89591
5302.20767,39.96067
5303.82497,39.96067
5305.42872,39.89591
5307.03322,39.89591
5308.61613,39.89591
5310.18624,39.96133
5311.80582,39.89591
5313.41411,39.89591
5315.0327,39.96455
5316.64402,39.90046
5318.25935,39.83165
5319.88574,39.83165
5321.50812,39.83165
5323.13125,39.83165
5324.75438,39.76591
5326.30646,39.70066
5327.90876,39.6659
5329.52939,39.73033
5331.14525,39.6359
5332.75558,39.73418
5334.36516,39.6359
5335.9795,39.6659
5337.61544,39.60065
5339.2913,39.60065
5340.89458,39.60065
5342.53779,39.47032
5344.16419,39.47032
5345.78656,39.40524
5347.47197,39.47032
5349.10866,39.40524
5350.73732,39.34064
5352.28061,39.34064
5353.90526,39.34
5355.46362,39.34
5357.08903,39.27524
5358.78625,39.27524
5360.40764,39.27588
5362.03456,39.21032
5363.63284,39.26574
5365.23514,39.21032
5366.81434,39.33776
5368.50451,39.21032
5370.05985,39.19352
5371.7126,39.26574
5373.40528,39.21032
5375.0972,39.19352
5376.75799,39.26574
5378.40998,39.1434
5380.07478,39.26574
5381.68057,39.21032
5383.32302,39.12539
5384.95343,39.19352
5386.58634,39.26148
5388.23054,39.27588
5389.93299,39.27588
5391.56438,39.34129
5393.17017,39.27588
5394.81437,39.34129
5396.43947,39.34129
5398.07488,39.27588
5399.69976,39.34129
5401.38289,39.34129
5403.02133,39.34193
5404.65499,39.34193
5406.27184,39.27588
5407.89422,39.47162
5409.53091,39.34193
5411.11738,39.34064
5412.81157,39.27588
5414.44599,39.20913
5416.07087,39.26148
5417.72764,39.21032
5419.36131,39.26574
5420.98217,39.34064
5422.61409,39.27588
5424.24851,39.27524
5425.87013,39.34064
5427.49175,39.27524
5429.10208,39.14524
5430.71719,39.1978
5432.32123,39.06098
5433.94035,39.12539
5435.52181,38.98
5437.15351,39.0528
5438.82058,39.06098
5440.53962,39.0528
5442.25942,39.0528
5443.9255,38.91524
5445.56045,39.01063
5447.21548,38.85031
5448.79392,38.91524
5450.46326,38.85031
5452.10223,38.85031
5453.77634,38.85031
5455.45925,38.85031
5457.16776,38.78523
5458.91695,38.85031
5460.59432,38.85031
5462.24132,38.85031
5463.94505,38.88031
5465.64728,38.78339
5467.34397,38.71814
5469.05748,38.84586
5470.77902,38.85031
5472.51337,38.85031
5474.20552,38.85031
5475.84494,38.85031
5477.5052,38.85031
5479.18379,38.85031
5480.87117,38.85031
5482.56256,38.92346
5484.19971,38.92346
5485.78338,38.92346
5487.46523,38.92346
5489.20458,38.92346
5490.75635,38.92346
5492.4382,38.85031
5494.13437,38.91524
5495.84887,38.85031
5497.56261,38.85031
5499.29945,38.99641
5501.01547,38.92346
5502.73951,38.94586
5504.42037,38.92346
5506.13714,38.98821
5507.8627,38.91524
5509.57545,38.85031
5511.29874,38.85031
5513.03808,38.99641
5514.7438,38.85031
5516.46382,38.85031
5518.18787,38.78339
5519.93123,38.92346
5521.64823,38.85031
5523.37151,38.85031
5525.10033,38.85031
5526.82187,38.85031
5528.54341,38.85031
5530.27851,38.85031
5532.06157,38.78523
5533.81425,38.85031
5535.5142,38.85031
5537.23324,38.85031
5538.9563,38.85031
5540.67382,38.85031
5542.39537,38.85031
5544.16562,38.78523
5545.92709,38.78523
5547.65666,38.85031
5549.39502,38.85031
5551.1183,38.80598
5552.81523,38.85031
5554.59275,38.78339
5556.36475,38.78339
5558.06493,38.85031
5559.78344,38.71814
5561.48764,38.84523
5563.2054,38.65275
5564.90005,38.78031
5566.65546,38.85031
5568.34382,38.85031
5569.9556,38.71629
5571.56336,38.78031
5573.20301,38.84586
5574.84819,38.85031
5576.51247,38.85031
5578.14083,38.92346
5579.83374,38.92346
5581.51786,38.85031
5583.19872,38.85031
5584.88034,38.92346
5586.55393,38.85031
5588.23229,38.94586
5589.96966,38.85031
5591.64552,38.92346
5593.31184,38.92346
5594.9877,38.92346
5596.64598,38.92346
5598.31305,38.85671
5599.95952,38.85671
5601.69212,38.99641
5603.36798,38.92346
5605.01899,38.85031
5606.71016,38.92985
5608.41337,38.78339
5610.06612,38.92346
5611.74349,38.99641
5613.3714,38.92346
5615.03044,38.85031
5616.71107,38.92346
5618.39572,38.85031
5620.07234,38.85031
5621.74494,38.85031
5623.41754,38.78339
5625.09492,38.78339
5626.77555,38.78339
5628.46095,38.78339
5630.1431,38.78339
5631.72154,38.78339
5633.31831,38.78339
5634.99091,38.78339
5636.66829,38.84586
5638.3321,38.78339
5640.01273,38.78339
5641.69738,38.85671
5643.35013,38.71629
5645.03001,38.84586
5646.70034,38.78339
5648.35711,38.78979
5650.00032,38.73144
5651.70179,38.84586
5653.345,38.85671
5655.0457,38.92985
5656.72808,38.85671
5658.42803,38.99641
5660.13048,38.99641
5661.81862,38.99641
5663.51001,38.99641
5665.26921,39.06487
5666.94855,39.06487
5668.67184,38.99641
5670.40793,39.06098
5672.12167,39.12928
5673.87056,39.06098
5675.574,39.12928
5677.31009,38.92346
5679.0389,38.92346
5680.75969,38.92346
5682.44934,38.92346
5684.13171,38.99641
5685.85477,38.92346
5687.5929,38.85031
5689.35187,38.85031
5691.10128,38.85031
5692.85472,38.85671
5694.57853,38.78339
5696.29757,38.92346
5698.01813,38.78339
5699.75626,38.79164
5701.54863,38.71814
5703.27472,38.77171
5705.01989,38.79164
5706.72037,38.78523
5708.4304,38.71814
5710.20269,38.566
5711.87756,38.566
5713.58509,38.566
5715.31572,38.566
5717.01044,38.50041
5718.7275,38.50041
5720.39109,38.50041
5722.10013,38.50041
5723.79008,38.50041
5725.51442,38.37141
5727.16694,38.22572
5728.92242,38.10883
5730.80797,38.0658
5732.51974,38.0658
5734.40377,38.0658
5736.06531,38.03359
5737.76026,38.03359
5739.59884,37.99345
5741.46553,37.96116
5743.25336,37.96116
5744.87119,37.96116
5746.61206,37.96116
5748.3833,37.96116
5750.04105,37.96116
5751.81934,37.88104
5753.50747,37.84889
5755.32015,37.84889
5757.02434,37.84889
5758.6846,37.84842
5760.47895,37.77579
5762.1839,37.80867
5764.01264,37.80867
5765.77736,37.76661
5767.56693,37.72449
5769.29674,37.73369
5770.94495,37.6488
5772.73702,37.80924
5774.44349,37.60922
5776.2298,37.80924
5777.93703,37.60922
5779.69925,37.68376
5781.50791,37.68376
5783.31559,37.68376
5785.07857,37.60116
5786.85988,37.60116
5788.54627,37.64171
5790.26683,37.51879
5792.05541,37.35624
5793.79756,37.33088
5795.54122,37.33188
5797.32404,37.28879
5799.10036,37.2386
5800.87189,37.15587
5802.60752,37.18326
5804.33512,37.15587
5806.12022,37.18326
5807.82873,37.10546
5809.57466,37.09825
5811.29923,37.14043
5813.05797,37.05601
5814.74966,37.101
5816.56362,37.01576
5818.37031,36.9687
5820.10117,37.02679
5821.89604,36.9687
5823.72129,36.98623
5825.50662,36.9687
5827.27687,36.94654
5829.06546,36.94654
5830.88192,36.94654
5832.68331,36.94654
5834.4975,36.90455
5836.30215,36.8643
5838.1427,36.8643
5839.91697,36.8643
5841.6473,36.8643
5843.39044,36.8643
5845.21493,36.8643
5846.99798,36.81752
5848.79862,36.87184
5850.53925,36.77533
5852.34617,36.79027
5854.08203,36.79027
5855.85379,36.79027
5857.63761,36.71069
5859.38225,36.7068
5861.1347,36.66739
5862.88965,36.71069
5864.63104,36.66739
5866.38122,36.6277
5868.18162,36.6277
5869.99255,36.6277
5871.7347,36.6277
5873.47359,36.6277
5875.24937,36.6277
5877.0322,36.6277
5878.80472,36.57745
5880.63952,36.59517
5882.43765,36.59517
5884.23328,36.55189
5886.03368,36.55189
5887.84113,36.55189
5889.62948,36.51227
5891.40504,36.51227
5893.2396,36.46405
5895.08546,36.46405
5896.85071,36.42206
5898.67096,36.44467
5900.47689,36.42206
5902.31244,36.49406
5904.14799,36.42206
5905.94287,36.49406
5907.73925,36.42206
5909.59715,36.44467
5911.43922,36.42206
5913.20546,36.44467
5915.09298,36.42206
5916.95566,36.53841
5918.78719,36.51323
5920.65313,36.51323
5922.45376,36.51323
5924.25037,36.51323
5926.04623,36.51323
5927.85792,36.47034
5929.71832,36.47034
5931.54381,36.47077
5933.36277,36.47034
5935.17772,36.47777
5937.011,36.47034
5938.83474,36.43104
5940.68006,36.43104
5942.45986,36.43104
5944.21102,36.43104
5946.05082,36.43104
5947.84668,36.43104
5949.66966,36.43104
5951.53006,36.39078
5953.34728,36.41598
5955.11829,36.41598
5956.87173,36.41598
5958.64902,36.45624
5960.45344,36.38899
5962.25384,36.36645
5964.00152,36.40678
5965.78033,36.36645
5967.57672,36.36645
5969.33644,36.40678
5971.17351,36.3154
5972.98595,36.3154
5974.76401,36.35579
5976.51168,36.3154
5978.31209,36.3154
5980.11878,36.35579
5981.90387,36.35579
5983.71382,36.40678
5985.52377,36.40678
5987.34175,36.4498
5989.22525,36.43199
5991.05778,36.51951
5992.91818,36.51951
5994.76979,36.51737
5996.73239,36.55657
5998.59302,36.50695
6000.48001,36.50374
6002.32383,36.42063
6004.17946,36.49358
6005.94092,36.42159
6007.77519,36.39414
6009.57279,36.27162
6011.36411,36.27162
6013.1808,36.19104
6015.00628,36.16415
6016.82146,36.11666
6018.6208,35.98911
6020.48719,36.06104
6022.23306,36.01116
6023.97415,36.01116
6025.66653,36.0513
6027.43701,36.0513
6029.23136,36.09185
6030.99305,36.03383
6032.80095,36.0513
6034.60484,36.0513
6036.38866,36.01162
6038.13156,35.97142
6039.92719,35.97142
6041.69093,35.92197
6043.45641,35.92197
6045.21787,35.87129
6046.92737,35.87129
6048.68482,35.87129
6050.46462,35.8211
6052.17487,35.85364
6053.82763,35.85364
6055.52182,35.76436
6057.27677,35.76436
6058.9652,35.81412
6060.72166,35.72128
6062.38472,35.72128
6064.06512,35.63174
6065.80628,35.51948
6067.51305,35.43192
6069.27732,35.42137
6071.04484,35.42137
6072.80259,35.42137
6074.52314,35.42137
6076.26127,35.42137
6077.96577,35.42137
6079.67731,35.42137
6081.41195,35.4709
6083.11394,35.42137
6084.81268,35.3709
6086.44839,35.42137
6088.13508,35.42137
6089.74442,35.42137
6091.3824,35.37121
6093.03167,35.42137
6094.72639,35.42137
6096.41482,35.42137
6098.04174,35.37177
6099.73343,35.37177
6101.38846,35.37177
6103.11379,35.32239
6104.83131,35.50132
6106.52399,35.37177
6108.21515,35.37177
6109.90155,35.37208
6111.55127,35.37177
6113.22986,35.37177
6114.90997,35.37177
6116.60916,35.37177
6118.30911,35.37177
6119.98997,35.37177
6121.65652,35.37177
6123.27511,35.42137
6124.90324,35.42137
6126.5585,35.42137
6128.1683,35.42137
6129.78288,35.42137
6131.41654,35.47177
6133.07558,35.47177
6134.70523,35.47177
6136.39314,35.47177
6138.01877,35.42137
6139.67001,35.47177
6141.32603,35.52122
6142.94765,35.47974
6144.59714,35.47177
6146.22929,35.47177
6147.98197,35.47177
6149.63548,35.47177
6151.38718,35.47177
6153.10697,35.47177
6154.77579,35.37177
6156.48529,35.37177
6158.19152,35.3709
6159.88496,35.27176
6161.56332,35.35384
6163.24017,35.32121
6165.01746,35.50062
6166.77491,35.27089
6168.52509,35.27015
6170.27853,35.31035
6171.99931,35.50062
6173.73767,35.32066
6175.4577,35.45043
6177.16644,35.32066
6178.89677,35.41069
6180.62081,35.32121
6182.35841,35.42122
6184.04352,35.27089
6185.84764,35.25617
6187.57343,35.30671
6189.313,35.35384
6191.14523,35.42137
6192.90162,35.46123
6194.68514,35.42137
6196.46539,35.46123
6198.20171,35.46123
6199.92773,35.46123
6201.71677,35.51069
6203.46741,35.47817
6205.22206,35.56165
6207.00231,35.52913
6208.77378,35.48618
6210.62411,35.52122
6212.35467,35.48618
6214.08372,35.52122
6215.8492,35.52913
6217.62521,35.43672
6219.41152,35.47177
6221.20814,35.47177
6222.9465,35.47177
6224.7263,35.47177
6226.45087,35.47177
6228.21461,35.42137
6229.92009,35.42137
6231.66072,35.42137
6233.41893,35.42137
6235.15706,35.41269
6236.90299,35.32183
6238.65142,35.45256
6240.37273,35.2818
6242.09882,35.21426
6243.80733,35.16358
6245.55879,35.16358
6247.27359,35.08123
6248.95725,35.06868
6250.63515,35.06868
6252.36101,35.01888
6254.02156,35.01888
6255.70598,35.01888
6257.4454,35.01888
6259.14489,35.01888
6260.85794,35.01888
6262.56872,35.01888
6264.25413,35.01888
6265.90211,35.01888
6267.60358,35.01888
6269.31209,34.9687
6271.06203,34.92896
6272.79464,34.95896
6274.53678,34.92896
6276.27567,34.90949
6277.96585,34.90949
6279.75095,34.90949
6281.50915,34.90949
6283.25683,34.86134
6284.90958,34.90949
6286.62537,34.85995
6288.33562,34.90949
6290.05542,34.90949
6291.76241,34.81172
6293.42623,34.82119
6295.12118,34.77151
6296.77772,34.77428
6298.45987,34.77428
6300.1508,34.72453
6301.77871,34.76463
6303.44176,34.67386
6305.12315,34.71646
6306.73045,34.71646
6308.44699,34.71646
6310.18111,34.71646
6311.85947,34.71646
6313.51071,34.66686
6315.20991,34.71646
6316.88925,34.61572
6318.52943,34.6166
6320.19121,34.56597
6321.90245,34.61338
6323.57603,34.61572
6325.20493,34.56597
6326.8873,34.61338
6328.55036,34.56597
6330.22698,34.56551
6331.9139,34.56551
6333.56817,34.51837
6335.22796,34.56551
6336.90534,34.56551
6338.62589,34.56551
6340.27539,34.56551
6341.95201,34.51837
6343.67658,34.42086
6345.366,34.41783
6347.05868,34.41783
6348.77749,34.41783
6350.49001,34.41783
6352.19701,34.37048
6353.91454,34.41556
6355.67774,34.37048
6357.40103,34.41556
6359.11401,34.37048
6360.8973,34.41556
6362.65899,34.37048
6364.42622,34.41556
6366.16155,34.42086
6367.89385,34.43597
6369.61085,34.42086
6371.32308,34.42086
6373.07046,34.51837
6374.81935,34.51837
6376.5396,34.51837
6378.27744,34.51837
6379.98565,34.51837
6381.68909,34.51837
6383.41563,34.51837
6385.09748,34.56631
6386.80895,34.56631
6388.5867,34.56631
6390.32704,34.56551
6392.08873,34.56551
6393.86876,34.56631
6395.65507,34.56631
6397.3801,34.56551
6399.17369,34.51837
6400.96554,34.51837
6402.75662,34.47117
6404.499,34.47117
6406.25493,34.47117
6407.9742,34.51837
6409.78112,34.47117
6411.52903,34.5671
6413.26564,34.5671
6415.01506,34.61417
6416.81471,34.56597
6418.53754,34.56631
6420.3043,34.56631
6422.05501,34.56631
6423.84238,34.51614
6425.58581,34.56631
6427.38825,34.51837
6429.14047,34.37048
6430.94466,34.36789
6432.65521,34.36596
6434.33788,34.36596
6436.06223,34.36596
6437.77702,34.36789
6439.475,34.36789
6441.28548,34.31822
6443.00277,34.31822
6444.78461,34.26817
6446.58729,34.26817
6448.33322,34.26817
6450.05203,34.17317
6451.84266,34.10538
6453.58155,34.05778
6455.33475,34.05778
6457.13667,34.05556
6458.98101,34.10595
6460.77187,34.15628
6462.5906,34.10797
6464.40229,34.10797
6466.22474,34.05728
6468.02538,34.15744
6469.83252,34.15744
6471.6452,34.15628
6473.40212,34.10711
6475.12389,34.1557
6476.93104,34.1557
6478.6694,34.20538
6480.40049,34.22059
6482.14059,34.27041
6483.88698,34.31792
6485.63739,34.32015
6487.33105,34.32015
6489.0654,34.32015
6490.79974,34.32015
6492.56197,34.32015
6494.31237,34.32015
6495.99649,34.32015
6497.73084,34.32015
6499.45087,34.32015
6501.1518,34.32015
6502.84948,34.37011
6504.51603,34.41778
6506.20242,34.37524
6507.9207,34.41778
6509.61588,34.37524
6511.31659,34.41778
6513.04442,34.37524
6514.7243,34.41778
6516.44258,34.37524
6518.14404,34.41778
6519.83422,34.42258
6521.56584,34.42258
6523.20102,34.42258
6524.89521,34.42258
6526.63334,34.42258
6528.322,34.46511
6530.04029,34.42258
6531.7194,34.46511
6533.43443,34.46511
6535.22377,34.46511
6536.96993,34.46511
6538.6483,34.46511
6540.33946,34.50758
6542.0738,34.51535
6543.81769,34.51535
6545.59272,34.55776
6547.32131,34.55776
6549.11868,34.55776
6550.90249,34.55776
6552.61373,34.55776
6554.33929,34.51535
6556.06182,34.60786
6557.67965,34.56539
6559.35423,34.65566
6561.04941,34.56597
6562.78375,34.56328
6564.48067,34.61338
6566.14222,34.61572
6567.82686,34.6169
6569.48288,34.56715
6571.13889,34.65927
6572.79013,34.56715
6574.46773,34.66478
6576.17746,34.66716
6577.89522,34.61749
6579.57608,34.66686
6581.29285,34.71735
6583.05757,34.76582
6584.8326,34.76479
6586.60459,34.76479
6588.3447,34.76479
6590.09435,34.71418
6591.8568,34.76687
6593.5816,34.81448
6595.34079,34.76118
6597.07665,34.76395
6598.82683,34.76395
6600.55216,34.76395
6602.31741,34.76395
6604.10501,34.71418
6605.83435,34.71646
6607.61793,34.71646
6609.43568,34.71646
6611.2032,34.71646
6613.00262,34.66628
6614.74704,34.71646
6616.58236,34.71646
6618.30443,34.6166
6620.11211,34.66716
6621.99236,34.66716
6623.81033,34.61749
6625.62278,34.6163
6627.42091,34.6163
6629.2351,34.71735
6631.00611,34.66686
6632.76857,34.71735
6634.57874,34.71735
6636.37611,34.71735
6638.1175,34.71735
6639.91336,34.76687
6641.59748,34.71418
6643.39334,34.76687
6645.16132,34.71418
6646.91499,34.76687
6648.66691,34.76479
6650.39247,34.76479
6652.14439,34.77428
6653.91464,34.77428
6655.5955,34.77428
6657.32734,34.77428
6659.10138,34.72368
6660.84755,34.76379
6662.67507,34.67386
6664.38759,34.66598
6666.07678,34.61572
6667.72052,34.6166
6669.45918,34.61749
6671.19231,34.66716
6672.84082,34.51645
6674.48706,34.56631
6676.15466,34.56631
6677.88529,34.61338
6679.59281,34.61572
6681.2923,34.61572
6682.98376,34.56597
6684.69909,34.61338
6686.39608,34.56597
6688.0677,34.56631
6689.85355,34.61338
6691.63463,34.51557
6693.3414,34.56551
6695.03059,34.60786
6696.78281,34.51557
6698.56162,34.51535
6700.3093,34.46511
6702.02334,34.41783
6703.64223,34.46814
6705.31861,34.46814
6706.99349,34.46814
6708.69548,34.41783
6710.34399,34.46036
6712.07863,34.51061
6713.7854,34.41783
6715.53535,34.51837
6717.2328,34.51837
6718.99002,34.56551
6720.72966,34.51837
6722.44446,34.56551
6724.12358,34.51917
6725.86823,34.47117
6727.5609,34.51837
6729.26237,34.56551
6730.93346,34.61417
6732.58068,34.6163
6734.307,34.56685
6736.06142,34.66118
6737.7669,34.6163
6739.49799,34.66686
6741.29134,34.66686
6743.03698,34.66686
6744.77307,34.66686
6746.58825,34.66686
6748.33941,34.71646
6750.12095,34.66686
6751.82742,34.66686
6753.58987,34.71735
6755.33573,34.7151
6757.07584,34.81497
6758.81594,34.76479
6760.54097,34.76479
6762.19896,34.81448
6763.86247,34.86134
6765.53076,34.91173
6767.2317,34.9615
6769.014,34.97093
6770.72524,34.97093
6772.47314,34.97093
6774.2012,34.97093
6775.89888,35.01061
6777.6714,35.0208
6779.45045,35.06042
6781.2182,35.06042
6782.97966,35.01061
6782.97966,38.08757
6786.73789,35.14779
6788.51269,35.0254
6790.2596,35.06042
6792.01205,35.06042
6793.77177,35.06042
6795.55384,35.06042
6797.29296,35.06042
6799.04564,35.06042
6800.87089,35.06042
6802.65069,35.06042
6804.437,35.06042
6806.23839,35.06042
6808.03251,35.06042
6809.81003,35.10824
6811.63377,35.10824
6813.4344,35.10824
6815.27094,35.10824
6817.06127,35.10824
6818.8722,35.156
6820.63844,35.126
6822.42074,35.156
6824.18546,35.126
6825.89996,35.156
6827.62878,35.2159
6829.4166,35.2159
6831.15974,35.2159
6832.95234,35.2159
6834.69547,35.2159
6836.43459,35.2159
6838.17446,35.2159
6839.93669,35.2159
6841.67656,35.2159
6843.42196,35.2159
6845.11063,35.2159
6846.87914,35.11617
6848.61727,35.20839
6850.35214,35.16577
6852.10057,35.16577
6853.8362,35.11617
6855.59191,35.0582
6857.29716,35.0582
6859.05188,35.01857
6860.78425,34.9687
6862.5086,34.92067
6864.24021,34.96065
6865.97334,34.92067
6867.68412,35.01088
6869.3821,34.97093
6871.12,34.93119
6872.88025,34.86049
6874.64527,34.96065
6876.38795,34.92067
6878.11857,34.96065
6879.9042,34.96042
6881.63006,34.96042
6883.36947,34.96042
6885.10487,34.87035
6886.83474,34.86049
6888.61083,34.86049
6890.43259,34.86049
6892.21117,34.82034
6894.0146,34.82034
6895.755,34.86049
6897.5273,34.82034
6899.32444,34.86049
6901.14318,34.86049
6902.97472,34.86049
6904.7608,34.91088
6906.55817,34.86049
6908.32767,34.91088
6910.09792,34.91088
6911.83227,34.96065
6913.63441,34.92067
6915.39262,34.91088
6917.18295,35.0605
6918.84874,35.01061
6920.55998,35.06042
6922.35962,35.01061
6924.10351,35.01061
6925.86574,35.01061
6927.54811,35.00838
6929.28473,35.10824
6931.03968,35.00838
6932.7891,35.00838
6934.592,34.96042
6936.39415,34.96042
6938.16667,34.96042
6939.93692,34.92067
6941.71271,34.96065
6943.52841,34.92067
6945.33207,34.96065
6947.08073,34.92067
6948.88917,34.96065
6950.68806,34.92067
6952.46209,34.96065
6954.19242,34.92067
6955.95616,34.91033
6957.73119,34.91033
6959.47583,34.91033
6961.27146,34.91033
6963.02891,34.91033
6964.88932,34.91033
6966.61964,34.87025
6968.39543,34.87025
6970.17348,34.91033
6971.9907,34.86049
6973.78557,34.91033
6975.55886,34.86049
6977.30653,34.91033
6979.07178,34.86049
6980.85211,34.91033
6982.59827,34.86049
6984.37155,34.87025
6986.13127,34.86049
6987.87266,34.91033
6989.65799,34.86049
6991.42499,34.91033
6993.19925,34.91033
6994.97026,34.86049
6996.77817,34.81087
6998.56623,34.77067
7000.34724,34.86049
7002.12651,34.86049
7003.94419,34.86049
7005.67672,34.86049
7007.4316,34.86049
7009.23444,34.82034
7010.96924,34.87025
7012.71207,34.83011
7014.43733,34.77067
7016.11865,34.82034
7017.89641,34.77067
7019.63348,34.77067
7021.39594,34.82034
7023.11869,34.82034
7024.80706,34.82034
7026.46353,34.82034
7028.12728,34.86134
7029.82193,34.91088
7031.5565,34.86134
7033.30213,34.86134
7035.0377,34.86134
7036.77629,34.96065
7038.54351,34.87035
7040.32429,34.91033
7042.07319,34.91033
7043.85071,34.91033
7045.53658,34.95037
7047.24304,34.96011
7048.99496,34.91015
7050.71878,34.83011
7052.41949,34.83011
7054.08732,34.82034
7055.79204,34.78015
7057.49752,34.78015
7059.23338,34.78015
7060.96674,34.78015
7062.73123,34.73041
7064.5158,34.7629
7066.22681,34.73041
7068.00487,34.71557
7069.76785,34.71557
7071.54264,34.7629
7073.27752,34.73011
7074.99784,34.71279
7076.70612,34.71279
7078.3785,34.71279
7080.03882,34.7629
7081.67302,34.6803
7083.31425,34.71279
7084.88443,34.71279
7086.47218,34.71557
7088.13676,34.61514
7089.75011,34.66539
7091.2987,34.61514
7092.93115,34.61514
7094.56686,34.66539
7096.19954,34.61514
7097.82744,34.61514
7099.47421,34.61514
7101.07325,34.5676
7102.62661,34.55776
7104.22967,34.55776
7105.83197,34.51535
7107.45162,34.47288
7109.05846,34.47288
7110.68613,34.42561
7112.26033,34.37524
7113.92065,34.41778
7115.49712,34.41783
7117.01457,34.37524
7118.61088,34.31822
7120.21523,34.31822
7121.87154,34.27041
7123.47989,34.26847
7125.11136,34.41644
7126.70691,34.32086
7128.35193,34.41644
7130.05544,34.41866
7131.78933,34.27815
7133.5064,34.22029
7135.20513,34.36819
7136.87349,34.32015
7138.50594,34.22029
7140.16702,34.27041
7141.82584,34.32015
7143.57881,34.31792
7145.25596,34.31792
7146.92909,34.31792
7148.68608,34.36789
7150.42875,34.31822
7152.21135,34.26817
7153.92842,34.31822
7155.70548,34.22029
7157.41877,34.22029
7159.13356,34.22029
7160.87245,34.22029
7162.66005,34.22029
7164.46045,34.22029
7166.25207,34.27011
7168.05573,34.22029
7169.76522,34.27041
7171.5857,34.27041
7173.37755,34.22029
7175.19325,34.17317
7176.9954,34.25336
7178.83671,34.22335
7180.66772,34.22335
7182.47964,34.22335
7184.28929,34.22335
7186.03742,34.27041
7187.88525,34.27041
7189.71952,34.31822
7191.52114,34.31822
7193.32503,34.36596
7195.18414,34.31822
7196.99379,34.31822
7198.86495,34.31822
7200.75846,34.41556
7202.58243,34.41783
7204.48549,34.37524
7206.3446,34.41778
7208.21804,34.37524
7210.12162,34.32015
7212.00285,34.32015
7213.89288,34.32015
7215.77964,34.32015
7217.64254,34.36789
7219.46227,34.36789
7221.33623,34.32015
7223.19587,34.41778
7225.03143,34.41783
7226.9044,34.46814
7228.7751,34.41783
7230.62096,34.46814
7232.47886,34.41783
7234.36865,34.41783
7236.26246,34.41783
7238.13544,34.41783
7240.02046,34.41783
7241.92707,34.37524
7243.793,34.37011
7245.66598,34.27011
7247.54873,34.27011
7249.44178,34.27011
7251.26854,34.27011
7253.20781,34.22
7255.07851,34.17011
7256.93012,34.2026
7258.83045,34.17011
7260.68532,34.2026
7262.5864,34.17011
7264.48673,34.10538
7266.34236,34.10538
7268.18291,34.10538
7270.01869,34.10538
7271.84417,34.05556
7273.73268,34.10538
7275.59809,34.10538
7277.41554,34.10538
7279.2498,34.10595
7281.04415,34.10595
7282.90728,34.10711
7284.76261,34.10595
7286.56196,34.1557
7288.40274,34.1557
7290.25307,34.1557
7292.08809,34.1557
7293.96153,34.10817
7295.78625,34.05778
7297.5934,34.00788
7299.44198,34.07538
7301.24186,34.00788
7303.06885,34.07538
7304.90691,34.00788
7306.65633,34.02513
7308.48635,34.02513
7310.25963,33.97538
7312.04572,33.97538
7313.82779,33.97595
7315.61539,33.97595
7317.45268,33.97595
7319.29801,34.0257
7321.1225,33.97817
7322.88321,33.97595
7324.67983,33.97595
7326.50531,33.97595
7328.31798,33.97595
7330.19293,33.97595
7332.04879,33.92555
7333.87904,33.87788
7335.64225,33.87788
7337.45417,33.82077
7339.26511,33.76029
7341.07854,33.76029
7342.92137,33.76029
7344.75616,33.76029
7346.53823,33.76029
7348.29243,33.76029
7350.08177,33.8104
7351.79377,33.76058
7353.58159,33.71345
7353.58159,37.21079
7357.04976,33.64548
7358.79388,33.76391
7360.56133,33.66625
7362.29538,33.66625
7364.03972,33.66625
7365.85513,33.71345
7367.56759,33.71345
7369.25292,33.71345
7370.98924,33.66625
7372.75018,33.66625
7374.47771,33.76391
7376.23137,33.76391
7378.11912,33.71679
7379.919,33.76391
7381.7269,33.76391
7383.59958,33.76391
7385.50241,33.76391
7387.41076,33.71345
7389.28647,33.71345
7391.14361,33.6632
7392.995,33.61288
7394.7929,33.66546
7396.65057,33.6632
7398.47157,33.61372
7400.20872,33.56608
7401.98404,33.56608
7403.75785,33.56608
7405.57537,33.56608
7407.43857,33.50828
7409.27541,33.50828
7411.03316,33.45854
7412.86272,33.50104
7414.67396,33.45854
7416.5211,33.45063
7418.33483,33.45063
7420.16439,33.45063
7421.93896,33.40103
7423.7414,33.40103
7425.54158,33.40103
7427.33698,33.40103
7429.14821,33.40103
7430.96346,33.40103
7432.78749,33.40103
7434.62835,33.40103
7436.46193,33.35136
7438.22596,33.25565
7440.02613,33.20513
7441.85896,33.1576
7443.69428,33.2079
7445.51354,33.1507
7447.26349,33.26602
7449.04859,33.31341
7450.91027,33.35415
7452.70515,33.35415
7454.46813,33.35252
7456.26853,33.20831
7458.04105,33.30803
7459.85979,33.411
7461.64837,33.40191
7463.46658,33.50104
7465.27827,33.50664
7467.02769,33.56444
7468.81325,33.50664
7470.66032,33.56608
7472.40444,33.50828
7474.15962,33.55795
7476.03759,33.55795
7477.89474,33.55795
7479.69287,33.50828
7481.48145,33.45825
7483.32428,33.50793
7485.03226,33.45039
7486.76736,33.46032
7488.56148,33.51071
7490.3659,33.50828
7492.08721,33.50828
7493.87784,33.50828
7495.70915,33.40028
7497.44152,33.45063
7499.2329,33.45063
7500.99315,33.45063
7502.7878,33.45063
7504.5488,33.40103
7506.2867,33.40103
7508.05673,33.40103
7509.83077,33.40103
7511.62087,33.40103
7513.37733,33.40103
7515.16319,33.40103
7516.94828,33.30354
7518.71528,33.35327
7520.48129,33.30354
7522.29525,33.29572
7524.11398,33.2459
7525.94779,33.25537
7527.78736,33.25537
7529.6061,33.25537
7531.42082,33.30277
7533.18682,33.29572
7534.98723,33.24783
7536.76127,33.30277
7538.56894,33.29572
7540.39669,33.19794
7542.1574,33.25537
7543.91334,33.25537
7545.66601,33.2079
7547.46112,33.2079
7549.28258,33.2079
7551.04329,33.2079
7552.86074,33.2079
7554.54486,33.2079
7556.3239,33.2079
7558.08309,33.2079
7559.81267,33.25537
7561.52216,33.25537
7563.2412,33.25537
7564.92987,33.25537
7566.65542,33.25537
7568.39681,33.30277
7570.21479,33.19794
7572.01118,33.19824
7573.81885,33.25537
7575.56752,33.10031
7577.33602,33.2079
7579.09022,33.1507
7580.77812,33.19824
7582.53709,33.1507
7584.27272,33.19824
7586.02592,33.19824
7587.73193,33.19824
7589.41786,33.1507
7591.13016,33.1507
7592.88564,33.24572
7594.59415,33.19824
7596.30819,33.25637
7598.01442,33.36073
7599.76286,33.24783
7601.52334,33.30277
7603.27654,33.24783
7605.02975,33.36073
7606.76863,33.29572
7608.52987,33.29572
7610.33027,33.34635
7612.12287,33.34635
7613.94009,33.40294
7615.70709,33.30354
7617.45802,33.35327
7619.22805,33.34635
7620.95739,33.40294
7622.69954,33.40294
7624.47206,33.40294
7626.21898,33.40294
7627.96666,33.40294
7629.74873,33.46032
7631.48133,33.46032
7633.21067,33.50793
7634.98395,33.50828
7636.68943,33.50828
7638.46499,33.50828
7640.19834,33.50828
7641.92519,33.51642
7643.6337,33.61241
7645.32638,33.61241
7647.08057,33.66193
7648.83877,33.61678
7650.57918,33.71256
7652.30276,33.66852
7653.94423,33.81429
7655.69993,33.86348
7657.45087,33.86314
7659.19127,33.96464
7660.96932,34.11036
7662.69465,34.16024
7664.45187,34.36296
7666.21387,34.42722
7667.96556,34.57196
7669.77801,34.77005
7671.53773,34.88274
7673.3557,35.019
7675.1674,35.17682
7676.9625,35.37689
7678.72396,35.69973
7680.52035,35.85692
7682.32174,36.28445
7684.11434,36.54402
7686.00035,36.73972
7687.83211,36.8769
7689.631,37.07229
7691.45875,37.22964
7693.26969,37.42093
7695.05047,37.47923
7696.88072,37.60399
7698.71651,37.88053
7700.41093,37.88444
7702.20929,37.96323
7703.85046,38.03724
7705.58427,38.15759
7707.3412,38.27565
7709.20508,38.34039
7710.87989,38.57791
7712.4575,38.65691
7714.23223,38.77171
7715.99968,38.92985
7717.87963,38.92985
7719.6511,39.06487
7721.42333,39.06487
7723.18199,39.19352
7724.95899,39.1974
7726.72644,39.32742
7728.52178,39.34129
7730.29324,39.34129
7732.07502,39.40718
7733.85277,39.40589
7735.62651,39.53589
7737.34124,39.53589
7739.09589,39.53589
7740.841,39.6013
7742.55171,39.53589
7744.28,39.6013
7746.02912,39.6013
7747.77422,39.53589
7749.57031,39.6013
7751.31769,39.53589
7753.0706,39.6013
7754.8004,39.6013
7756.55732,39.66975
7758.29992,39.73418
7760.02973,39.76722
7761.82657,39.90179
7763.64175,39.90179
7765.40746,39.96588
7767.22968,40.0298
7769.00395,40.0298
7770.75488,40.0298
7772.4212,40.0298
7774.0157,40.16234
7775.63156,39.96588
7777.2753,40.29236
7778.88138,40.09422
7780.46914,40.0298
7781.91326,40.28916
7783.31094,39.96588
7784.80354,40.35676
7786.20297,39.96067
7787.50724,40.2232
7788.66766,39.89658
7789.88307,40.28916
7791.17204,39.83165
7792.50018,40.15913
7793.92627,39.76656
7795.41341,40.02592
7796.96736,40.02592
7798.60094,40.03047
7800.35731,40.09693
7802.26808,39.76544
7804.22953,40.22846
7806.12492,39.96588
7807.96933,40.29236
7809.64852,40.0298
7811.25036,40.35676
7812.77864,40.03047
7814.16177,40.35676
7815.43969,39.96588
7816.63874,40.35676
7817.82196,40.09422
7818.97177,40.12922
7819.99803,40.16234
7820.93111,40.22846
7821.78684,40.29097
7822.55895,40.29304
7823.25143,40.29304
7823.80756,40.29304
7824.24665,40.29442
7824.58709,40.22846
7825.07921,40.29304
7825.61601,40.15846
7826.16638,40.29236
7826.76773,40.35815
7827.44241,40.42446
7828.26072,40.42238
7829.08707,40.29236
7829.94629,40.35676
7830.8349,40.48643
7831.7323,40.85141
7832.85121,40.85141
7833.91035,40.91597
7834.97274,40.98177
7836.03817,40.98102
7837.10912,40.98246
7838.23757,41.11248
7839.39716,41.11248
7840.56879,41.17649
7841.74997,41.17649
7842.92713,41.24353
7844.18414,41.31036
7845.45547,41.44073
7846.75392,41.50326
7848.11214,41.50326
7849.55747,41.50326
7850.93251,41.6354
7852.29951,41.6354
7853.74864,41.6354
7855.18822,41.6354
7856.56477,41.70106
7858.05783,41.76828
7859.5318,41.76828
7861.02009,41.83357
7862.52595,41.83357
7864.08606,41.8918
7865.6198,41.89603
7867.17839,41.96443
7868.75456,42.09658
7870.34428,42.09658
7871.89985,42.09658
7873.53677,42.09329
7875.21687,42.09658
7876.84675,42.02858
7878.44951,42.09658
7880.08015,42.09329
7881.68518,42.02858
7883.32938,42.02858
7885.06372,41.96038
7886.68807,42.02858
7888.29234,42.22541
7889.9501,42.09658
7891.58551,42.09658
7893.2616,42.09658
7894.91458,42.1611
7896.54673,42.1611
7898.18843,42.22541
7899.75051,42.1611
7901.36054,42.22541
7902.98489,42.22541
7904.67454,42.21607
7906.31222,42.15781
7907.88838,42.09329
7909.48061,42.09658
7911.08814,42.1611
7912.65401,42.1611
7914.20282,42.1611
7915.83172,42.15172
7917.36819,42.09329
7918.90792,42.02934
7920.38288,42.09329
7922.07957,42.09329
7923.59521,42.09329
7925.17388,42.02934
7926.65588,41.96443
7928.18409,42.02858
7929.77935,42.02858
7931.35703,42.02858
7933.00175,41.96443
7934.59852,42.02858
7936.20961,42.02319
7937.79509,42.02319
7939.36853,42.08717
7940.9731,42.15501
7942.53472,42.21935
7944.12823,42.15501
7945.76243,42.15501
7947.41018,42.21935
7949.07551,42.15501
7950.63637,42.3437
7952.3017,42.3424
7953.97354,42.40638
7955.52259,42.37862
7957.153,42.50679
7958.9406,42.50679
7960.68501,42.50679
7962.39201,42.50679
7964.04151,42.50679
7965.77236,42.50679
7967.34679,42.50679
7969.0106,42.50679
7970.63851,42.50679
7972.27846,42.50679
7973.91515,42.56422
7975.51192,42.50848
7977.26437,42.50679
7978.89076,42.57244
7980.41746,42.50848
7982.01522,42.44094
7983.66419,42.44094
7985.393,42.38319
7987.14166,42.44094
7988.88555,42.44094
7990.55058,42.38319
7992.19577,42.32529
7993.8505,42.29281
7995.50197,42.36
7997.17252,42.35529
7998.90937,42.35529
8000.62561,42.35529
8002.35314,42.29039
8004.08446,42.22541
8005.83009,42.15781
8007.51095,42.21607
8009.19659,42.15172
8010.89101,42.15172
8012.61255,42.15172
8014.35644,42.15172
8016.1626,42.08717
8017.9321,42.08717
8019.7247,42.02243
8021.43018,41.89934
8023.18187,41.89934
8024.90569,41.71329
8026.59283,41.62819
8028.24658,41.62819
8029.86039,41.5638
8031.46618,41.50476
8033.05515,41.44076
8034.68003,41.44076
8036.32498,41.25497
8037.93804,41.24394
8039.5855,41.1132
8041.23772,40.98139
8042.89071,40.98139
8044.54771,40.85064
8046.2238,40.85211
8047.85671,40.71892
8049.49439,40.58713
8051.10169,40.52308
8052.79838,40.3246
8054.40015,40.09626
8056.05064,40.02913
8057.65165,40.16051
8059.28857,39.70197
8060.93906,39.86454
8062.57598,39.76656
8064.23927,39.70197
8065.9146,39.73418
8067.59395,39.6354
8069.2861,39.5404
8070.93931,39.47548
8072.59252,39.34012
8074.2593,39.27534
8075.98433,39.14661
8077.7189,39.05686
8079.37764,39.05686
8081.05548,38.99027
8082.71725,38.86187
8084.35114,38.66174
8085.95943,38.61522
8087.57575,38.54181
8089.2001,38.54181
8090.99119,38.50038
8092.73985,38.43046
8094.43351,38.38931
8094.43351,38.3104
8097.88084,38.34554
8099.5858,38.38452
8101.29226,38.35122
8102.96737,38.35122
8104.7261,38.34554
8106.45166,38.30585
8108.05919,38.34554
8109.78399,38.27089
8111.39304,38.07305
8113.06109,38.11678
8114.6159,38.07305
8116.42509,38.00444
8116.42509,37.96339
8119.48773,37.91963
8121.19344,37.91979
8122.67393,37.83597
8124.35479,37.81579
8126.06929,37.77464
8126.06929,37.73202
8129.32829,37.74265
8130.81302,37.78527
8132.34018,37.81579
8133.85681,37.81579
8135.28654,37.81891
8136.78408,37.82231
8138.22714,37.7371
8139.60392,37.82579
8140.99828,37.77539
8142.53149,37.77539
8143.85805,37.85877
8143.85805,37.93838
8146.10593,37.96339
8147.36673,37.95857
8148.5798,37.92085
8149.80795,37.79573
8150.93087,37.85441
8152.17659,37.81579
8153.46526,37.85441
8154.68841,37.85441
8155.81814,37.73061
8156.8419,37.78356
8157.89906,37.77323
8159.0135,37.73335
8160.11338,37.74369
8161.16706,37.66047
8162.21043,37.68603
8163.23472,37.64552
8164.20226,37.60571
8165.12587,37.60571
8166.06,37.60572
8167.00141,37.48594
8167.93479,37.207
8168.75567,37.22252
8169.40732,37.14284
8170.19706,37.11664
8170.97098,37.07799
8171.7105,37.07799
8172.4307,36.9592
8173.06606,36.84304
8173.70793,36.66044
8174.30434,36.55203
8174.90152,36.52578
8175.48187,36.48022
8176.08708,36.35382
8176.63024,36.33848
8177.23643,36.28732
8177.74369,36.16511
8178.1583,36.09175
8178.60805,35.9613
8179.06985,35.88351
8179.54347,35.84424
8179.87096,35.7749
8180.08019,35.73524
8180.38358,35.64403
8180.69879,35.3955
8180.95423,35.33087
8181.09869,35.42371
8181.24618,35.1458
8181.37708,35.03728
8181.61169,34.84164
8181.68031,34.79043
8181.8225,34.79043
8181.99734,34.68851
8182.14202,34.721
8182.30277,34.61969
